#
# There is insufficient memory for the Java Runtime Environment to continue.
# Native memory allocation (mmap) failed to map 65536 bytes. Error detail: committing reserved memory.
# Possible reasons:
#   The system is out of physical RAM or swap space
#   This process is running with CompressedOops enabled, and the Java Heap may be blocking the growth of the native heap
# Possible solutions:
#   Reduce memory load on the system
#   Increase physical memory or swap space
#   Check if swap backing store is full
#   Decrease Java heap size (-Xmx/-Xms)
#   Decrease number of Java threads
#   Decrease Java thread stack sizes (-Xss)
#   Set larger code cache with -XX:ReservedCodeCacheSize=
#   JVM is running with Unscaled Compressed Oops mode in which the Java heap is
#     placed in the first 4GB address space. The Java Heap base address is the
#     maximum limit for the native heap growth. Please use -XX:HeapBaseMinAddress
#     to set the Java Heap base and to place the Java Heap above 4GB virtual address.
# This output file may be truncated or incomplete.
#
#  Out of Memory Error (os_linux.cpp:2829), pid=2445, tid=2604
#
# JRE version: OpenJDK Runtime Environment Temurin-21.0.7+6 (21.0.7+6) (build 21.0.7+6-LTS)
# Java VM: OpenJDK 64-Bit Server VM Temurin-21.0.7+6 (21.0.7+6-LTS, mixed mode, sharing, tiered, compressed oops, compressed class ptrs, g1 gc, linux-amd64)
# No core dump will be written. Core dumps have been disabled. To enable core dumping, try "ulimit -c unlimited" before starting Java again
#

---------------  S U M M A R Y ------------

Command Line: --add-opens=java.base/java.lang=ALL-UNNAMED --add-opens=java.base/java.lang.invoke=ALL-UNNAMED --add-opens=java.base/java.util=ALL-UNNAMED --add-opens=java.prefs/java.util.prefs=ALL-UNNAMED --add-exports=jdk.compiler/com.sun.tools.javac.api=ALL-UNNAMED --add-exports=jdk.compiler/com.sun.tools.javac.util=ALL-UNNAMED --add-opens=java.base/java.util=ALL-UNNAMED --add-opens=java.prefs/java.util.prefs=ALL-UNNAMED --add-opens=java.base/java.nio.charset=ALL-UNNAMED --add-opens=java.base/java.net=ALL-UNNAMED --add-opens=java.base/java.util.concurrent=ALL-UNNAMED --add-opens=java.base/java.util.concurrent.atomic=ALL-UNNAMED --add-opens=java.xml/javax.xml.namespace=ALL-UNNAMED --add-opens=java.base/java.time=ALL-UNNAMED -Xmx2048m -Dfile.encoding=UTF-8 -Duser.country -Duser.language=en -Duser.variant -javaagent:/root/.gradle/wrapper/dists/gradle-9.3.1-bin/23ovyewtku6u96viwx3xl3oks/gradle-9.3.1/lib/agents/gradle-instrumentation-agent-9.3.1.jar org.gradle.launcher.daemon.bootstrap.GradleDaemon 9.3.1

Host: Intel(R) Xeon(R) Processor @ 2.50GHz, 2 cores, 2G, Debian GNU/Linux 12 (bookworm)
Time: Sun Sep 20 13:36:20 2026 UTC elapsed time: 171.439764 seconds (0d 0h 2m 51s)

---------------  T H R E A D  ---------------

Current thread (0x00007ffb401e0990):  JavaThread "WorkerExecutor Queue"        [_thread_in_vm, id=2604, stack(0x00007ffb4e6f8000,0x00007ffb4e7f8000) (1024K)]

Stack: [0x00007ffb4e6f8000,0x00007ffb4e7f8000],  sp=0x00007ffb4e7f33f0,  free space=1004k
Native frames: (J=compiled Java code, j=interpreted, Vv=VM code, C=native code)
V  [libjvm.so+0x1004a18]  VMError::report_and_die(int, char const*, char const*, __va_list_tag*, Thread*, unsigned char*, void*, void*, char const*, int, unsigned long)+0x2b8  (os_linux.cpp:2829)
V  [libjvm.so+0x100547d]
V  [libjvm.so+0x6bb8bf]
V  [libjvm.so+0xd00f91]  os::pd_commit_memory(char*, unsigned long, bool)+0xc1
V  [libjvm.so+0xcfa81f]  os::commit_memory(char*, unsigned long, bool)+0x1f
V  [libjvm.so+0xffb0ee]  metaspace::VirtualSpaceNode::commit_range(MetaWordImpl**, unsigned long)+0x13e
V  [libjvm.so+0xc71f01]  metaspace::Metachunk::ensure_committed_locked(unsigned long)+0xb1
V  [libjvm.so+0x5c7601]  metaspace::ChunkManager::get_chunk_locked(signed char, signed char, unsigned long)+0x1c1
V  [libjvm.so+0x5c77c7]  metaspace::ChunkManager::get_chunk(signed char, signed char, unsigned long)+0x47
V  [libjvm.so+0xc751e2]  metaspace::MetaspaceArena::allocate_inner(unsigned long)+0xc2
V  [libjvm.so+0xc7549b]  metaspace::MetaspaceArena::allocate(unsigned long)+0xcb
V  [libjvm.so+0xc745ea]  Metaspace::allocate(ClassLoaderData*, unsigned long, MetaspaceObj::Type, JavaThread*)+0x4a
V  [libjvm.so+0x69906b]  ConstantPool::allocate(ClassLoaderData*, int, JavaThread*)+0x7b
V  [libjvm.so+0x61889f]  ClassFileParser::parse_stream(ClassFileStream const*, JavaThread*) [clone .part.0]+0x12f
V  [libjvm.so+0x61929e]  ClassFileParser::ClassFileParser(ClassFileStream*, Symbol*, ClassLoaderData*, ClassLoadInfo const*, ClassFileParser::Publicity, JavaThread*)+0x25e
V  [libjvm.so+0xb4e8be]  KlassFactory::create_from_stream(ClassFileStream*, Symbol*, ClassLoaderData*, ClassLoadInfo const&, JavaThread*)+0x22e
V  [libjvm.so+0xf340a0]  SystemDictionary::resolve_class_from_stream(ClassFileStream*, Symbol*, Handle, ClassLoadInfo const&, JavaThread*)+0x170
V  [libjvm.so+0x9f614e]  jvm_define_class_common(char const*, _jobject*, signed char const*, int, _jobject*, char const*, JavaThread*)+0x21e
V  [libjvm.so+0x9f63e9]  JVM_DefineClassWithSource+0x69
C  [libjava.so+0xeb72]  Java_java_lang_ClassLoader_defineClass1+0x182
J 714  java.lang.ClassLoader.defineClass1(Ljava/lang/ClassLoader;Ljava/lang/String;[BIILjava/security/ProtectionDomain;Ljava/lang/String;)Ljava/lang/Class; java.base@21.0.7 (0 bytes) @ 0x00007ffbbc388700 [0x00007ffbbc3885c0+0x0000000000000140]
J 9136 c2 java.security.SecureClassLoader.defineClass(Ljava/lang/String;[BIILjava/security/CodeSource;)Ljava/lang/Class; java.base@21.0.7 (16 bytes) @ 0x00007ffbbc6753a8 [0x00007ffbbc674da0+0x0000000000000608]
J 9505 c2 java.security.AccessController.doPrivileged(Ljava/security/PrivilegedExceptionAction;Ljava/security/AccessControlContext;)Ljava/lang/Object; java.base@21.0.7 (26 bytes) @ 0x00007ffbbc6a8984 [0x00007ffbbc6a6c80+0x0000000000001d04]
J 4401 c2 java.net.URLClassLoader.findClass(Ljava/lang/String;)Ljava/lang/Class; java.base@21.0.7 (47 bytes) @ 0x00007ffbbc51d37c [0x00007ffbbc51d2e0+0x000000000000009c]
J 22831 c1 org.gradle.internal.classloader.VisitableURLClassLoader$InstrumentingVisitableURLClassLoader.findClass(Ljava/lang/String;)Ljava/lang/Class; (36 bytes) @ 0x00007ffbb4bc52cc [0x00007ffbb4bc5200+0x00000000000000cc]
J 20702 c1 java.lang.ClassLoader.loadClass(Ljava/lang/String;Z)Ljava/lang/Class; java.base@21.0.7 (121 bytes) @ 0x00007ffbb498ab94 [0x00007ffbb498a5e0+0x00000000000005b4]
J 2212 c2 java.lang.ClassLoader.loadClass(Ljava/lang/String;)Ljava/lang/Class; java.base@21.0.7 (7 bytes) @ 0x00007ffbbc4231ec [0x00007ffbbc4231a0+0x000000000000004c]
v  ~StubRoutines::call_stub 0x00007ffbbbdc3cc6
V  [libjvm.so+0x911545]  JavaCalls::call_helper(JavaValue*, methodHandle const&, JavaCallArguments*, JavaThread*)+0x2e5
V  [libjvm.so+0x9130f2]  JavaCalls::call_virtual(JavaValue*, Handle, Klass*, Symbol*, Symbol*, Handle, JavaThread*)+0x1e2
V  [libjvm.so+0xf35f22]  SystemDictionary::load_instance_class_impl(Symbol*, Handle, JavaThread*)+0x182
V  [libjvm.so+0xf3444c]  SystemDictionary::load_instance_class(Symbol*, Handle, JavaThread*)+0x1c
V  [libjvm.so+0xf34fd0]  SystemDictionary::resolve_instance_class_or_null(Symbol*, Handle, Handle, JavaThread*)+0xa00
V  [libjvm.so+0xf3638e]  SystemDictionary::resolve_or_fail(Symbol*, Handle, Handle, bool, JavaThread*)+0x5e
V  [libjvm.so+0x69d6e7]  ConstantPool::klass_at_impl(constantPoolHandle const&, int, JavaThread*)+0x157
V  [libjvm.so+0x90654c]  InterpreterRuntime::_new(JavaThread*, ConstantPool*, int)+0x6c
j  org.jetbrains.kotlin.compilerRunner.ReportUtilsKt.runToolInSeparateProcess([Ljava/lang/String;Ljava/lang/String;Ljava/lang/Iterable;Lorg/jetbrains/kotlin/buildtools/api/KotlinLogger;Ljava/io/File;Ljava/util/List;)Lorg/jetbrains/kotlin/cli/common/ExitCode;+389
j  org.jetbrains.kotlin.compilerRunner.ReportUtilsKt.runToolInSeparateProcess$default([Ljava/lang/String;Ljava/lang/String;Ljava/lang/Iterable;Lorg/jetbrains/kotlin/buildtools/api/KotlinLogger;Ljava/io/File;Ljava/util/List;ILjava/lang/Object;)Lorg/jetbrains/kotlin/cli/common/ExitCode;+21
j  org.jetbrains.kotlin.compilerRunner.GradleKotlinCompilerWork.compileOutOfProcess()Lorg/jetbrains/kotlin/cli/common/ExitCode;+103
j  org.jetbrains.kotlin.compilerRunner.GradleKotlinCompilerWork.compileWithDaemonOrFallbackImpl(Lorg/jetbrains/kotlin/cli/common/messages/MessageCollector;Lorg/jetbrains/kotlin/compilerRunner/KotlinCompilerArgumentsLogLevel;)Lkotlin/Pair;+515
j  org.jetbrains.kotlin.compilerRunner.GradleKotlinCompilerWork.run()V+88
j  org.jetbrains.kotlin.compilerRunner.GradleCompilerRunnerWithWorkers$GradleKotlinCompilerWorkAction.execute()V+118
j  org.gradle.workers.internal.DefaultWorkerServer.execute(Lorg/gradle/workers/internal/SimpleActionExecutionSpec;)Lorg/gradle/workers/internal/DefaultWorkResult;+123
j  org.gradle.workers.internal.NoIsolationWorkerFactory$1$1.create()Lorg/gradle/workers/internal/DefaultWorkResult;+29
j  org.gradle.workers.internal.NoIsolationWorkerFactory$1$1.create()Ljava/lang/Object;+1
j  org.gradle.internal.classloader.ClassLoaderUtils.executeInClassloader(Ljava/lang/ClassLoader;Lorg/gradle/internal/Factory;)Ljava/lang/Object;+15
j  org.gradle.workers.internal.NoIsolationWorkerFactory$1.lambda$execute$0(Ljava/lang/ClassLoader;Lorg/gradle/workers/WorkerExecutor;Lorg/gradle/workers/internal/IsolatedParametersActionExecutionSpec;)Lorg/gradle/workers/internal/DefaultWorkResult;+10
j  org.gradle.workers.internal.NoIsolationWorkerFactory$1$$Lambda+0x00007ffb54f1ba48.execute(Lorg/gradle/workers/internal/IsolatedParametersActionExecutionSpec;)Lorg/gradle/workers/internal/DefaultWorkResult;+13
j  org.gradle.workers.internal.AbstractWorker$1.call(Lorg/gradle/internal/operations/BuildOperationContext;)Lorg/gradle/workers/internal/DefaultWorkResult;+8
j  org.gradle.workers.internal.AbstractWorker$1.call(Lorg/gradle/internal/operations/BuildOperationContext;)Ljava/lang/Object;+2
J 7219 c1 org.gradle.internal.operations.DefaultBuildOperationRunner$CallableBuildOperationWorker.execute(Lorg/gradle/internal/operations/BuildOperation;Lorg/gradle/internal/operations/BuildOperationContext;)V (10 bytes) @ 0x00007ffbb53eedc4 [0x00007ffbb53eeb60+0x0000000000000264]
J 15099 c1 org.gradle.internal.operations.DefaultBuildOperationRunner$2.execute(Lorg/gradle/internal/operations/BuildOperationDescriptor;Lorg/gradle/internal/operations/BuildOperationState;Lorg/gradle/internal/operations/BuildOperationState;Lorg/gradle/internal/operations/DefaultBuildOperationRunner$ReadableBuildOperationContext;Lorg/gradle/internal/operations/DefaultBuildOperationRunner$BuildOperationExecutionListener;)Lorg/gradle/internal/operations/BuildOperation; (110 bytes) @ 0x00007ffbb5e917bc [0x00007ffbb5e915c0+0x00000000000001fc]
J 15100 c1 org.gradle.internal.operations.DefaultBuildOperationRunner$2.execute(Lorg/gradle/internal/operations/BuildOperationDescriptor;Lorg/gradle/internal/operations/BuildOperationState;Lorg/gradle/internal/operations/BuildOperationState;Lorg/gradle/internal/operations/DefaultBuildOperationRunner$ReadableBuildOperationContext;Lorg/gradle/internal/operations/DefaultBuildOperationRunner$BuildOperationExecutionListener;)Ljava/lang/Object; (12 bytes) @ 0x00007ffbb5e924bc [0x00007ffbb5e92440+0x000000000000007c]
J 19743 c1 org.gradle.internal.operations.DefaultBuildOperationRunner.execute(Lorg/gradle/internal/operations/BuildOperationDescriptor$Builder;Lorg/gradle/internal/operations/DefaultBuildOperationRunner$BuildOperationExecution;)Ljava/lang/Object; (147 bytes) @ 0x00007ffbb622f5fc [0x00007ffbb622e7a0+0x0000000000000e5c]
J 6421 c1 org.gradle.internal.operations.DefaultBuildOperationRunner.execute(Lorg/gradle/internal/operations/BuildOperation;Lorg/gradle/internal/operations/BuildOperationWorker;)V (22 bytes) @ 0x00007ffbb526c784 [0x00007ffbb526c4e0+0x00000000000002a4]
J 7216 c1 org.gradle.internal.operations.DefaultBuildOperationRunner.call(Lorg/gradle/internal/operations/CallableBuildOperation;)Ljava/lang/Object; (20 bytes) @ 0x00007ffbb53ede84 [0x00007ffbb53edce0+0x00000000000001a4]
j  org.gradle.workers.internal.AbstractWorker.executeWrappedInBuildOperation(Lorg/gradle/workers/internal/IsolatedParametersActionExecutionSpec;Lorg/gradle/internal/operations/BuildOperationRef;Lorg/gradle/workers/internal/AbstractWorker$Work;)Lorg/gradle/workers/internal/DefaultWorkResult;+15
j  org.gradle.workers.internal.NoIsolationWorkerFactory$1.execute(Lorg/gradle/workers/internal/IsolatedParametersActionExecutionSpec;Lorg/gradle/internal/operations/BuildOperationRef;)Lorg/gradle/workers/internal/DefaultWorkResult;+17
j  org.gradle.workers.internal.DefaultWorkerExecutor.lambda$submitWork$0(Lorg/gradle/workers/internal/WorkerFactory;Lorg/gradle/workers/internal/WorkerRequirement;Lorg/gradle/workers/internal/IsolatedParametersActionExecutionSpec;Lorg/gradle/internal/operations/BuildOperationRef;)Lorg/gradle/workers/internal/DefaultWorkResult;+13
j  org.gradle.workers.internal.DefaultWorkerExecutor$$Lambda+0x00007ffb54effcc0.call()Ljava/lang/Object;+16
J 6608 c1 java.util.concurrent.FutureTask.run()V java.base@21.0.7 (123 bytes) @ 0x00007ffbb52be90c [0x00007ffbb52be1c0+0x000000000000074c]
j  org.gradle.internal.work.DefaultConditionalExecutionQueue$ExecutionRunner.runExecution(Lorg/gradle/internal/work/ConditionalExecution;)V+6
j  org.gradle.internal.work.DefaultConditionalExecutionQueue$ExecutionRunner.access$700(Lorg/gradle/internal/work/DefaultConditionalExecutionQueue$ExecutionRunner;Lorg/gradle/internal/work/ConditionalExecution;)V+2
j  org.gradle.internal.work.DefaultConditionalExecutionQueue$ExecutionRunner$1.run()V+14
j  org.gradle.internal.Factories$1.create()Ljava/lang/Object;+4
j  org.gradle.internal.work.DefaultWorkerLeaseService.lambda$withLocksAcquired$0(Lorg/gradle/internal/Factory;Ljava/util/Collection;)Ljava/lang/Object;+1
j  org.gradle.internal.work.DefaultWorkerLeaseService$$Lambda+0x00007ffb5426eac8.create()Ljava/lang/Object;+12
j  org.gradle.internal.work.ResourceLockStatistics$1.measure(Ljava/lang/String;Ljava/lang/Iterable;Lorg/gradle/internal/Factory;)Ljava/lang/Object;+1
j  org.gradle.internal.work.DefaultWorkerLeaseService.withLocksAcquired(Ljava/util/Collection;Lorg/gradle/internal/Factory;)Ljava/lang/Object;+21
j  org.gradle.internal.work.DefaultWorkerLeaseService.withLocks(Ljava/util/Collection;Lorg/gradle/internal/Factory;)Ljava/lang/Object;+25
j  org.gradle.internal.work.DefaultWorkerLeaseService.runAsWorkerThread(Lorg/gradle/internal/Factory;)Ljava/lang/Object;+33
j  org.gradle.internal.work.DefaultWorkerLeaseService.runAsWorkerThread(Ljava/lang/Runnable;)V+5
j  org.gradle.internal.work.DefaultConditionalExecutionQueue$ExecutionRunner.runBatch(Lorg/gradle/internal/work/ConditionalExecution;)V+16
j  org.gradle.internal.work.DefaultConditionalExecutionQueue$ExecutionRunner.run()V+11
j  java.util.concurrent.Executors$RunnableAdapter.call()Ljava/lang/Object;+4 java.base@21.0.7
J 6608 c1 java.util.concurrent.FutureTask.run()V java.base@21.0.7 (123 bytes) @ 0x00007ffbb52be90c [0x00007ffbb52be1c0+0x000000000000074c]
J 6337 c1 org.gradle.internal.concurrent.ExecutorPolicy$CatchAndRecordFailures.onExecute(Ljava/lang/Runnable;)V (29 bytes) @ 0x00007ffbb522e864 [0x00007ffbb522e740+0x0000000000000124]
j  org.gradle.internal.concurrent.AbstractManagedExecutor$1.run()V+25
j  java.util.concurrent.ThreadPoolExecutor.runWorker(Ljava/util/concurrent/ThreadPoolExecutor$Worker;)V+92 java.base@21.0.7
j  java.util.concurrent.ThreadPoolExecutor$Worker.run()V+5 java.base@21.0.7
j  java.lang.Thread.runWith(Ljava/lang/Object;Ljava/lang/Runnable;)V+5 java.base@21.0.7
j  java.lang.Thread.run()V+19 java.base@21.0.7
v  ~StubRoutines::call_stub 0x00007ffbbbdc3cc6
V  [libjvm.so+0x911545]  JavaCalls::call_helper(JavaValue*, methodHandle const&, JavaCallArguments*, JavaThread*)+0x2e5
V  [libjvm.so+0x912ec2]  JavaCalls::call_virtual(JavaValue*, Handle, Klass*, Symbol*, Symbol*, JavaThread*)+0x1d2
V  [libjvm.so+0x9e962e]  thread_entry(JavaThread*, JavaThread*)+0x8e
V  [libjvm.so+0x928f78]  JavaThread::thread_main_inner()+0x1d8
V  [libjvm.so+0xf78c38]  Thread::call_run()+0xa8
V  [libjvm.so+0xd0487a]  thread_native_entry(Thread*)+0xda
Java frames: (J=compiled Java code, j=interpreted, Vv=VM code)
J 714  java.lang.ClassLoader.defineClass1(Ljava/lang/ClassLoader;Ljava/lang/String;[BIILjava/security/ProtectionDomain;Ljava/lang/String;)Ljava/lang/Class; java.base@21.0.7 (0 bytes) @ 0x00007ffbbc388685 [0x00007ffbbc3885c0+0x00000000000000c5]
J 9136 c2 java.security.SecureClassLoader.defineClass(Ljava/lang/String;[BIILjava/security/CodeSource;)Ljava/lang/Class; java.base@21.0.7 (16 bytes) @ 0x00007ffbbc6753a8 [0x00007ffbbc674da0+0x0000000000000608]
J 9505 c2 java.security.AccessController.doPrivileged(Ljava/security/PrivilegedExceptionAction;Ljava/security/AccessControlContext;)Ljava/lang/Object; java.base@21.0.7 (26 bytes) @ 0x00007ffbbc6a8984 [0x00007ffbbc6a6c80+0x0000000000001d04]
J 4401 c2 java.net.URLClassLoader.findClass(Ljava/lang/String;)Ljava/lang/Class; java.base@21.0.7 (47 bytes) @ 0x00007ffbbc51d37c [0x00007ffbbc51d2e0+0x000000000000009c]
J 22831 c1 org.gradle.internal.classloader.VisitableURLClassLoader$InstrumentingVisitableURLClassLoader.findClass(Ljava/lang/String;)Ljava/lang/Class; (36 bytes) @ 0x00007ffbb4bc52cc [0x00007ffbb4bc5200+0x00000000000000cc]
J 20702 c1 java.lang.ClassLoader.loadClass(Ljava/lang/String;Z)Ljava/lang/Class; java.base@21.0.7 (121 bytes) @ 0x00007ffbb498ab94 [0x00007ffbb498a5e0+0x00000000000005b4]
J 2212 c2 java.lang.ClassLoader.loadClass(Ljava/lang/String;)Ljava/lang/Class; java.base@21.0.7 (7 bytes) @ 0x00007ffbbc4231ec [0x00007ffbbc4231a0+0x000000000000004c]
v  ~StubRoutines::call_stub 0x00007ffbbbdc3cc6
j  org.jetbrains.kotlin.compilerRunner.ReportUtilsKt.runToolInSeparateProcess([Ljava/lang/String;Ljava/lang/String;Ljava/lang/Iterable;Lorg/jetbrains/kotlin/buildtools/api/KotlinLogger;Ljava/io/File;Ljava/util/List;)Lorg/jetbrains/kotlin/cli/common/ExitCode;+389
j  org.jetbrains.kotlin.compilerRunner.ReportUtilsKt.runToolInSeparateProcess$default([Ljava/lang/String;Ljava/lang/String;Ljava/lang/Iterable;Lorg/jetbrains/kotlin/buildtools/api/KotlinLogger;Ljava/io/File;Ljava/util/List;ILjava/lang/Object;)Lorg/jetbrains/kotlin/cli/common/ExitCode;+21
j  org.jetbrains.kotlin.compilerRunner.GradleKotlinCompilerWork.compileOutOfProcess()Lorg/jetbrains/kotlin/cli/common/ExitCode;+103
j  org.jetbrains.kotlin.compilerRunner.GradleKotlinCompilerWork.compileWithDaemonOrFallbackImpl(Lorg/jetbrains/kotlin/cli/common/messages/MessageCollector;Lorg/jetbrains/kotlin/compilerRunner/KotlinCompilerArgumentsLogLevel;)Lkotlin/Pair;+515
j  org.jetbrains.kotlin.compilerRunner.GradleKotlinCompilerWork.run()V+88
j  org.jetbrains.kotlin.compilerRunner.GradleCompilerRunnerWithWorkers$GradleKotlinCompilerWorkAction.execute()V+118
j  org.gradle.workers.internal.DefaultWorkerServer.execute(Lorg/gradle/workers/internal/SimpleActionExecutionSpec;)Lorg/gradle/workers/internal/DefaultWorkResult;+123
j  org.gradle.workers.internal.NoIsolationWorkerFactory$1$1.create()Lorg/gradle/workers/internal/DefaultWorkResult;+29
j  org.gradle.workers.internal.NoIsolationWorkerFactory$1$1.create()Ljava/lang/Object;+1
j  org.gradle.internal.classloader.ClassLoaderUtils.executeInClassloader(Ljava/lang/ClassLoader;Lorg/gradle/internal/Factory;)Ljava/lang/Object;+15
j  org.gradle.workers.internal.NoIsolationWorkerFactory$1.lambda$execute$0(Ljava/lang/ClassLoader;Lorg/gradle/workers/WorkerExecutor;Lorg/gradle/workers/internal/IsolatedParametersActionExecutionSpec;)Lorg/gradle/workers/internal/DefaultWorkResult;+10
j  org.gradle.workers.internal.NoIsolationWorkerFactory$1$$Lambda+0x00007ffb54f1ba48.execute(Lorg/gradle/workers/internal/IsolatedParametersActionExecutionSpec;)Lorg/gradle/workers/internal/DefaultWorkResult;+13
j  org.gradle.workers.internal.AbstractWorker$1.call(Lorg/gradle/internal/operations/BuildOperationContext;)Lorg/gradle/workers/internal/DefaultWorkResult;+8
j  org.gradle.workers.internal.AbstractWorker$1.call(Lorg/gradle/internal/operations/BuildOperationContext;)Ljava/lang/Object;+2
J 7219 c1 org.gradle.internal.operations.DefaultBuildOperationRunner$CallableBuildOperationWorker.execute(Lorg/gradle/internal/operations/BuildOperation;Lorg/gradle/internal/operations/BuildOperationContext;)V (10 bytes) @ 0x00007ffbb53eedc4 [0x00007ffbb53eeb60+0x0000000000000264]
J 15099 c1 org.gradle.internal.operations.DefaultBuildOperationRunner$2.execute(Lorg/gradle/internal/operations/BuildOperationDescriptor;Lorg/gradle/internal/operations/BuildOperationState;Lorg/gradle/internal/operations/BuildOperationState;Lorg/gradle/internal/operations/DefaultBuildOperationRunner$ReadableBuildOperationContext;Lorg/gradle/internal/operations/DefaultBuildOperationRunner$BuildOperationExecutionListener;)Lorg/gradle/internal/operations/BuildOperation; (110 bytes) @ 0x00007ffbb5e917bc [0x00007ffbb5e915c0+0x00000000000001fc]
J 15100 c1 org.gradle.internal.operations.DefaultBuildOperationRunner$2.execute(Lorg/gradle/internal/operations/BuildOperationDescriptor;Lorg/gradle/internal/operations/BuildOperationState;Lorg/gradle/internal/operations/BuildOperationState;Lorg/gradle/internal/operations/DefaultBuildOperationRunner$ReadableBuildOperationContext;Lorg/gradle/internal/operations/DefaultBuildOperationRunner$BuildOperationExecutionListener;)Ljava/lang/Object; (12 bytes) @ 0x00007ffbb5e924bc [0x00007ffbb5e92440+0x000000000000007c]
J 19743 c1 org.gradle.internal.operations.DefaultBuildOperationRunner.execute(Lorg/gradle/internal/operations/BuildOperationDescriptor$Builder;Lorg/gradle/internal/operations/DefaultBuildOperationRunner$BuildOperationExecution;)Ljava/lang/Object; (147 bytes) @ 0x00007ffbb622f5fc [0x00007ffbb622e7a0+0x0000000000000e5c]
J 6421 c1 org.gradle.internal.operations.DefaultBuildOperationRunner.execute(Lorg/gradle/internal/operations/BuildOperation;Lorg/gradle/internal/operations/BuildOperationWorker;)V (22 bytes) @ 0x00007ffbb526c784 [0x00007ffbb526c4e0+0x00000000000002a4]
J 7216 c1 org.gradle.internal.operations.DefaultBuildOperationRunner.call(Lorg/gradle/internal/operations/CallableBuildOperation;)Ljava/lang/Object; (20 bytes) @ 0x00007ffbb53ede84 [0x00007ffbb53edce0+0x00000000000001a4]
j  org.gradle.workers.internal.AbstractWorker.executeWrappedInBuildOperation(Lorg/gradle/workers/internal/IsolatedParametersActionExecutionSpec;Lorg/gradle/internal/operations/BuildOperationRef;Lorg/gradle/workers/internal/AbstractWorker$Work;)Lorg/gradle/workers/internal/DefaultWorkResult;+15
j  org.gradle.workers.internal.NoIsolationWorkerFactory$1.execute(Lorg/gradle/workers/internal/IsolatedParametersActionExecutionSpec;Lorg/gradle/internal/operations/BuildOperationRef;)Lorg/gradle/workers/internal/DefaultWorkResult;+17
j  org.gradle.workers.internal.DefaultWorkerExecutor.lambda$submitWork$0(Lorg/gradle/workers/internal/WorkerFactory;Lorg/gradle/workers/internal/WorkerRequirement;Lorg/gradle/workers/internal/IsolatedParametersActionExecutionSpec;Lorg/gradle/internal/operations/BuildOperationRef;)Lorg/gradle/workers/internal/DefaultWorkResult;+13
j  org.gradle.workers.internal.DefaultWorkerExecutor$$Lambda+0x00007ffb54effcc0.call()Ljava/lang/Object;+16
J 6608 c1 java.util.concurrent.FutureTask.run()V java.base@21.0.7 (123 bytes) @ 0x00007ffbb52be90c [0x00007ffbb52be1c0+0x000000000000074c]
j  org.gradle.internal.work.DefaultConditionalExecutionQueue$ExecutionRunner.runExecution(Lorg/gradle/internal/work/ConditionalExecution;)V+6
j  org.gradle.internal.work.DefaultConditionalExecutionQueue$ExecutionRunner.access$700(Lorg/gradle/internal/work/DefaultConditionalExecutionQueue$ExecutionRunner;Lorg/gradle/internal/work/ConditionalExecution;)V+2
j  org.gradle.internal.work.DefaultConditionalExecutionQueue$ExecutionRunner$1.run()V+14
j  org.gradle.internal.Factories$1.create()Ljava/lang/Object;+4
j  org.gradle.internal.work.DefaultWorkerLeaseService.lambda$withLocksAcquired$0(Lorg/gradle/internal/Factory;Ljava/util/Collection;)Ljava/lang/Object;+1
j  org.gradle.internal.work.DefaultWorkerLeaseService$$Lambda+0x00007ffb5426eac8.create()Ljava/lang/Object;+12
j  org.gradle.internal.work.ResourceLockStatistics$1.measure(Ljava/lang/String;Ljava/lang/Iterable;Lorg/gradle/internal/Factory;)Ljava/lang/Object;+1
j  org.gradle.internal.work.DefaultWorkerLeaseService.withLocksAcquired(Ljava/util/Collection;Lorg/gradle/internal/Factory;)Ljava/lang/Object;+21
j  org.gradle.internal.work.DefaultWorkerLeaseService.withLocks(Ljava/util/Collection;Lorg/gradle/internal/Factory;)Ljava/lang/Object;+25
j  org.gradle.internal.work.DefaultWorkerLeaseService.runAsWorkerThread(Lorg/gradle/internal/Factory;)Ljava/lang/Object;+33
j  org.gradle.internal.work.DefaultWorkerLeaseService.runAsWorkerThread(Ljava/lang/Runnable;)V+5
j  org.gradle.internal.work.DefaultConditionalExecutionQueue$ExecutionRunner.runBatch(Lorg/gradle/internal/work/ConditionalExecution;)V+16
j  org.gradle.internal.work.DefaultConditionalExecutionQueue$ExecutionRunner.run()V+11
j  java.util.concurrent.Executors$RunnableAdapter.call()Ljava/lang/Object;+4 java.base@21.0.7
J 6608 c1 java.util.concurrent.FutureTask.run()V java.base@21.0.7 (123 bytes) @ 0x00007ffbb52be90c [0x00007ffbb52be1c0+0x000000000000074c]
J 6337 c1 org.gradle.internal.concurrent.ExecutorPolicy$CatchAndRecordFailures.onExecute(Ljava/lang/Runnable;)V (29 bytes) @ 0x00007ffbb522e864 [0x00007ffbb522e740+0x0000000000000124]
j  org.gradle.internal.concurrent.AbstractManagedExecutor$1.run()V+25
j  java.util.concurrent.ThreadPoolExecutor.runWorker(Ljava/util/concurrent/ThreadPoolExecutor$Worker;)V+92 java.base@21.0.7
j  java.util.concurrent.ThreadPoolExecutor$Worker.run()V+5 java.base@21.0.7
j  java.lang.Thread.runWith(Ljava/lang/Object;Ljava/lang/Runnable;)V+5 java.base@21.0.7
j  java.lang.Thread.run()V+19 java.base@21.0.7
v  ~StubRoutines::call_stub 0x00007ffbbbdc3cc6

Compiled method (n/a) 171966  714     n 0       java.lang.ClassLoader::defineClass1 (native)
 total in heap  [0x00007ffbbc388410,0x00007ffbbc388b08] = 1784
 relocation     [0x00007ffbbc388568,0x00007ffbbc3885a8] = 64
 main code      [0x00007ffbbc3885c0,0x00007ffbbc388b02] = 1346
 stub code      [0x00007ffbbc388b02,0x00007ffbbc388b08] = 6

[Constant Pool (empty)]

[MachCode]
[Entry Point]
  # {method} {0x00007ffb53430d38} 'defineClass1' '(Ljava/lang/ClassLoader;Ljava/lang/String;[BIILjava/security/ProtectionDomain;Ljava/lang/String;)Ljava/lang/Class;' in 'java/lang/ClassLoader'
  # parm0:    rsi:rsi   = 'java/lang/ClassLoader'
  # parm1:    rdx:rdx   = 'java/lang/String'
  # parm2:    rcx:rcx   = '[B'
  # parm3:    r8        = int
  # parm4:    r9        = int
  # parm5:    rdi:rdi   = 'java/security/ProtectionDomain'
  # parm6:    [sp+0x70]   = 'java/lang/String'  (sp of caller)
  0x00007ffbbc3885c0: 448b 5608 | 49bb 0000 | 0053 fb7f | 0000 4d03 | d349 3bc2 | 0f84 0600 

  0x00007ffbbc3885d8: ;   {runtime_call ic_miss_stub}
  0x00007ffbbc3885d8: 0000 e9a1 | 8ca8 ff90 
[Verified Entry Point]
  0x00007ffbbc3885e0: 8984 2400 | c0fe ff55 | 488b ec48 | 83ec 6090 | 4181 7f20 | 1f00 0000 

  0x00007ffbbc3885f8: ;   {runtime_call StubRoutines (final stubs)}
  0x00007ffbbc3885f8: 7405 e801 | 0ca7 ff48 | 837d 1000 | 488d 4510 | 480f 4445 | 1048 8944 | 2410 4889 | 7c24 4048 
  0x00007ffbbc388618: 83ff 0048 | 8d44 2440 | 480f 4444 | 2440 4889 | 4424 084c | 890c 244d | 8bc8 4889 | 4c24 2848 
  0x00007ffbbc388638: 83f9 004c | 8d44 2428 | 4c0f 4444 | 2428 4889 | 5424 2048 | 83fa 0048 | 8d4c 2420 | 480f 444c 
  0x00007ffbbc388658: 2420 4889 | 7424 1848 | 83fe 0048 | 8d54 2418 | 480f 4454 

  0x00007ffbbc38866c: ;   {oop(a 'java/lang/Class'{0x00000000ffe80da8} = 'java/lang/ClassLoader')}
  0x00007ffbbc38866c: 2418 49be | a80d e8ff | 0000 0000 | 4c89 7424 | 484c 8d74 | 2448 498b | f6c5 f877 

  0x00007ffbbc388688: ;   {internal_word}
  0x00007ffbbc388688: 49ba 8586 | 38bc fb7f | 0000 4d89 | 97a0 0300 | 0049 89a7 | 9803 0000 

  0x00007ffbbc3886a0: ;   {external_word}
  0x00007ffbbc3886a0: 803d 6608 | 4e15 000f | 843c 0000 | 0056 5251 | 4150 4151 

  0x00007ffbbc3886b4: ;   {metadata({method} {0x00007ffb53430d38} 'defineClass1' '(Ljava/lang/ClassLoader;Ljava/lang/String;[BIILjava/security/ProtectionDomain;Ljava/lang/String;)Ljava/lang/Class;' in 'java/lang/ClassLoader')}
  0x00007ffbbc3886b4: 48be 380d | 4353 fb7f | 0000 498b | ff40 f6c4 | 0f0f 8412 | 0000 0048 

  0x00007ffbbc3886cc: ;   {runtime_call SharedRuntime::dtrace_method_entry(JavaThread*, Method*)}
  0x00007ffbbc3886cc: 83ec 08e8 | cc70 d714 | 4883 c408 | e905 0000 

  0x00007ffbbc3886dc: ;   {runtime_call SharedRuntime::dtrace_method_entry(JavaThread*, Method*)}
  0x00007ffbbc3886dc: 00e8 be70 | d714 4159 | 4158 595a | 5e49 8dbf | b803 0000 | 41c7 8744 | 0400 0004 

  0x00007ffbbc3886f8: ;   {runtime_call Java_java_lang_ClassLoader_defineClass1}
  0x00007ffbbc3886f8: 0000 00e8 | f002 d913 | c5f8 7741 | c787 4404 | 0000 0500 | 0000 f083 | 4424 c000 | 493b af48 
  0x00007ffbbc388718: 0400 000f | 870e 0000 | 0041 83bf | 4004 0000 | 000f 8424 | 0000 00c5 | f877 4889 | 45f8 498b 
  0x00007ffbbc388738: ff4c 8be4 | 4883 ec00 | 4883 e4f0 

  0x00007ffbbc388744: ;   {runtime_call JavaThread::check_special_condition_for_native_trans(JavaThread*)}
  0x00007ffbbc388744: e807 038e | 1449 8be4 | 4d33 e448 | 8b45 f841 | c787 4404 | 0000 0800 | 0000 4183 | bfc0 0400 
  0x00007ffbbc388764: 0002 0f84 | 7003 0000 

  0x00007ffbbc38876c: ;   {external_word}
  0x00007ffbbc38876c: 803d 9a07 | 4e15 000f | 8436 0000 | 0048 8945 

  0x00007ffbbc38877c: ;   {metadata({method} {0x00007ffb53430d38} 'defineClass1' '(Ljava/lang/ClassLoader;Ljava/lang/String;[BIILjava/security/ProtectionDomain;Ljava/lang/String;)Ljava/lang/Class;' in 'java/lang/ClassLoader')}
  0x00007ffbbc38877c: f848 be38 | 0d43 53fb | 7f00 0049 | 8bff 40f6 | c40f 0f84 | 1200 0000 | 4883 ec08 

  0x00007ffbbc388798: ;   {runtime_call SharedRuntime::dtrace_method_exit(JavaThread*, Method*)}
  0x00007ffbbc388798: e8f3 70d7 | 1448 83c4 | 08e9 0500 

  0x00007ffbbc3887a4: ;   {runtime_call SharedRuntime::dtrace_method_exit(JavaThread*, Method*)}
  0x00007ffbbc3887a4: 0000 e8e5 | 70d7 1448 | 8b45 f849 | c787 9803 | 0000 0000 | 0000 49c7 | 87a0 0300 | 0000 0000 
  0x00007ffbbc3887c4: 00c5 f877 | 4885 c00f | 84e8 0200 | 00a8 030f | 8508 0000 | 0048 8b00 | e9d8 0200 | 00a8 010f 
  0x00007ffbbc3887e4: 8509 0000 | 0048 8b40 | fee9 c702 | 0000 488b | 40ff 4180 | 7f40 000f | 84b8 0200 | 0048 83f8 
  0x00007ffbbc388804: 000f 84ae | 0200 0049 | 8b4f 2848 | 83f9 000f | 8414 0000 | 0048 83e9 | 0849 894f | 2849 034f 
  0x00007ffbbc388824: 3848 8901 | e98c 0200 | 0048 81ec | 5001 0000 | 4889 0424 | 4889 4c24 | 0848 8954 | 2410 4889 
  0x00007ffbbc388844: 7424 1848 | 897c 2420 | 4c89 4424 | 284c 894c | 2430 4c89 | 5424 384c | 895c 2440 | c5fb 1144 
  0x00007ffbbc388864: 2450 c5fb | 114c 2458 | c5fb 1154 | 2460 c5fb | 115c 2468 | c5fb 1164 | 2470 c5fb | 116c 2478 
  0x00007ffbbc388884: c5fb 11b4 | 2480 0000 | 00c5 fb11 | bc24 8800 | 0000 c57b | 1184 2490 | 0000 00c5 | 7b11 8c24 
  0x00007ffbbc3888a4: ;   {no_reloc}
  0x00007ffbbc3888a4: 9800 0000 | c57b 1194 | 24a0 0000 | 00c5 7b11 | 9c24 a800 | 0000 c57b | 11a4 24b0 | 0000 00c5 
  0x00007ffbbc3888c4: 7b11 ac24 | b800 0000 | c57b 11b4 | 24c0 0000 | 00c5 7b11 | bc24 c800 | 0000 62e1 | ff08 1144 
  0x00007ffbbc3888e4: 241a 62e1 | ff08 114c | 241b 62e1 | ff08 1154 | 241c 62e1 | ff08 115c | 241d 62e1 | ff08 1164 
  0x00007ffbbc388904: 241e 62e1 | ff08 116c | 241f 62e1 | ff08 1174 | 2420 62e1 | ff08 117c | 2421 6261 | ff08 1144 
  0x00007ffbbc388924: 2422 6261 | ff08 114c | 2423 6261 | ff08 1154 | 2424 6261 | ff08 115c | 2425 6261 | ff08 1164 
  0x00007ffbbc388944: 2426 6261 | ff08 116c | 2427 6261 | ff08 1174 | 2428 6261 | ff08 117c | 2429 498b | f748 8bf8 
  0x00007ffbbc388964: 40f6 c40f | 0f84 1200 | 0000 4883 

  0x00007ffbbc388970: ;   {runtime_call G1BarrierSetRuntime::write_ref_field_pre_entry(oopDesc*, JavaThread*)}
  0x00007ffbbc388970: ec08 e8e9 | 4577 1448 | 83c4 08e9 | 0500 0000 

  0x00007ffbbc388980: ;   {runtime_call G1BarrierSetRuntime::write_ref_field_pre_entry(oopDesc*, JavaThread*)}
  0x00007ffbbc388980: e8db 4577 | 1462 61ff | 0810 7c24 | 2962 61ff | 0810 7424 | 2862 61ff | 0810 6c24 | 2762 61ff 
  0x00007ffbbc3889a0: 0810 6424 | 2662 61ff | 0810 5c24 | 2562 61ff | 0810 5424 | 2462 61ff | 0810 4c24 | 2362 61ff 
  0x00007ffbbc3889c0: 0810 4424 | 2262 e1ff | 0810 7c24 | 2162 e1ff | 0810 7424 | 2062 e1ff | 0810 6c24 | 1f62 e1ff 
  0x00007ffbbc3889e0: 0810 6424 | 1e62 e1ff | 0810 5c24 | 1d62 e1ff | 0810 5424 | 1c62 e1ff | 0810 4c24 | 1b62 e1ff 
  0x00007ffbbc388a00: 0810 4424 | 1ac5 7b10 | bc24 c800 | 0000 c57b | 10b4 24c0 | 0000 00c5 | 7b10 ac24 | b800 0000 
  0x00007ffbbc388a20: c57b 10a4 | 24b0 0000 | 00c5 7b10 | 9c24 a800 | 0000 c57b | 1094 24a0 | 0000 00c5 | 7b10 8c24 
  0x00007ffbbc388a40: 9800 0000 | c57b 1084 | 2490 0000 | 00c5 fb10 | bc24 8800 | 0000 c5fb | 10b4 2480 | 0000 00c5 
  0x00007ffbbc388a60: fb10 6c24 | 78c5 fb10 | 6424 70c5 | fb10 5c24 | 68c5 fb10 | 5424 60c5 | fb10 4c24 

  0x00007ffbbc388a7c: ;   {no_reloc}
  0x00007ffbbc388a7c: 58c5 fb10 | 4424 504c | 8b5c 2440 | 4c8b 5424 | 384c 8b4c | 2430 4c8b | 4424 2848 | 8b7c 2420 
  0x00007ffbbc388a9c: 488b 7424 | 1848 8b54 | 2410 488b | 4c24 0848 | 8b04 2448 | 81c4 5001 | 0000 c5f8 | 7749 8b8f 
  0x00007ffbbc388abc: 2804 0000 | c781 0001 | 0000 0000 | 0000 c949 | 837f 0800 | 0f85 0100 

  0x00007ffbbc388ad4: ;   {runtime_call StubRoutines (initial stubs)}
  0x00007ffbbc388ad4: 0000 c3e9 | 24b1 a3ff | c5f8 7748 | 8945 f84c | 8be4 4883 | ec00 4883 

  0x00007ffbbc388aec: ;   {runtime_call SharedRuntime::reguard_yellow_pages()}
  0x00007ffbbc388aec: e4f0 e87d | 7dd7 1449 | 8be4 4d33 | e448 8b45 | f8e9 6afc | ffff f4f4 | f4f4 f4f4 
[/MachCode]


Compiled method (c2) 172005 9136       4       java.security.SecureClassLoader::defineClass (16 bytes)
 total in heap  [0x00007ffbbc674890,0x00007ffbbc67a5e8] = 23896
 relocation     [0x00007ffbbc6749e8,0x00007ffbbc674da0] = 952
 main code      [0x00007ffbbc674da0,0x00007ffbbc678370] = 13776
 stub code      [0x00007ffbbc678370,0x00007ffbbc6784d0] = 352
 oops           [0x00007ffbbc6784d0,0x00007ffbbc6784e8] = 24
 metadata       [0x00007ffbbc6784e8,0x00007ffbbc6786c8] = 480
 scopes data    [0x00007ffbbc6786c8,0x00007ffbbc6798e8] = 4640
 scopes pcs     [0x00007ffbbc6798e8,0x00007ffbbc67a0f8] = 2064
 dependencies   [0x00007ffbbc67a0f8,0x00007ffbbc67a120] = 40
 handler table  [0x00007ffbbc67a120,0x00007ffbbc67a528] = 1032
 nul chk table  [0x00007ffbbc67a528,0x00007ffbbc67a5e8] = 192

[Constant Pool (empty)]

[MachCode]
[Entry Point]
  # {method} {0x00007ffb5304dfb0} 'defineClass' '(Ljava/lang/String;[BIILjava/security/CodeSource;)Ljava/lang/Class;' in 'java/security/SecureClassLoader'
  # this:     rsi:rsi   = 'java/security/SecureClassLoader'
  # parm0:    rdx:rdx   = 'java/lang/String'
  # parm1:    rcx:rcx   = '[B'
  # parm2:    r8        = int
  # parm3:    r9        = int
  # parm4:    rdi:rdi   = 'java/security/CodeSource'
  #           [sp+0xc0]  (sp of caller)
  0x00007ffbbc674da0: 448b 5608 | 49bb 0000 | 0053 fb7f | 0000 4d03 | d349 3bc2 

  0x00007ffbbc674db4: ;   {runtime_call ic_miss_stub}
  0x00007ffbbc674db4: 0f85 c6c4 | 79ff 6690 | 0f1f 4000 
[Verified Entry Point]
  0x00007ffbbc674dc0: 8984 2400 | c0fe ff55 | 4881 ecb0 | 0000 0090 | 4181 7f20 | 1f00 0000 | 0f85 8235 | 0000 4489 
  0x00007ffbbc674de0: 4c24 2c44 | 8944 2428 | 4889 4c24 | 2048 8954 | 2418 4889 | 7424 1048 | 8bef 660f | 1f44 0000 
  0x00007ffbbc674e00: 4885 ff0f | 84db 2400 | 0049 8b97 | b801 0000 | 4c8b d249 | 83c2 1066 | 0f1f 8400 | 0000 0000 
  0x00007ffbbc674e20: 4d3b 97c8 | 0100 000f | 831f 1e00 | 004d 8997 | b801 0000 | 410f 0d8a | 0001 0000 | 48c7 0201 
  0x00007ffbbc674e40: ;   {metadata('java/security/SecureClassLoader$CodeSourceKey')}
  0x00007ffbbc674e40: 0000 00c7 | 4208 40ba | 1100 4c8b | dd44 895a | 0c49 8b8f | b801 0000 | 4c8b 5424 | 1041 8b6a 
  0x00007ffbbc674e60: 504c 8bd1 | 4983 c210 | 4d3b 97c8 | 0100 000f | 8303 1e00 | 004d 8997 | b801 0000 | 410f 0d8a 
  0x00007ffbbc674e80: 0001 0000 | 48c7 0101 

  0x00007ffbbc674e88: ;   {metadata('java/security/SecureClassLoader$1')}
  0x00007ffbbc674e88: 0000 00c7 | 4108 c8bf | 1100 4c8b | 5424 104d | 8bda 4489 | 590c 6690 

  0x00007ffbbc674ea0: ; implicit exception: dispatches to 0x00007ffbbc677e68
  0x00007ffbbc674ea0: 448b 5d08 

  0x00007ffbbc674ea4: ;   {metadata('java/util/concurrent/ConcurrentHashMap')}
  0x00007ffbbc674ea4: 4181 fb50 | 5306 000f | 85e3 2100 | 0048 8bf5 

  0x00007ffbbc674eb4: ;   {optimized virtual_call}
  0x00007ffbbc674eb4: c5f8 77e8 

  0x00007ffbbc674eb8: ; ImmutableOopMap {[16]=Oop [24]=Oop [32]=Oop }
                      ;*invokeinterface computeIfAbsent {reexecute=0 rethrow=0 return_oop=1}
                      ; - java.security.SecureClassLoader::getProtectionDomain@28 (line 222)
                      ; - java.security.SecureClassLoader::defineClass@9 (line 150)
  0x00007ffbbc674eb8: 4436 3f00 

  0x00007ffbbc674ebc: ;   {other}
  0x00007ffbbc674ebc: 0f1f 8400 | 2c06 0000 

  0x00007ffbbc674ec4: ; implicit exception: dispatches to 0x00007ffbbc677e88
  0x00007ffbbc674ec4: 448b 5008 

  0x00007ffbbc674ec8: ;   {metadata('java/security/ProtectionDomain')}
  0x00007ffbbc674ec8: 4181 faa8 | 5700 000f | 85bf 2e00 | 0048 8944 | 2430 4c8b | 5424 1890 

  0x00007ffbbc674ee0: ; implicit exception: dispatches to 0x00007ffbbc677f44
  0x00007ffbbc674ee0: 458b 5214 

  0x00007ffbbc674ee4: ; implicit exception: dispatches to 0x00007ffbbc677eac
  0x00007ffbbc674ee4: 418b 720c | 85f6 0f86 | 0022 0000 | 4c8b 5c24 | 1845 0fbe | 4310 660f | 1f44 0000 | 4585 c00f 
  0x00007ffbbc674f04: 852b 2300 | 00c4 623a | f7c6 443b | c641 8bd0 | 0f4f d64d | 8bda 4d8d | 4a10 6690 | 85d2 0f8e 
  0x00007ffbbc674f24: cc00 0000 | 3bf2 0f82 | dc21 0000 | b82f 0000 | 0049 8bf9 | 488b df83 | fa10 0f8c | 7900 0000 
  0x00007ffbbc674f44: 83fa 200f | 8c36 0000 | 00c5 f96e | c0c4 e27d | 78c0 c5f5 | efc9 8bca | 83e1 e083 | e21f c5fe 
  0x00007ffbbc674f64: 6f13 c5ed | 74d0 c4e2 | 7d17 ca0f | 8369 0000 | 0048 83c3 | 2083 e920 | 75e4 e90d | 0000 00c5 
  0x00007ffbbc674f84: f96e c0c5 | f1ef c9c4 | e279 00c1 | 83fa 100f | 8c24 0000 | 008b ca83 | e1f0 83e2 | 0fc5 fa6f 
  0x00007ffbbc674fa4: 13c5 e974 | d0c4 e279 | 17ca 0f83 | 2a00 0000 | 4883 c310 | 83e9 1075 | e485 d20f | 8412 0000 
  0x00007ffbbc674fc4: ;   {no_reloc}
  0x00007ffbbc674fc4: 000f b60b | 3bc1 741c | 4883 c301 | 83ea 0174 | 02eb eebb | ffff ffff | eb0d c5fd | d7ca 0fbc 
  0x00007ffbbc674fe4: c148 03d8 | 482b df83 | fbff 0f85 | 9822 0000 | 410f b629 | 83fd 5b0f | 1f44 0000 | 0f84 1223 
  0x00007ffbbc675004: 0000 418d | 58fb 85db | 0f8c 6300 | 0000 410f | be09 83f9 | 6a0f 8556 | 0000 0090 | 83fe 040f 
  0x00007ffbbc675024: 86af 2400 | 0041 807a | 1161 0f85 | 4100 0000 | 4180 7a12 | 760f 8536 | 0000 0090 | 4180 7a13 
  0x00007ffbbc675044: 6175 2e41 | 807a 142e 

  0x00007ffbbc67504c: ;   {oop(a 'jdk/internal/loader/ClassLoaders$PlatformClassLoader'{0x0000000080000780})}
  0x00007ffbbc67504c: 7527 48b9 | 8007 0080 | 0000 0000 | 488b 5c24 | 1066 6690 | 483b d90f | 859c 2a00 

  0x00007ffbbc675068: ;   {oop(a 'jdk/internal/loader/ClassLoaders$PlatformClassLoader'{0x0000000080000780})}
  0x00007ffbbc675068: 0048 bb80 | 0700 8000 | 0000 00eb | 0548 8b5c | 2410 488b | 4c24 308b | 4910 894c | 2438 418d 
  0x00007ffbbc675088: 48ff 8d56 | ff3b ca0f | 4fca 85c9 | 0f8c 6f0d | 0000 33d2 | 8954 2408 | 3bce 0f83 | 8c1e 0000 
  0x00007ffbbc6750a8: 4180 7c0a | 102e 7419 | 498b 9750 | 0400 00ff | c948 8b7c 

  0x00007ffbbc6750bc: ; ImmutableOopMap {r10=NarrowOop r11=Oop r9=Derived_oop_r11 rbx=Oop rdi=Oop [16]=Oop [24]=Oop [32]=Oop [48]=Oop [56]=NarrowOop }
                      ;*goto {reexecute=1 rethrow=0 return_oop=0}
                      ; - (reexecute) java.lang.StringLatin1::lastIndexOf@35 (line 285)
                      ; - java.lang.String::lastIndexOf@13 (line 2573)
                      ; - java.lang.String::lastIndexOf@8 (line 2535)
                      ; - java.lang.ClassLoader::checkCerts@3 (line 1163)
                      ; - java.lang.ClassLoader::preDefineClass@113 (line 917)
                      ; - java.lang.ClassLoader::defineClass@4 (line 1025)
                      ; - java.security.SecureClassLoader::defineClass@12 (line 150)
                      ;   {poll}
  0x00007ffbbc6750bc: 2418 8502 | 85c9 7ddc | b9ff ffff | ff83 f9ff | 0f84 7c0b | 0000 85c9 | 0f8c 8a21 | 0000 660f 
  0x00007ffbbc6750dc: 1f44 0000 | 413b c80f | 8f8f 2200 | 0041 3bc8 | 0f84 f309 | 0000 85c9 | 0f84 a512 | 0000 4d8b 
  0x00007ffbbc6750fc: afb8 0100 | 004d 8bc5 | 4983 c018 | 4d3b 87c8 | 0100 000f | 839c 1b00 | 004c 894c | 2448 4d89 
  0x00007ffbbc67511c: 87b8 0100 | 0041 0f0d | 8800 0100 | 0049 c745 | 0001 0000 | 004d 8bcd | 4983 c110 

  0x00007ffbbc675138: ;   {metadata('java/lang/String')}
  0x00007ffbbc675138: 41c7 4508 | 40e7 0000 | 4589 650c | c5fd efc0 | c4c1 79d6 | 013b ce0f | 849a 0900 | 0066 6666 
  0x00007ffbbc675158: 0f1f 8400 | 0000 0000 | 81f9 0000 | 1000 0f87 | d01f 0000 | 4c63 c13b | f18b ee0f | 4fe9 3bf5 
  0x00007ffbbc675178: 0f82 3a20 | 0000 6690 | 3bcd 0f82 | 3020 0000 | 4983 c017 | 498b d048 | 83e2 f881 | f900 0010 
  0x00007ffbbc675198: 000f 87e6 | 1b00 004d | 8b97 b801 | 0000 4d8b | ca4c 03ca | 4d3b 8fc8 | 0100 000f | 83cc 1b00 
  0x00007ffbbc6751b8: 004d 898f | b801 0000 | 410f 0d89 | 0001 0000 | 49c7 0201 | 0000 0041 | 0f0d 8940 

  0x00007ffbbc6751d4: ;   {metadata({type array byte})}
  0x00007ffbbc6751d4: 0100 0041 | c742 0868 | 2200 0041 | 894a 0c41 | 0f0d 8980 | 0100 004d | 8bda 4983 | c310 49c1 
  0x00007ffbbc6751f4: e803 85ed | 0f84 471f | 0000 6690 | 3be9 0f8c | 8810 0000 | 498b ea48 | 83c2 f048 | c1ea 0348 
  0x00007ffbbc675214: 8b7c 2448 | 498b f3c5 | f877 49ba | 805a dfbb | fb7f 0000 

  0x00007ffbbc675228: ;   {other}
  0x00007ffbbc675228: 41ff d20f | 1f84 0000 | 0000 004c | 8bd5 6666 | 0f1f 8400 | 0000 0000 | 4180 7f40 | 000f 85bd 
  0x00007ffbbc675248: 0f00 004d | 8bdd 4d8b | ca45 894d | 144d 33d3 | 49c1 ea14 | 0f1f 4000 | 4d85 d274 | 1a49 c1eb 
  0x00007ffbbc675268: 0948 bf00 | e099 b3fb | 7f00 0049 | 03fb 803f | 020f 85c0 | 0f00 0045 | 8865 1044 | 8b54 2438 
  0x00007ffbbc675288: ; implicit exception: dispatches to 0x00007ffbbc677f68
  0x00007ffbbc675288: 458b 5214 | 4585 d20f | 857f 0b00 | 0044 8b5c | 2438 458b | 4b10 6690 | 4585 c90f | 8524 0c00 
  0x00007ffbbc6752a8: ;   {oop(""{0x00000000ffe00000})}
  0x00007ffbbc6752a8: 0049 b800 | 00e0 ff00 | 0000 0049 | b900 e099 | b3fb 7f00 

  0x00007ffbbc6752bc: ;   {oop(a 'java/security/cert/Certificate'[0] {0x000000008002cb70})}
  0x00007ffbbc6752bc: 0049 ba70 | cb02 8000 | 0000 0044 | 8b5b 2c45 | 85db 0f84 | 711d 0000 | 4c89 5424 | 504c 894c 
  0x00007ffbbc6752dc: 2448 4c89 | 4424 4048 | 895c 2438 | 498b f341 | b801 0000 | 0049 8bd5 | 498b ca90 

  0x00007ffbbc6752f8: ;   {optimized virtual_call}
  0x00007ffbbc6752f8: c5f8 77e8 

  0x00007ffbbc6752fc: ; ImmutableOopMap {[16]=Oop [24]=Oop [32]=Oop [48]=Oop [56]=Oop [64]=Oop [80]=Oop }
                      ;*invokevirtual putVal {reexecute=0 rethrow=0 return_oop=1}
                      ; - java.util.concurrent.ConcurrentHashMap::putIfAbsent@4 (line 1541)
                      ; - java.lang.ClassLoader::checkCerts@62 (line 1171)
                      ; - java.lang.ClassLoader::preDefineClass@113 (line 917)
                      ; - java.lang.ClassLoader::defineClass@4 (line 1025)
                      ; - java.security.SecureClassLoader::defineClass@12 (line 150)
  0x00007ffbbc6752fc: 2069 f8f9 

  0x00007ffbbc675300: ;   {other}
  0x00007ffbbc675300: 0f1f 8400 | 700a 0002 | 4885 c074 | 3944 8b58 

  0x00007ffbbc675310: ;   {metadata('java/security/cert/Certificate'[])}
  0x00007ffbbc675310: 0841 81fb | e047 1000 | 0f85 aa2a | 0000 488b | c848 8b7c | 2450 448b | 570c 448b | 490c 4585 
  0x00007ffbbc675330: d20f 87ff | 1600 0045 | 85c9 660f | 1f44 0000 | 0f87 ea1f | 0000 4c8b | 5424 3045 | 8b52 1041 
  0x00007ffbbc675350: 8b6a 0c44 | 8b5d 3845 | 85db 660f | 1f44 0000 | 0f84 fe1c | 0000 498b | f348 8bd5 

  0x00007ffbbc67536c: ;   {optimized virtual_call}
  0x00007ffbbc67536c: c5f8 77e8 

  0x00007ffbbc675370: ; ImmutableOopMap {[16]=Oop [24]=Oop [32]=Oop [48]=Oop [64]=Oop }
                      ;*invokevirtual toExternalForm {reexecute=0 rethrow=0 return_oop=1}
                      ; - java.net.URL::toExternalForm@5 (line 1203)
                      ; - java.net.URL::toString@1 (line 1189)
                      ; - java.lang.ClassLoader::defineClassSourceLocation@22 (line 927)
                      ; - java.lang.ClassLoader::defineClass@12 (line 1026)
                      ; - java.security.SecureClassLoader::defineClass@12 (line 150)
  0x00007ffbbc675370: ac9b e6ff 

  0x00007ffbbc675374: ;   {other}
  0x00007ffbbc675374: 0f1f 8400 | e40a 0003 | 488b 7424 | 1048 8b54 | 2418 488b | 4c24 2044 | 8b44 2428 | 448b 4c24 
  0x00007ffbbc675394: 2c48 8b7c | 2430 4889 | 0424 6690 

  0x00007ffbbc6753a0: ;   {static_call}
  0x00007ffbbc6753a0: c5f8 77e8 

  0x00007ffbbc6753a4: ; ImmutableOopMap {[16]=Oop [48]=Oop [64]=Oop }
                      ;*invokestatic defineClass1 {reexecute=0 rethrow=0 return_oop=1}
                      ; - java.lang.ClassLoader::defineClass@27 (line 1027)
                      ; - java.security.SecureClassLoader::defineClass@12 (line 150)
  0x00007ffbbc6753a4: 3832 d1ff 

  0x00007ffbbc6753a8: ;   {other}
  0x00007ffbbc6753a8: 0f1f 8400 | 180b 0004 | 4889 4424 | 1844 8b58 | 3c45 85db | 7408 498b | dbe9 c402 | 0000 4c8b 
  0x00007ffbbc6753c8: 5010 458b | 4208 4585 | c00f 8c29 | 1e00 0044 | 8b58 2c0f | 1f44 0000 | 4585 db75 | 3748 8bf0 
  0x00007ffbbc6753e8: ;   {optimized virtual_call}
  0x00007ffbbc6753e8: c5f8 77e8 

  0x00007ffbbc6753ec: ; ImmutableOopMap {[16]=Oop [24]=Oop [48]=Oop [64]=Oop }
                      ;*invokevirtual initClassName {reexecute=0 rethrow=0 return_oop=1}
                      ; - java.lang.Class::getName@14 (line 948)
                      ; - java.lang.Class::getPackageName@40 (line 1167)
                      ; - java.lang.ClassLoader::postDefineClass@2 (line 934)
                      ; - java.lang.ClassLoader::defineClass@37 (line 1028)
                      ; - java.security.SecureClassLoader::defineClass@12 (line 150)
  0x00007ffbbc6753ec: 50e9 d0ff 

  0x00007ffbbc6753f0: ;   {other}
  0x00007ffbbc6753f0: 0f1f 8400 | 600b 0005 | 488b d80f | 1f44 0000 | 4885 c075 | 1abe f6ff | ffff 6690 

  0x00007ffbbc67540c: ;   {runtime_call UncommonTrapBlob}
  0x00007ffbbc67540c: c5f8 77e8 

  0x00007ffbbc675410: ; ImmutableOopMap {}
                      ;*invokevirtual lastIndexOf {reexecute=0 rethrow=0 return_oop=0}
                      ; - java.lang.Class::getPackageName@47 (line 1168)
                      ; - java.lang.ClassLoader::postDefineClass@2 (line 934)
                      ; - java.lang.ClassLoader::defineClass@37 (line 1028)
                      ; - java.security.SecureClassLoader::defineClass@12 (line 150)
  0x00007ffbbc675410: 6c51 7aff 

  0x00007ffbbc675414: ;   {other}
  0x00007ffbbc675414: 0f1f 8400 | 840b 0006 | 498b db44 | 8b5b 1445 | 8b43 0c0f | be7b 10c4 | 4242 f7c8 | 458d 51ff 
  0x00007ffbbc675434: 85ff 0f85 | 5521 0000 | 498b cb48 | 894c 2470 | 418d 48ff | 413b ca41 | 0f4f ca85 | c97c 3266 
  0x00007ffbbc675454: 0f1f 8400 | 0000 0000 | 6666 6690 | 413b c80f | 830f 1b00 | 0041 807c | 0b10 2e74 | 1949 8bbf 
  0x00007ffbbc675474: 5004 0000 | ffc9 4c8b 

  0x00007ffbbc67547c: ; ImmutableOopMap {r10=Oop r11=NarrowOop rbx=Oop [16]=Oop [24]=Oop [48]=Oop [64]=Oop [112]=Oop }
                      ;*goto {reexecute=1 rethrow=0 return_oop=0}
                      ; - (reexecute) java.lang.StringLatin1::lastIndexOf@35 (line 285)
                      ; - java.lang.String::lastIndexOf@13 (line 2573)
                      ; - java.lang.String::lastIndexOf@8 (line 2535)
                      ; - java.lang.Class::getPackageName@47 (line 1168)
                      ; - java.lang.ClassLoader::postDefineClass@2 (line 934)
                      ; - java.lang.ClassLoader::defineClass@37 (line 1028)
                      ; - java.security.SecureClassLoader::defineClass@12 (line 150)
                      ;   {poll}
  0x00007ffbbc67547c: 5424 1885 | 0785 c97d | dbb9 ffff | ffff 83f9 | ff0f 84aa | 0100 0085 | c90f 8c55 | 2100 000f 
  0x00007ffbbc67549c: 1f44 0000 | 413b c90f | 8f7f 2100 | 0041 3bc9 | 0f84 7101 | 0000 85c9 | 0f84 1714 | 0000 498b 
  0x00007ffbbc6754bc: 9fb8 0100 | 004c 8bd3 | 4983 c218 | 4d3b 97c8 | 0100 000f | 8345 1900 | 004d 8997 | b801 0000 
  0x00007ffbbc6754dc: 4c8b cb49 | 83c1 1048 | c703 0100 | 0000 410f | 0d8a 0001 

  0x00007ffbbc6754f0: ;   {metadata('java/lang/String')}
  0x00007ffbbc6754f0: 0000 c743 | 0840 e700 | 0044 8963 | 0cc5 fdef | c0c4 c179 | d601 4d8d | 5310 413b | c80f 849a 
  0x00007ffbbc675510: 0600 0081 | f900 0010 | 000f 87d7 | 1e00 004c | 63c9 443b | c141 8be8 | 0f4f e944 | 3bc5 0f82 
  0x00007ffbbc675530: 701f 0000 | 3bcd 0f82 | 681f 0000 | 4983 c117 | 498b d148 | 83e2 f881 | f900 0010 | 000f 8712 
  0x00007ffbbc675550: 1900 004d | 8baf b801 | 0000 4d8b | dd4c 03da | 4d3b 9fc8 | 0100 000f | 83f8 1800 | 004d 899f 
  0x00007ffbbc675570: b801 0000 | 410f 0d8b | 0001 0000 | 49c7 4500 | 0100 0000 | 410f 0d8b | 4001 0000 

  0x00007ffbbc67558c: ;   {metadata({type array byte})}
  0x00007ffbbc67558c: 41c7 4508 | 6822 0000 | 4189 4d0c | 410f 0d8b | 8001 0000 | 4d8b dd49 | 83c3 1049 | c1e9 0385 
  0x00007ffbbc6755ac: ed0f 844b | 1e00 003b | e90f 8c3c | 1200 0048 | 83c2 f048 | c1ea 0349 | 8bfa 498b | f3c5 f877 
  0x00007ffbbc6755cc: 49ba 805a | dfbb fb7f | 0000 41ff 

  0x00007ffbbc6755d8: ;   {other}
  0x00007ffbbc6755d8: d20f 1f84 | 0000 0000 | 0041 807f | 4000 0f85 | 8411 0000 | 4c8b d34d | 8bc5 4489 | 4314 4d8b 
  0x00007ffbbc6755f8: dd4d 33da | 49c1 eb14 | 4d85 db74 | 1a49 c1ea | 0948 bf00 | e099 b3fb | 7f00 0049 | 03fa 803f 
  0x00007ffbbc675618: 020f 8586 | 1100 0044 | 8863 1048 | 8bf3 6690 

  0x00007ffbbc675628: ;   {optimized virtual_call}
  0x00007ffbbc675628: c5f8 77e8 

  0x00007ffbbc67562c: ; ImmutableOopMap {[16]=Oop [24]=Oop [48]=Oop }
                      ;*invokevirtual intern {reexecute=0 rethrow=0 return_oop=1}
                      ; - java.lang.Class::getPackageName@65 (line 1169)
                      ; - java.lang.ClassLoader::postDefineClass@2 (line 934)
                      ; - java.lang.ClassLoader::defineClass@37 (line 1028)
                      ; - java.security.SecureClassLoader::defineClass@12 (line 150)
  0x00007ffbbc67562c: 1075 cfff 

  0x00007ffbbc675630: ;   {other}
  0x00007ffbbc675630: 0f1f 8400 | a00d 0008 | 4889 4424 | 4066 6690 | 4180 7f40 | 000f 859a | 1000 0048 | 8b5c 2440 
  0x00007ffbbc675650: 4c8b db4c | 8b54 2418 | 4589 5a3c | 4c8b db4d | 33da 49c1 | eb14 4d85 | db74 1f48 | 85db 741a 
  0x00007ffbbc675670: 49c1 ea09 | 48bf 00e0 | 99b3 fb7f | 0000 4903 | fa80 3f02 | 0f85 9510 | 0000 4c8b | 5c24 1045 
  0x00007ffbbc675690: 8b43 3845 | 85c0 0f84 | e019 0000 | 488b cb90 

  0x00007ffbbc6756a0: ; implicit exception: dispatches to 0x00007ffbbc677edc
  0x00007ffbbc6756a0: 8b43 0c4c | 8b54 2418 | 458b 4a30 | 85c0 0f84 | c303 0000 | 418b 7828 | 85ff 660f | 1f44 0000 
  0x00007ffbbc6756c0: 0f84 2001 | 0000 448b | 570c 4585 | d20f 86d9 | 1b00 008b | d8c1 eb10 | 33d8 41ff | ca81 e3ff 
  0x00007ffbbc6756e0: ffff 7f44 | 23d3 4d63 | d246 8b44 | 9710 4585 | c00f 84ef | 0000 0041 | 8b50 0c49 | 8bf8 6690 
  0x00007ffbbc675700: 3bd3 0f84 | 8c02 0000 | 85d2 0f8c | ec14 0000 | 448b 4718 | 4585 c00f | 84c9 0000 | 0049 8bd0 
  0x00007ffbbc675720: 498b b750 | 0400 008b 

  0x00007ffbbc675728: ; ImmutableOopMap {r11=Oop r9=NarrowOop rcx=Oop rdx=Oop [24]=Oop [48]=Oop }
                      ;*if_icmpne {reexecute=1 rethrow=0 return_oop=0}
                      ; - (reexecute) java.util.concurrent.ConcurrentHashMap::get@127 (line 946)
                      ; - java.lang.ClassLoader::getNamedPackage@5 (line 341)
                      ; - java.lang.ClassLoader::postDefineClass@9 (line 934)
                      ; - java.lang.ClassLoader::defineClass@37 (line 1028)
                      ; - java.security.SecureClassLoader::defineClass@12 (line 150)
                      ;   {poll}
  0x00007ffbbc675728: 7a0c 8506 | 3bfb 7412 | 448b 4218 | 4585 c00f | 84a9 0000 | 0049 8bd0 | ebde 8b6a | 104c 8bd5 
  0x00007ffbbc675748: 4c3b d10f | 8484 0000 | 0085 ed0f | 84cf 2200 | 0048 8954 | 2440 895c | 2438 4489 | 4c24 0c48 
  0x00007ffbbc675768: 894c 2428 | 4c8b 5424 | 184c 8954 | 2420 4c8b | 5424 304c | 8954 2418 | 4c89 5c24 | 1048 8bd5 
  0x00007ffbbc675788: 488b f148 | 8b6c 2420 

  0x00007ffbbc675790: ;   {optimized virtual_call}
  0x00007ffbbc675790: c5f8 77e8 

  0x00007ffbbc675794: ; ImmutableOopMap {rbp=Oop [12]=NarrowOop [16]=Oop [24]=Oop [40]=Oop [64]=Oop }
                      ;*invokevirtual equals {reexecute=0 rethrow=0 return_oop=0}
                      ; - java.util.concurrent.ConcurrentHashMap::get@149 (line 947)
                      ; - java.lang.ClassLoader::getNamedPackage@5 (line 341)
                      ; - java.lang.ClassLoader::postDefineClass@9 (line 934)
                      ; - java.lang.ClassLoader::defineClass@37 (line 1028)
                      ; - java.security.SecureClassLoader::defineClass@12 (line 150)
  0x00007ffbbc675794: 88c0 2400 

  0x00007ffbbc675798: ;   {other}
  0x00007ffbbc675798: 0f1f 8400 | 080f 000a | 4d8b 9750 

  0x00007ffbbc6757a4: ; ImmutableOopMap {rbp=Oop [12]=NarrowOop [16]=Oop [24]=Oop [40]=Oop [64]=Oop }
                      ;*ifeq {reexecute=1 rethrow=0 return_oop=0}
                      ; - (reexecute) java.util.concurrent.ConcurrentHashMap::get@152 (line 947)
                      ; - java.lang.ClassLoader::getNamedPackage@5 (line 341)
                      ; - java.lang.ClassLoader::postDefineClass@9 (line 934)
                      ; - java.lang.ClassLoader::defineClass@37 (line 1028)
                      ; - java.security.SecureClassLoader::defineClass@12 (line 150)
                      ;   {poll}
  0x00007ffbbc6757a4: 0400 0041 | 8502 85c0 | 0f84 a215 | 0000 4c8b | 5c24 104c | 8b54 2418 | 4c89 5424 | 3048 896c 
  0x00007ffbbc6757c4: 2418 488b | 4c24 2844 | 8b4c 240c | 488b 5424 | 408b 6a14 | 85ed 660f | 1f44 0000 | 0f85 2802 
  0x00007ffbbc6757e4: 0000 498b | 87b8 0100 | 004c 8bd0 | 4983 c218 | 0f1f 8400 | 0000 0000 | 6666 6690 | 4d3b 97c8 
  0x00007ffbbc675804: 0100 000f | 83d8 1600 | 004d 8997 | b801 0000 | 410f 0d8a | 0001 0000 | 48c7 0001 

  0x00007ffbbc675820: ;   {metadata('java/lang/NamedPackage')}
  0x00007ffbbc675820: 0000 00c7 | 4008 20bd | 0100 4489 | 600c 4c8b | d049 83c2 | 10c5 fdef | c0c4 c179 | d602 448b 
  0x00007ffbbc675840: 4114 458b | 500c 4585 | d20f 860e | 0400 004c | 895c 2410 | 4889 4c24 | 2048 8944 | 2428 498b 
  0x00007ffbbc675860: e944 894c | 240c 488b | 7424 2090 

  0x00007ffbbc67586c: ;   {optimized virtual_call}
  0x00007ffbbc67586c: c5f8 77e8 

  0x00007ffbbc675870: ; ImmutableOopMap {rbp=Oop [12]=NarrowOop [16]=Oop [24]=Oop [32]=Oop [40]=Oop [48]=Oop }
                      ;*invokevirtual intern {reexecute=0 rethrow=0 return_oop=1}
                      ; - java.lang.NamedPackage::<init>@47 (line 51)
                      ; - java.lang.ClassLoader::getNamedPackage@22 (line 343)
                      ; - java.lang.ClassLoader::postDefineClass@9 (line 934)
                      ; - java.lang.ClassLoader::defineClass@37 (line 1028)
                      ; - java.security.SecureClassLoader::defineClass@12 (line 150)
  0x00007ffbbc675870: 0cbf 79ff 

  0x00007ffbbc675874: ;   {other}
  0x00007ffbbc675874: 0f1f 8400 | e40f 000c | 4c8b e890 | 4180 7f40 | 000f 855a | 1000 0048 | 8b5c 2428 | 4d8b dd44 
  0x00007ffbbc675894: 895b 0c4c | 8bd3 4d8b | dd4d 33da | 49c1 eb14 | 4d85 db74 | 204d 85ed | 741b 49c1 | ea09 48bf 
  0x00007ffbbc6758b4: 00e0 99b3 | fb7f 0000 | 4903 fa90 | 803f 020f | 8593 1000 | 0041 807f | 4000 0f85 | 4b10 0000 
  0x00007ffbbc6758d4: 448b 6c24 | 0c44 896b | 104c 8bd5 | 4c8b db4d | 33d3 49c1 | ea14 4d85 | d274 1f45 | 85ed 741a 
  0x00007ffbbc6758f4: 49c1 eb09 | 48bf 00e0 | 99b3 fb7f | 0000 4903 | fb80 3f02 | 0f85 9f10 | 0000 4c8b | 5424 1045 
  0x00007ffbbc675914: 8b5a 3845 | 85db 660f | 1f44 0000 | 0f84 4b1b | 0000 4889 | 5c24 2849 | 8bf3 488b | 5424 2048 
  0x00007ffbbc675934: 8bcb 6690 

  0x00007ffbbc675938: ;   {optimized virtual_call}
  0x00007ffbbc675938: c5f8 77e8 

  0x00007ffbbc67593c: ; ImmutableOopMap {[12]=NarrowOop [16]=Oop [24]=Oop [40]=Oop [48]=Oop }
                      ;*invokevirtual putIfAbsent {reexecute=0 rethrow=0 return_oop=1}
                      ; - java.lang.ClassLoader::getNamedPackage@32 (line 345)
                      ; - java.lang.ClassLoader::postDefineClass@9 (line 934)
                      ; - java.lang.ClassLoader::defineClass@37 (line 1028)
                      ; - java.security.SecureClassLoader::defineClass@12 (line 150)
  0x00007ffbbc67593c: 40be 79ff 

  0x00007ffbbc675940: ;   {other}
  0x00007ffbbc675940: 0f1f 8400 | b010 000d | 4885 c00f | 8401 1000 | 0044 8b58 | 0849 ba00 | 0000 53fb | 7f00 004d 
  0x00007ffbbc675960: 03d3 4d8b 

  0x00007ffbbc675964: ;   {metadata('java/lang/NamedPackage')}
  0x00007ffbbc675964: 5238 49bb | 20bd 0153 | fb7f 0000 | 4d3b d30f | 8413 1b00 | 00be deff | ffff 488b | e866 6690 
  0x00007ffbbc675984: ;   {runtime_call UncommonTrapBlob}
  0x00007ffbbc675984: c5f8 77e8 

  0x00007ffbbc675988: ; ImmutableOopMap {rbp=Oop }
                      ;*checkcast {reexecute=0 rethrow=0 return_oop=0}
                      ; - java.lang.ClassLoader::getNamedPackage@35 (line 345)
                      ; - java.lang.ClassLoader::postDefineClass@9 (line 934)
                      ; - java.lang.ClassLoader::defineClass@37 (line 1028)
                      ; - java.security.SecureClassLoader::defineClass@12 (line 150)
  0x00007ffbbc675988: f44b 7aff 

  0x00007ffbbc67598c: ;   {other}
  0x00007ffbbc67598c: 0f1f 8400 | fc10 000e | 418b 6810 | 4c8b d50f | 1f44 0000 | 4c3b d10f | 8459 0000 | 0085 ed0f 
  0x00007ffbbc6759ac: 8474 1e00 | 0044 8944 | 242c 895c | 2428 4489 | 4c24 0c48 | 894c 2420 | 4c89 5c24 | 1048 8bd5 
  0x00007ffbbc6759cc: 488b f148 | 8be9 4889 | 7c24 4090 

  0x00007ffbbc6759d8: ;   {optimized virtual_call}
  0x00007ffbbc6759d8: c5f8 77e8 

  0x00007ffbbc6759dc: ; ImmutableOopMap {rbp=Oop [12]=NarrowOop [16]=Oop [24]=Oop [32]=Oop [44]=NarrowOop [48]=Oop [64]=Oop }
                      ;*invokevirtual equals {reexecute=0 rethrow=0 return_oop=0}
                      ; - java.util.concurrent.ConcurrentHashMap::get@73 (line 940)
                      ; - java.lang.ClassLoader::getNamedPackage@5 (line 341)
                      ; - java.lang.ClassLoader::postDefineClass@9 (line 934)
                      ; - java.lang.ClassLoader::defineClass@37 (line 1028)
                      ; - java.security.SecureClassLoader::defineClass@12 (line 150)
  0x00007ffbbc6759dc: 40be 2400 

  0x00007ffbbc6759e0: ;   {other}
  0x00007ffbbc6759e0: 0f1f 8400 | 5011 000f | 85c0 0f84 | 6c1e 0000 | 4c8b 5c24 | 1048 8bcd | 448b 4c24 | 0c44 8b44 
  0x00007ffbbc675a00: 242c 418b | 6814 85ed | 0f84 d8fd | ffff 448b | 4508 49ba | 0000 0053 | fb7f 0000 | 4d03 d04d 
  0x00007ffbbc675a20: ;   {metadata('java/lang/NamedPackage')}
  0x00007ffbbc675a20: 8b52 3849 | b820 bd01 | 53fb 7f00 | 004d 3bd0 | 0f85 e617 | 0000 4c8b | 5424 3045 | 8b4a 1090 
  0x00007ffbbc675a40: ; implicit exception: dispatches to 0x00007ffbbc67806c
  0x00007ffbbc675a40: 418b 4914 | 85c9 0f85 | 6209 0000 | 458b 5110 | 4585 d20f | 85f5 0900 | 0048 8b44 | 2418 c5f8 
  0x00007ffbbc675a60: 7748 81c4 | b000 0000 

  0x00007ffbbc675a68: ;   {poll_return}
  0x00007ffbbc675a68: 5d49 3ba7 | 4804 0000 | 0f87 d428 | 0000 c344 | 0fb6 5311 | 0f1f 4000 | 4585 d20f | 859c 0f00 
  0x00007ffbbc675a88: 000f be5b | 1085 db0f | 85f7 1d00 | 0044 894c | 2428 4889 | 4c24 2044 | 8b59 1449 | 8be8 4489 
  0x00007ffbbc675aa8: 4424 0c49 | 8bf3 6690 

  0x00007ffbbc675ab0: ;   {static_call}
  0x00007ffbbc675ab0: c5f8 77e8 

  0x00007ffbbc675ab4: ; ImmutableOopMap {rbp=Oop [12]=NarrowOop [16]=Oop [24]=Oop [32]=Oop [40]=NarrowOop [48]=Oop }
                      ;*invokestatic hashCode {reexecute=0 rethrow=0 return_oop=0}
                      ; - java.lang.String::hashCode@27 (line 2369)
                      ; - java.util.concurrent.ConcurrentHashMap::get@1 (line 936)
                      ; - java.lang.ClassLoader::getNamedPackage@5 (line 341)
                      ; - java.lang.ClassLoader::postDefineClass@9 (line 934)
                      ; - java.lang.ClassLoader::defineClass@37 (line 1028)
                      ; - java.security.SecureClassLoader::defineClass@12 (line 150)
  0x00007ffbbc675ab4: 0812 e7ff 

  0x00007ffbbc675ab8: ;   {other}
  0x00007ffbbc675ab8: 0f1f 8400 | 2812 0010 | 85c0 0f84 | 3d0f 0000 | 488b 4c24 | 2089 410c | 4c8b 5c24 | 1044 8b44 
  0x00007ffbbc675ad8: 240c 448b | 4c24 2890 | e9cf fbff | ff4c 8b6c | 2418 e994 | f7ff ff4c | 63ce 81fe | 0000 1000 
  0x00007ffbbc675af8: 0f87 ae14 | 0000 498b | afb8 0100 | 004d 8d41 | 1749 83e0 | f848 8bcd | 4903 c866 | 0f1f 8400 
  0x00007ffbbc675b18: 0000 0000 | 6666 6690 | 493b 8fc8 | 0100 000f | 837f 1400 | 0049 898f | b801 0000 | 0f0d 8900 
  0x00007ffbbc675b38: 0100 0048 | c745 0001 | 0000 000f | 0d89 4001 

  0x00007ffbbc675b48: ;   {metadata({type array byte})}
  0x00007ffbbc675b48: 0000 c745 | 0868 2200 | 0089 750c | 0f0d 8980 | 0100 0048 | 895c 2450 | 4c89 6c24 | 584c 894c 
  0x00007ffbbc675b68: 2460 488b | f548 83c6 | 1048 8b54 | 2460 4883 | c207 48c1 | ea03 488b | 7c24 48c5 | f877 49ba 
  0x00007ffbbc675b88: 805a dfbb | fb7f 0000 

  0x00007ffbbc675b90: ;   {other}
  0x00007ffbbc675b90: 41ff d20f | 1f84 0000 | 0000 0048 | 8b5c 2450 | 4c8b 6c24 | 584c 8bd5 | e989 f6ff | ff49 63d0 
  0x00007ffbbc675bb0: 4181 f800 | 0010 000f | 872f 1400 | 0049 8baf | b801 0000 | 4c8d 4a17 | 4983 e1f8 | 488b cd49 
  0x00007ffbbc675bd0: 03c9 6666 | 0f1f 8400 | 0000 0000 | 6666 6690 | 493b 8fc8 | 0100 000f | 83ff 1300 | 0049 898f 
  0x00007ffbbc675bf0: b801 0000 | 0f0d 8900 | 0100 0048 | c745 0001 | 0000 000f | 0d89 4001 

  0x00007ffbbc675c08: ;   {metadata({type array byte})}
  0x00007ffbbc675c08: 0000 c745 | 0868 2200 | 0044 8945 | 0c0f 0d89 | 8001 0000 | 488b f548 | 83c6 1048 | 83c2 0748 
  0x00007ffbbc675c28: c1ea 0349 | 8bfa c5f8 | 7749 ba80 | 5adf bbfb | 7f00 0041 

  0x00007ffbbc675c3c: ;   {other}
  0x00007ffbbc675c3c: ffd2 0f1f | 8400 0000 | 0000 4c8b | ede9 93f9 

  0x00007ffbbc675c4c: ;   {oop(""{0x00000000ffe00000})}
  0x00007ffbbc675c4c: ffff 49bd | 0000 e0ff | 0000 0000 | e926 f6ff | ff66 6690 | 4585 c90f | 841b 1f00 | 0048 8944 
  0x00007ffbbc675c6c: 2428 4889 | 4c24 204c | 895c 2410 | 4d8b d14c | 8954 2438 | 4489 4c24 | 0c49 8bf2 

  0x00007ffbbc675c88: ;   {optimized virtual_call}
  0x00007ffbbc675c88: c5f8 77e8 

  0x00007ffbbc675c8c: ; ImmutableOopMap {[12]=NarrowOop [16]=Oop [24]=Oop [32]=Oop [40]=Oop [48]=Oop [56]=Oop }
                      ;*invokevirtual isNamed {reexecute=0 rethrow=0 return_oop=0}
                      ; - java.lang.NamedPackage::<init>@12 (line 48)
                      ; - java.lang.ClassLoader::getNamedPackage@22 (line 343)
                      ; - java.lang.ClassLoader::postDefineClass@9 (line 934)
                      ; - java.lang.ClassLoader::defineClass@37 (line 1028)
                      ; - java.security.SecureClassLoader::defineClass@12 (line 150)
  0x00007ffbbc675c8c: f0ba 79ff 

  0x00007ffbbc675c90: ;   {other}
  0x00007ffbbc675c90: 0f1f 8400 | 0014 0011 | 85c0 660f | 1f44 0000 | 0f84 860d | 0000 498b | 87b8 0100 | 004c 8bd0 
  0x00007ffbbc675cb0: 4983 c228 | 0f1f 8400 | 0000 0000 | 6666 6690 | 4d3b 97c8 | 0100 000f | 8398 1a00 | 004d 8997 
  0x00007ffbbc675cd0: b801 0000 | 410f 0d8a | 0001 0000 | 48c7 0001 | 0000 004c | 8bd8 4983 

  0x00007ffbbc675ce8: ;   {metadata('java/lang/InternalError')}
  0x00007ffbbc675ce8: c310 c740 | 0870 0501 | 0044 8960 | 0cc5 fdef | c041 ba07 | 0000 00c4 | c178 92fa | 62d1 fe2f 
  0x00007ffbbc675d08: 7f03 4c8b | d04c 8954 | 2458 498b | 87b8 0100 | 004c 8bd0 | 4983 c218 | 4d3b 97c8 | 0100 000f 
  0x00007ffbbc675d28: 8358 1a00 | 004d 8997 | b801 0000 | 410f 0d8a | 0001 0000 | 48c7 0001 | 0000 004c | 8bd0 4983 
  0x00007ffbbc675d48: ;   {metadata('java/lang/StringBuilder')}
  0x00007ffbbc675d48: c210 c740 | 0818 8000 | 0044 8960 | 0cc5 fdef | c0c4 c179 | d602 488b | e848 8bf5 

  0x00007ffbbc675d64: ;   {optimized virtual_call}
  0x00007ffbbc675d64: c5f8 77e8 

  0x00007ffbbc675d68: ; ImmutableOopMap {rbp=Oop [12]=NarrowOop [16]=Oop [24]=Oop [32]=Oop [40]=Oop [48]=Oop [56]=Oop [88]=Oop }
                      ;*invokespecial <init> {reexecute=0 rethrow=0 return_oop=0}
                      ; - java.lang.NamedPackage::<init>@26 (line 49)
                      ; - java.lang.ClassLoader::getNamedPackage@22 (line 343)
                      ; - java.lang.ClassLoader::postDefineClass@9 (line 934)
                      ; - java.lang.ClassLoader::defineClass@37 (line 1028)
                      ; - java.security.SecureClassLoader::defineClass@12 (line 150)
  0x00007ffbbc675d68: 14ba 79ff 

  0x00007ffbbc675d6c: ;   {other}
  0x00007ffbbc675d6c: 0f1f 8400 | dc14 0012 

  0x00007ffbbc675d74: ;   {oop("unnamed package in  "{0x00000000ffe6c978})}
  0x00007ffbbc675d74: 48ba 78c9 | e6ff 0000 | 0000 488b | f566 6690 

  0x00007ffbbc675d84: ;   {optimized virtual_call}
  0x00007ffbbc675d84: c5f8 77e8 

  0x00007ffbbc675d88: ; ImmutableOopMap {[12]=NarrowOop [16]=Oop [24]=Oop [32]=Oop [40]=Oop [48]=Oop [56]=Oop [88]=Oop }
                      ;*invokevirtual append {reexecute=0 rethrow=0 return_oop=1}
                      ; - java.lang.NamedPackage::<init>@31 (line 49)
                      ; - java.lang.ClassLoader::getNamedPackage@22 (line 343)
                      ; - java.lang.ClassLoader::postDefineClass@9 (line 934)
                      ; - java.lang.ClassLoader::defineClass@37 (line 1028)
                      ; - java.security.SecureClassLoader::defineClass@12 (line 150)
  0x00007ffbbc675d88: f4b9 79ff 

  0x00007ffbbc675d8c: ;   {other}
  0x00007ffbbc675d8c: 0f1f 8400 | fc14 0013 | 4885 c00f | 84ff 1d00 | 0048 8bf0 | 488b 5424 | 384c 8b54 | 2458 4c89 
  0x00007ffbbc675dac: 5424 4890 

  0x00007ffbbc675db0: ;   {optimized virtual_call}
  0x00007ffbbc675db0: c5f8 77e8 

  0x00007ffbbc675db4: ; ImmutableOopMap {[12]=NarrowOop [16]=Oop [24]=Oop [32]=Oop [40]=Oop [48]=Oop [72]=Oop [88]=Oop }
                      ;*invokevirtual append {reexecute=0 rethrow=0 return_oop=1}
                      ; - java.lang.NamedPackage::<init>@35 (line 49)
                      ; - java.lang.ClassLoader::getNamedPackage@22 (line 343)
                      ; - java.lang.ClassLoader::postDefineClass@9 (line 934)
                      ; - java.lang.ClassLoader::defineClass@37 (line 1028)
                      ; - java.security.SecureClassLoader::defineClass@12 (line 150)
  0x00007ffbbc675db4: c8b9 79ff 

  0x00007ffbbc675db8: ;   {other}
  0x00007ffbbc675db8: 0f1f 8400 | 2815 0014 | 4885 c00f | 84ef 1d00 | 0048 8bf0 

  0x00007ffbbc675dcc: ;   {optimized virtual_call}
  0x00007ffbbc675dcc: c5f8 77e8 

  0x00007ffbbc675dd0: ; ImmutableOopMap {[12]=NarrowOop [16]=Oop [24]=Oop [32]=Oop [40]=Oop [48]=Oop [72]=Oop }
                      ;*invokevirtual toString {reexecute=0 rethrow=0 return_oop=1}
                      ; - java.lang.NamedPackage::<init>@38 (line 49)
                      ; - java.lang.ClassLoader::getNamedPackage@22 (line 343)
                      ; - java.lang.ClassLoader::postDefineClass@9 (line 934)
                      ; - java.lang.ClassLoader::defineClass@37 (line 1028)
                      ; - java.security.SecureClassLoader::defineClass@12 (line 150)
  0x00007ffbbc675dd0: acb9 79ff 

  0x00007ffbbc675dd4: ;   {other}
  0x00007ffbbc675dd4: 0f1f 8400 | 4415 0015 | 488b 7424 | 4848 8bd0 

  0x00007ffbbc675de4: ;   {optimized virtual_call}
  0x00007ffbbc675de4: c5f8 77e8 

  0x00007ffbbc675de8: ; ImmutableOopMap {[12]=NarrowOop [16]=Oop [24]=Oop [32]=Oop [40]=Oop [48]=Oop [72]=Oop }
                      ;*invokespecial <init> {reexecute=0 rethrow=0 return_oop=0}
                      ; - java.lang.NamedPackage::<init>@41 (line 49)
                      ; - java.lang.ClassLoader::getNamedPackage@22 (line 343)
                      ; - java.lang.ClassLoader::postDefineClass@9 (line 934)
                      ; - java.lang.ClassLoader::defineClass@37 (line 1028)
                      ; - java.security.SecureClassLoader::defineClass@12 (line 150)
  0x00007ffbbc675de8: 94b9 79ff 

  0x00007ffbbc675dec: ;   {other}
  0x00007ffbbc675dec: 0f1f 8400 | 5c15 0016 | 488b 7424 | 48c5 f877 | 4881 c4b0 | 0000 005d 

  0x00007ffbbc675e04: ;   {runtime_call _rethrow_Java}
  0x00007ffbbc675e04: e9f7 ec87 | ff33 ff89 | 7c24 08e9 | b0f2 ffff | 458b 5a0c | 458b 4208 | 4d63 cb49 | 8bea 49c1 
  0x00007ffbbc675e24: e102 4181 | fb00 0004 | 000f 8772 | 1900 0048 | 8bcd 4d8b | b7b8 0100 | 0049 8d79 | 1748 83e7 
  0x00007ffbbc675e44: f849 8bd6 | 4803 d749 | 3b97 c801 | 0000 0f83 | 4d19 0000 | 4989 97b8 | 0100 000f | 0d8a 0001 
  0x00007ffbbc675e64: 0000 49c7 | 0601 0000 | 0045 8946 | 0845 895e | 0c0f 0d8a | 4001 0000 | 0f0d 8a80 | 0100 0049 
  0x00007ffbbc675e84: 8d7a 1049 | 8bf6 4883 | c610 4983 | c107 49c1 | e903 498b | d1c5 f877 | 49ba 805a | dfbb fb7f 
  0x00007ffbbc675ea4: 0000 41ff 

  0x00007ffbbc675ea8: ;   {other}
  0x00007ffbbc675ea8: d20f 1f84 | 0000 0000 

  0x00007ffbbc675eb0: ;   {oop(""{0x00000000ffe00000})}
  0x00007ffbbc675eb0: 0049 b800 | 00e0 ff00 | 0000 0049 | b900 e099 | b3fb 7f00 | 0049 8bee | e933 0300 | 0049 8b87 
  0x00007ffbbc675ed0: b801 0000 | 4c8b d049 | 83c2 1849 | 8bfb 6690 | 4d3b 97c8 | 0100 000f | 8329 1a00 | 004d 8997 
  0x00007ffbbc675ef0: b801 0000 | 410f 0d8a | 0001 0000 | 48c7 0001 

  0x00007ffbbc675f00: ;   {metadata('java/util/ArrayList')}
  0x00007ffbbc675f00: 0000 00c7 | 4008 90af | 0b00 4489 | 600c 4489 

  0x00007ffbbc675f10: ;   {oop(a 'java/lang/Object'[0] {0x000000008005aeb0})}
  0x00007ffbbc675f10: 6010 c740 | 14b0 ae05 | 8048 8bc8 | 458b 510c | 4585 d276 

  0x00007ffbbc675f24: ;   {oop(""{0x00000000ffe00000})}
  0x00007ffbbc675f24: 1949 bb00 | 00e0 ff00 | 0000 0048 | ba00 e099 | b3fb 7f00 | 0045 33c0 

  0x00007ffbbc675f3c: ;   {oop(""{0x00000000ffe00000})}
  0x00007ffbbc675f3c: eb59 49ba | 0000 e0ff | 0000 0000 | 49bb 00e0 | 99b3 fb7f | 0000 e910 | 0100 0066 | 0f1f 8400 
  0x00007ffbbc675f5c: 0000 0000 | 4889 6c24 | 1048 ff74 | 2408 488f | 4424 1844 | 8b5c 243c | 4489 5c24 | 0848 8b5c 
  0x00007ffbbc675f7c: 2440 4c8b | 5c24 4848 | 8b54 2450 | 4c8b 6c24 | 5848 8b7c | 2460 488b | 4c24 6845 | 8b51 0c0f 
  0x00007ffbbc675f9c: 1f44 0000 | 453b c20f | 837f 1b00 | 0047 8b54 | 8110 458b | 4a10 458b | 4910 4489 | 4424 7048 
  0x00007ffbbc675fbc: 894c 2468 | 4889 7c24 | 604c 896c | 2458 4889 | 5424 504c | 895c 2448 | 4889 5c24 | 4044 8b54 
  0x00007ffbbc675fdc: 2408 4489 | 5424 3c48 | ff74 2418 | 488f 4424 | 0848 8b6c | 2410 498b | d148 8bf1 

  0x00007ffbbc675ff8: ;   {optimized virtual_call}
  0x00007ffbbc675ff8: c5f8 77e8 

  0x00007ffbbc675ffc: ; ImmutableOopMap {rbp=Oop [8]=Oop [32]=Oop [48]=Oop [56]=NarrowOop [64]=Oop [72]=Oop [88]=Oop [96]=Oop [104]=Oop }
                      ;*invokevirtual addAll {reexecute=0 rethrow=0 return_oop=0}
                      ; - java.security.CodeSource::getCertificates@57 (line 212)
                      ; - java.lang.ClassLoader::checkCerts@34 (line 1168)
                      ; - java.lang.ClassLoader::preDefineClass@113 (line 917)
                      ; - java.lang.ClassLoader::defineClass@4 (line 1025)
                      ; - java.security.SecureClassLoader::defineClass@12 (line 150)
  0x00007ffbbc675ffc: 80b7 79ff 

  0x00007ffbbc676000: ;   {other}
  0x00007ffbbc676000: 0f1f 8400 | 7017 0017 | 4d8b 9750 | 0400 0044 | 8b5c 2438 | 458b 4b10 | 448b 4424 

  0x00007ffbbc67601c: ; ImmutableOopMap {r9=NarrowOop rbp=Oop [8]=Oop [32]=Oop [48]=Oop [56]=NarrowOop [64]=Oop [72]=Oop [88]=Oop [96]=Oop [104]=Oop }
                      ;*goto {reexecute=1 rethrow=0 return_oop=0}
                      ; - (reexecute) java.security.CodeSource::getCertificates@64 (line 211)
                      ; - java.lang.ClassLoader::checkCerts@34 (line 1168)
                      ; - java.lang.ClassLoader::preDefineClass@113 (line 917)
                      ; - java.lang.ClassLoader::defineClass@4 (line 1025)
                      ; - java.security.SecureClassLoader::defineClass@12 (line 150)
  0x00007ffbbc67601c: 7041 ffc0 

  0x00007ffbbc676020: ;   {poll}
  0x00007ffbbc676020: 4185 0245 | 8b59 0c45 | 3bc3 0f8c | 30ff ffff | 4889 6c24 | 1048 ff74 | 2408 488f | 4424 1844 
  0x00007ffbbc676040: 8b54 243c | 4489 5424 | 0848 8b5c | 2440 4c8b | 5424 484c | 8b5c 2450 | 4c8b 6c24 | 5848 8b7c 
  0x00007ffbbc676060: 2460 488b | 4c24 6849 | 8b87 b801 | 0000 4c8b | c049 83c0 | 1066 6666 | 0f1f 8400 | 0000 0000 
  0x00007ffbbc676080: 4d3b 87c8 | 0100 000f | 8318 1900 | 004d 8987 | b801 0000 | 410f 0d88 | 0001 0000 | 48c7 0001 
  0x00007ffbbc6760a0: 0000 0041 | 0f0d 8840 

  0x00007ffbbc6760a8: ;   {metadata('java/security/cert/Certificate'[])}
  0x00007ffbbc6760a8: 0100 00c7 | 4008 e047 | 1000 410f | 0d88 8001 | 0000 4489 | 600c 4889 | 5c24 408b | 6c24 384c 
  0x00007ffbbc6760c8: 8954 2448 | 4c89 5c24 | 504c 896c | 2458 4889 | 7c24 6048 | 894c 2468 | 488b d048 | 8b74 2468 
  0x00007ffbbc6760e8: ;   {optimized virtual_call}
  0x00007ffbbc6760e8: c5f8 77e8 

  0x00007ffbbc6760ec: ; ImmutableOopMap {rbp=NarrowOop [16]=Oop [24]=Oop [32]=Oop [48]=Oop [64]=Oop [72]=Oop [88]=Oop [96]=Oop }
                      ;*invokevirtual toArray {reexecute=0 rethrow=0 return_oop=1}
                      ; - java.security.CodeSource::getCertificates@73 (line 215)
                      ; - java.lang.ClassLoader::checkCerts@34 (line 1168)
                      ; - java.lang.ClassLoader::preDefineClass@113 (line 917)
                      ; - java.lang.ClassLoader::defineClass@4 (line 1025)
                      ; - java.security.SecureClassLoader::defineClass@12 (line 150)
  0x00007ffbbc6760ec: 90b6 79ff 

  0x00007ffbbc6760f0: ;   {other}
  0x00007ffbbc6760f0: 0f1f 8400 | 6018 0019 | 4c8b c80f | 1f44 0000 

  0x00007ffbbc676100: ; implicit exception: dispatches to 0x00007ffbbc678148
  0x00007ffbbc676100: 448b 5808 

  0x00007ffbbc676104: ;   {metadata('java/security/cert/Certificate'[])}
  0x00007ffbbc676104: 4181 fbe0 | 4710 000f | 850b 1d00 | 0041 807f | 4000 0f85 | dc13 0000 | 4c8b 5424 | 604d 8bd9 
  0x00007ffbbc676124: 4489 5d14 | 4d8b d94d | 33da 49c1 | eb14 4d85 | db74 1a49 | c1ea 0948 | bf00 e099 | b3fb 7f00 
  0x00007ffbbc676144: 0049 03fa | 803f 020f | 85de 1300 | 0045 8b41 | 0c45 8b51 | 084d 63d8 | 49c1 e302 | 4181 f800 
  0x00007ffbbc676164: 0004 000f | 8780 1800 | 0049 8baf | b801 0000 | 498d 4b17 | 4883 e1f8 | 488b dd48 | 03d9 493b 
  0x00007ffbbc676184: 9fc8 0100 | 000f 835e | 1800 0049 | 899f b801 | 0000 0f0d | 8b00 0100 | 0048 c745 | 0001 0000 
  0x00007ffbbc6761a4: 0044 8955 | 0844 8945 | 0c0f 0d8b | 4001 0000 | 0f0d 8b80 | 0100 0049 | 8bf9 4883 | c710 488b 
  0x00007ffbbc6761c4: f548 83c6 | 1049 83c3 | 0749 c1eb | 0349 8bd3 | c5f8 7749 | ba80 5adf | bbfb 7f00 | 0041 ffd2 
  0x00007ffbbc6761e4: ;   {other}
  0x00007ffbbc6761e4: 0f1f 8400 | 0000 0000 | 488b 5c24 | 404c 8b44 | 2448 4c8b | 4c24 504c | 8b6c 2458 | 4c8b d5e9 
  0x00007ffbbc676204: bff0 ffff | 458b 5d14 | 4585 db0f | 8436 f0ff | ff4d 8b47 | 2849 8bfb | 0f1f 4000 | 4d85 c00f 
  0x00007ffbbc676224: 847b 1100 | 004d 8b5f | 384b 897c | 03f8 4983 | c0f8 4d89 | 4728 e90c | f0ff ff4d | 8b57 484d 
  0x00007ffbbc676244: 8b5f 58f0 | 8344 24c0 | 0080 3f00 | 0f84 29f0 | ffff 4488 | 274d 85d2 | 7520 498b | f7c5 f877 
  0x00007ffbbc676264: 49ba 80cf | afd0 fb7f | 0000 41ff 

  0x00007ffbbc676270: ;   {other}
  0x00007ffbbc676270: d20f 1f84 | 0000 0000 | 00e9 01f0 | ffff 4b89 | 7c13 f849 | 83c2 f84d | 8957 48e9 | efef ffff 
  0x00007ffbbc676290: 4863 d54c | 8d4a 1049 | 8bc9 4883 | e1f8 498b | fa48 03f9 | 49c1 e903 | 4d2b c149 | 8bc8 4833 
  0x00007ffbbc6762b0: c048 83f9 | 087f 1048 | ffc9 7856 | 4889 04cf | 48ff c97d | f7eb 4bc5 | fdef c0e9 | 0d00 0000 
  0x00007ffbbc6762d0: c5fe 7f07 | c5fe 7f47 | 2048 83c7 | 4048 83e9 | 087d ed48 | 83c1 047c | 0cc5 fe7f | 0748 83c7 
  0x00007ffbbc6762f0: 2048 83e9 | 0448 83c1 | 047e 1748 | c7c0 ffff | ffff c4e2 | f0f5 c0c4 | e1fb 92f8 | 62f1 fe2f 
  0x00007ffbbc676310: 7f07 4883 | fa20 772d | 4c63 c549 | b9ff ffff | ffff ffff | ffc4 42b8 | f5c9 c4c1 | fb92 f94c 
  0x00007ffbbc676330: 8b44 2448 | 62d1 7faf | 6f00 62d1 | 7f2f 7f03 | e9f1 eeff | ff4d 8bc3 | 4c89 5424 | 504c 896c 
  0x00007ffbbc676350: 2440 448b | 5c24 3844 | 895c 240c | 4889 5c24 | 3848 8b7c | 2448 498b | f0c5 f877 | 49ba c039 
  0x00007ffbbc676370: ;   {no_reloc}
  0x00007ffbbc676370: dfbb fb7f | 0000 41ff 

  0x00007ffbbc676378: ;   {other}
  0x00007ffbbc676378: d20f 1f84 | 0000 0000 | 0048 8b5c | 2438 448b | 5c24 0c44 | 895c 2438 | 4c8b 6c24 | 404c 8b54 
  0x00007ffbbc676398: 2450 e997 

  0x00007ffbbc67639c: ;   {oop(""{0x00000000ffe00000})}
  0x00007ffbbc67639c: eeff ff49 | bd00 00e0 | ff00 0000 | 00e9 d5ee | ffff 8b51 | 0c44 8b51 | 0848 8be9 | 4c63 ca49 
  0x00007ffbbc6763bc: c1e1 0290 | 81fa 0000 | 0400 0f87 | 1015 0000 | 498b 87b8 | 0100 004d | 8d41 1749 | 83e0 f848 
  0x00007ffbbc6763dc: 8bd8 4903 | d849 3b9f | c801 0000 | 0f83 ee14 | 0000 4989 | 9fb8 0100 | 000f 0d8b | 0001 0000 
  0x00007ffbbc6763fc: 48c7 0001 | 0000 0044 | 8950 0889 | 500c 0f0d | 8b40 0100 | 000f 0d8b | 8001 0000 | 488b d848 
  0x00007ffbbc67641c: 8d79 1048 | 8bf3 4883 | c610 4983 | c107 49c1 | e903 498b | d1c5 f877 | 49ba 805a | dfbb fb7f 
  0x00007ffbbc67643c: 0000 41ff 

  0x00007ffbbc676440: ;   {other}
  0x00007ffbbc676440: d20f 1f84 | 0000 0000 | 00e9 7402 | 0000 498b | 87b8 0100 | 004c 8bc0 | 4983 c018 | 498b d990 
  0x00007ffbbc676460: 4d3b 87c8 | 0100 000f | 83f3 1500 | 004d 8987 | b801 0000 | 410f 0d88 | 0001 0000 | 48c7 0001 
  0x00007ffbbc676480: ;   {metadata('java/util/ArrayList')}
  0x00007ffbbc676480: 0000 00c7 | 4008 90af | 0b00 4489 | 600c 4489 | 6010 418b 

  0x00007ffbbc676494: ;   {oop(a 'java/lang/Object'[0] {0x000000008005aeb0})}
  0x00007ffbbc676494: 520c c740 | 14b0 ae05 | 8048 8bc8 | 85d2 0f86 | 9100 0000 | 4533 c0eb | 1066 6690 | 4c8b dd48 
  0x00007ffbbc6764b4: 8b5c 2420 | 488b 4c24 | 2866 6690 

  0x00007ffbbc6764c0: ; implicit exception: dispatches to 0x00007ffbbc6780e8
  0x00007ffbbc6764c0: 418b 520c | 443b c20f | 83c7 1700 | 0043 8b7c | 8210 448b | 5710 458b | 5210 4489 | 4424 3048 
  0x00007ffbbc6764e0: 894c 2428 | 4889 5c24 | 2044 894c | 240c 498b | eb49 8bd2 | 488b f190 

  0x00007ffbbc6764f8: ;   {optimized virtual_call}
  0x00007ffbbc6764f8: c5f8 77e8 

  0x00007ffbbc6764fc: ; ImmutableOopMap {rbp=Oop [12]=NarrowOop [24]=Oop [32]=Oop [40]=Oop }
                      ;*invokevirtual addAll {reexecute=0 rethrow=0 return_oop=0}
                      ; - java.security.CodeSource::getCertificates@57 (line 212)
                      ; - java.lang.ClassLoader::postDefineClass@24 (line 937)
                      ; - java.lang.ClassLoader::defineClass@37 (line 1028)
                      ; - java.security.SecureClassLoader::defineClass@12 (line 150)
  0x00007ffbbc6764fc: 80b2 79ff 

  0x00007ffbbc676500: ;   {other}
  0x00007ffbbc676500: 0f1f 8400 | 701c 001a | 4d8b 9f50 | 0400 0044 | 8b4c 240c | 458b 5110 | 448b 4424 

  0x00007ffbbc67651c: ; ImmutableOopMap {r10=NarrowOop r9=NarrowOop rbp=Oop [24]=Oop [32]=Oop [40]=Oop }
                      ;*goto {reexecute=1 rethrow=0 return_oop=0}
                      ; - (reexecute) java.security.CodeSource::getCertificates@64 (line 211)
                      ; - java.lang.ClassLoader::postDefineClass@24 (line 937)
                      ; - java.lang.ClassLoader::defineClass@37 (line 1028)
                      ; - java.security.SecureClassLoader::defineClass@12 (line 150)
  0x00007ffbbc67651c: 3041 ffc0 

  0x00007ffbbc676520: ;   {poll}
  0x00007ffbbc676520: 4185 0345 | 8b5a 0c45 | 3bc3 7c84 | 4c8b dd48 | 8b5c 2420 | 488b 4c24 | 2849 8b87 | b801 0000 
  0x00007ffbbc676540: 4c8b d049 | 83c2 104d | 3b97 c801 | 0000 0f83 | 5115 0000 | 4d89 97b8 | 0100 0041 | 0f0d 8a00 
  0x00007ffbbc676560: 0100 0048 | c700 0100 | 0000 410f | 0d8a 4001 

  0x00007ffbbc676570: ;   {metadata('java/security/cert/Certificate'[])}
  0x00007ffbbc676570: 0000 c740 | 08e0 4710 | 0041 0f0d | 8a80 0100 | 0044 8960 | 0c4c 895c | 2410 418b | e948 895c 
  0x00007ffbbc676590: 2420 4889 | 4c24 2848 | 8bd0 488b | 7424 2890 

  0x00007ffbbc6765a0: ;   {optimized virtual_call}
  0x00007ffbbc6765a0: c5f8 77e8 

  0x00007ffbbc6765a4: ; ImmutableOopMap {rbp=NarrowOop [16]=Oop [24]=Oop [32]=Oop }
                      ;*invokevirtual toArray {reexecute=0 rethrow=0 return_oop=1}
                      ; - java.security.CodeSource::getCertificates@73 (line 215)
                      ; - java.lang.ClassLoader::postDefineClass@24 (line 937)
                      ; - java.lang.ClassLoader::defineClass@37 (line 1028)
                      ; - java.security.SecureClassLoader::defineClass@12 (line 150)
  0x00007ffbbc6765a4: d8b1 79ff 

  0x00007ffbbc6765a8: ;   {other}
  0x00007ffbbc6765a8: 0f1f 8400 | 181d 001c | 4c8b e844 | 8b58 0866 | 0f1f 8400 | 0000 0000 

  0x00007ffbbc6765c0: ;   {metadata('java/security/cert/Certificate'[])}
  0x00007ffbbc6765c0: 4181 fbe0 | 4710 000f | 857f 1800 | 0041 807f | 4000 0f85 | ad10 0000 | 8bdd 4d8b | d54c 8954 
  0x00007ffbbc6765e0: 2428 4c8b | 5424 204c | 8b5c 2428 | 4d8b c344 | 8943 144d | 33da 49c1 | eb14 660f | 1f44 0000 
  0x00007ffbbc676600: 4d85 db74 | 1649 c1ea | 094c 8b44 | 2448 4d03 | c241 8038 | 020f 85a4 | 1000 004c | 8b54 2428 
  0x00007ffbbc676620: 458b 5a0c | 458b 5208 | 4963 eb48 | c1e5 0241 | 81fb 0000 | 0400 0f87 | a114 0000 | 498b 87b8 
  0x00007ffbbc676640: 0100 004c | 8d45 1749 | 83e0 f84c | 8bc8 4d03 | c84d 3b8f | c801 0000 | 0f83 7f14 | 0000 4d89 
  0x00007ffbbc676660: 8fb8 0100 | 0041 0f0d | 8900 0100 | 0048 c700 | 0100 0000 | 4489 5008 | 4489 580c | 410f 0d89 
  0x00007ffbbc676680: 4001 0000 | 410f 0d89 | 8001 0000 | 488b d848 | 8b7c 2428 | 4883 c710 | 488b f348 | 83c6 1048 
  0x00007ffbbc6766a0: 83c5 0748 | c1ed 0348 | 8bd5 c5f8 | 7749 ba80 | 5adf bbfb | 7f00 0041 

  0x00007ffbbc6766b8: ;   {other}
  0x00007ffbbc6766b8: ffd2 0f1f | 8400 0000 | 0000 488b | 7424 1848 | 8bd3 6690 

  0x00007ffbbc6766cc: ;   {optimized virtual_call}
  0x00007ffbbc6766cc: c5f8 77e8 

  0x00007ffbbc6766d0: ; ImmutableOopMap {[24]=Oop }
                      ;*invokevirtual setSigners {reexecute=0 rethrow=0 return_oop=0}
                      ; - java.lang.ClassLoader::setSigners@2 (line 1318)
                      ; - java.lang.ClassLoader::postDefineClass@35 (line 939)
                      ; - java.lang.ClassLoader::defineClass@37 (line 1028)
                      ; - java.security.SecureClassLoader::defineClass@12 (line 150)
  0x00007ffbbc6766d0: acb0 79ff 

  0x00007ffbbc6766d4: ;   {other}
  0x00007ffbbc6766d4: 0f1f 8400 | 441e 001d | 0f1f 4000 | e974 f3ff | ff4c 8b54 | 2418 458b | 523c 4585 | d20f 8454 
  0x00007ffbbc6766f4: efff ff4d | 8b5f 2849 | 8bfa 6690 | 4d85 db0f | 84c7 0e00 | 004d 8b57 | 384b 897c | 1af8 4983 
  0x00007ffbbc676714: c3f8 4d89 | 5f28 e92c | efff ff4d | 8b57 584d | 8b5f 48f0 | 8344 24c0 | 0080 3f00 | 0f84 54ef 
  0x00007ffbbc676734: ffff 4488 | 274d 85db | 7520 498b | f7c5 f877 | 49ba 80cf | afd0 fb7f | 0000 41ff 

  0x00007ffbbc676750: ;   {other}
  0x00007ffbbc676750: d20f 1f84 | 0000 0000 | 00e9 2cef | ffff 4b89 | 7c1a f849 | 83c3 f84d | 895f 48e9 | 1aef ffff 
  0x00007ffbbc676770: 448b 5314 | 4585 d20f | 846f eeff | ff4d 8b5f | 2849 8bfa | 4d85 db0f | 84d7 0e00 | 004d 8b57 
  0x00007ffbbc676790: 384b 897c | 1af8 4983 | c3f8 4d89 | 5f28 6690 | e947 eeff | ff4d 8b57 | 484d 8b5f | 58f0 8344 
  0x00007ffbbc6767b0: 24c0 0080 | 3f00 0f84 | 63ee ffff | 4488 2790 | 4d85 d275 | 2049 8bf7 | c5f8 7749 | ba80 cfaf 
  0x00007ffbbc6767d0: d0fb 7f00 | 0041 ffd2 

  0x00007ffbbc6767d8: ;   {other}
  0x00007ffbbc6767d8: 0f1f 8400 | 0000 0000 | e93a eeff | ff4b 897c | 13f8 4983 | c2f8 4d89 | 5748 e928 | eeff ff48 
  0x00007ffbbc6767f8: 63d5 4c8d | 4210 498b | c848 83e1 | f849 8bfd | 4803 f949 | c1e8 034d | 2bc8 498b | c948 33c0 
  0x00007ffbbc676818: 4883 f908 | 7f10 48ff | c978 5648 | 8904 cf48 | ffc9 7df7 | eb4b c5fd | efc0 e90d | 0000 00c5 
  0x00007ffbbc676838: fe7f 07c5 | fe7f 4720 | 4883 c740 | 4883 e908 | 7ded 4883 | c104 7c0c | c5fe 7f07 | 4883 c720 
  0x00007ffbbc676858: 4883 e904 | 4883 c104 | 7e17 48c7 | c0ff ffff | ffc4 e2f0 | f5c0 c4e1 | fb92 f862 | f1fe 2f7f 
  0x00007ffbbc676878: 070f 1f80 | 0000 0000 | 4883 fa20 | 7728 4c63 | c549 b9ff | ffff ffff | ffff ffc4 | 42b8 f5c9 
  0x00007ffbbc676898: c4c1 fb92 | f962 d17f | af6f 0262 | d17f 2f7f | 03e9 33ed | ffff 498b | fa49 8bf3 | c5f8 7749 
  0x00007ffbbc6768b8: bac0 39df | bbfb 7f00 | 0041 ffd2 

  0x00007ffbbc6768c4: ;   {other}
  0x00007ffbbc6768c4: 0f1f 8400 | 0000 0000 | e910 edff 

  0x00007ffbbc6768d0: ;   {oop(""{0x00000000ffe00000})}
  0x00007ffbbc6768d0: ff48 bb00 | 00e0 ff00 | 0000 000f | 1f44 0000 | e93e edff | ff48 8b5c | 2428 448b | 530c 4585 
  0x00007ffbbc6768f0: d20f 8499 | efff ff4d | 8b5f 2849 | 8bfa 6690 | 4d85 db0f | 843c 0e00 | 004d 8b57 | 384b 897c 
  0x00007ffbbc676910: 1af8 4983 | c3f8 4d89 | 5f28 e971 | efff ff44 | 8b5b 1045 | 85db 0f84 | a8ef ffff | 4d8b 5728 
  0x00007ffbbc676930: 498b fb4d | 85d2 0f84 | e90d 0000 | 4d8b 5f38 | 4b89 7c13 | f849 83c2 | f84d 8957 | 28e9 82ef 
  0x00007ffbbc676950: ffff 4c8b | 5c24 10e9 | daf0 ffff | 4d8b 5758 | 4d8b 5f48 | f083 4424 | c000 803f | 000f 8456 
  0x00007ffbbc676970: efff ff44 | 8827 4d85 | db75 2049 | 8bf7 c5f8 | 7749 ba80 | cfaf d0fb | 7f00 0041 

  0x00007ffbbc67698c: ;   {other}
  0x00007ffbbc67698c: ffd2 0f1f | 8400 0000 | 0000 e92e | efff ff4b | 897c 1af8 | 4983 c3f8 | 4d89 5f48 | e91c efff 
  0x00007ffbbc6769ac: ff4d 8b57 | 484d 8b5f | 58f0 8344 | 24c0 000f | 1f44 0000 | 803f 000f | 8445 efff | ff44 8827 
  0x00007ffbbc6769cc: 4d85 d275 | 2049 8bf7 | c5f8 7749 | ba80 cfaf | d0fb 7f00 | 0041 ffd2 

  0x00007ffbbc6769e4: ;   {other}
  0x00007ffbbc6769e4: 0f1f 8400 | 0000 0000 | e91d efff | ff4b 897c | 13f8 4983 | c2f8 4d89 | 5748 6690 | e909 efff 
  0x00007ffbbc676a04: ff48 8b4c | 2420 c641 | 1101 33c0 | 4c8b 5c24 | 1044 8b44 | 240c 448b | 4c24 2890 | e98f ecff 
  0x00007ffbbc676a24: ff33 c0e9 | 88ec ffff | 448b 4c24 | 0ce9 28ee | ffff 453b | d10f 85ea | 0000 0045 | 8d42 ff45 
  0x00007ffbbc676a44: 3bc2 0f83 | a212 0000 | 4585 c90f | 8699 1200 | 0045 8d41 | ff33 dbeb | 358b 5c24 | 6cff c33b 
  0x00007ffbbc676a64: 9c24 8000 | 0000 0f8d | f400 0000 | 488b 7c24 | 5848 8b4c | 2438 448b | 9424 8000 | 0000 448b 
  0x00007ffbbc676a84: 8c24 8400 | 0000 448b | 8424 8800 | 0000 8b54 | 9f10 453b | c10f 8331 | 1100 0090 | 85d2 0f84 
  0x00007ffbbc676aa4: 2811 0000 | 4c8b da33 | ed48 897c | 2458 4489 | 9424 8000 | 0000 4489 | 8c24 8400 | 0000 4489 
  0x00007ffbbc676ac4: 8424 8800 | 0000 895c | 246c 8954 | 2470 4c89 | 9c24 9000 | 0000 eb09 | 0f1f 4000 

  0x00007ffbbc676ae0: ;   {no_reloc}
  0x00007ffbbc676ae0: 488b 4c24 | 3844 8b54 | a910 4889 | 4c24 3849 | 8bd2 488b | b424 9000 | 0000 6690 

  0x00007ffbbc676afc: ;   {optimized virtual_call}
  0x00007ffbbc676afc: c5f8 77e8 

  0x00007ffbbc676b00: ; ImmutableOopMap {[16]=Oop [24]=Oop [32]=Oop [48]=Oop [56]=Oop [64]=Oop [88]=Oop [112]=NarrowOop [144]=Oop }
                      ;*invokevirtual equals {reexecute=0 rethrow=0 return_oop=0}
                      ; - java.lang.ClassLoader::compareCerts@81 (line 1198)
                      ; - java.lang.ClassLoader::checkCerts@80 (line 1172)
                      ; - java.lang.ClassLoader::preDefineClass@113 (line 917)
                      ; - java.lang.ClassLoader::defineClass@4 (line 1025)
                      ; - java.security.SecureClassLoader::defineClass@12 (line 150)
  0x00007ffbbc676b00: 7cac 79ff 

  0x00007ffbbc676b04: ;   {other}
  0x00007ffbbc676b04: 0f1f 8400 | 7422 001e | 85c0 0f85 | 49ff ffff | ffc5 6666 | 0f1f 8400 | 0000 0000 | 3bac 2484 
  0x00007ffbbc676b24: 0000 007c | b7be 45ff | ffff 488b | 6c24 104c | 8b54 2420 | 4c89 5424 | 1044 8b54 | 2428 4489 
  0x00007ffbbc676b44: 5424 2044 | 8b5c 242c | 4489 5c24 | 2466 6690 

  0x00007ffbbc676b54: ;   {runtime_call UncommonTrapBlob}
  0x00007ffbbc676b54: c5f8 77e8 

  0x00007ffbbc676b58: ; ImmutableOopMap {rbp=Oop [16]=Oop [24]=Oop [48]=Oop }
                      ;*ifne {reexecute=1 rethrow=0 return_oop=0}
                      ; - (reexecute) java.lang.ClassLoader::checkCerts@83 (line 1172)
                      ; - java.lang.ClassLoader::preDefineClass@113 (line 917)
                      ; - java.lang.ClassLoader::defineClass@4 (line 1025)
                      ; - java.security.SecureClassLoader::defineClass@12 (line 150)
  0x00007ffbbc676b58: 243a 7aff 

  0x00007ffbbc676b5c: ;   {other}
  0x00007ffbbc676b5c: 0f1f 8400 | cc22 001f | 4533 dbeb | 2544 8b5c | 2464 41ff | c366 6666 | 0f1f 8400 | 0000 0000 
  0x00007ffbbc676b7c: 6666 6690 | 443b 9c24 | 8400 0000 | 0f8d b8e7 | ffff 4c8b | 5424 3847 | 8b4c 9a10 | 4585 c90f 
  0x00007ffbbc676b9c: 1f44 0000 | 0f84 8a10 | 0000 4d8b | c133 ed44 | 895c 2464 | 4489 4c24 | 684c 8944 | 2478 660f 
  0x00007ffbbc676bbc: 1f44 0000 | 4c8b 5424 | 5845 8b5c | aa10 498b | d348 8b74 | 2478 6690 

  0x00007ffbbc676bd4: ;   {optimized virtual_call}
  0x00007ffbbc676bd4: c5f8 77e8 

  0x00007ffbbc676bd8: ; ImmutableOopMap {[16]=Oop [24]=Oop [32]=Oop [48]=Oop [56]=Oop [64]=Oop [88]=Oop [104]=NarrowOop [120]=Oop }
                      ;*invokevirtual equals {reexecute=0 rethrow=0 return_oop=0}
                      ; - java.lang.ClassLoader::compareCerts@166 (line 1210)
                      ; - java.lang.ClassLoader::checkCerts@80 (line 1172)
                      ; - java.lang.ClassLoader::preDefineClass@113 (line 917)
                      ; - java.lang.ClassLoader::defineClass@4 (line 1025)
                      ; - java.security.SecureClassLoader::defineClass@12 (line 150)
  0x00007ffbbc676bd8: a4ab 79ff 

  0x00007ffbbc676bdc: ;   {other}
  0x00007ffbbc676bdc: 0f1f 8400 | 4c23 0020 | 85c0 0f85 | 7dff ffff | ffc5 3bac | 2480 0000 | 007c c9e9 | 2dff ffff 
  0x00007ffbbc676bfc: 458b 5008 

  0x00007ffbbc676c00: ;   {metadata('java/util/concurrent/ConcurrentHashMap$ReservationNode')}
  0x00007ffbbc676c00: 4181 faf0 | a817 000f | 84d9 ebff | ffbe deff | ffff 488b | 6c24 184c | 8b54 2430 | 4c89 5424 
  0x00007ffbbc676c20: 184c 895c | 2420 4489 | 4c24 3044 | 8944 2434 | 895c 2438 | 4889 4c24 | 4066 6690 

  0x00007ffbbc676c3c: ;   {runtime_call UncommonTrapBlob}
  0x00007ffbbc676c3c: c5f8 77e8 

  0x00007ffbbc676c40: ; ImmutableOopMap {rbp=Oop [24]=Oop [32]=Oop [48]=NarrowOop [52]=NarrowOop [64]=Oop }
                      ;*invokevirtual find {reexecute=0 rethrow=0 return_oop=0}
                      ; - java.util.concurrent.ConcurrentHashMap::get@93 (line 944)
                      ; - java.lang.ClassLoader::getNamedPackage@5 (line 341)
                      ; - java.lang.ClassLoader::postDefineClass@9 (line 934)
                      ; - java.lang.ClassLoader::defineClass@37 (line 1028)
                      ; - java.security.SecureClassLoader::defineClass@12 (line 150)
  0x00007ffbbc676c40: 3c39 7aff 

  0x00007ffbbc676c44: ;   {other}
  0x00007ffbbc676c44: 0f1f 8400 | b423 0021 

  0x00007ffbbc676c4c: ;   {metadata('java/security/SecureClassLoader$CodeSourceKey')}
  0x00007ffbbc676c4c: 48be 40ba | 1153 fb7f | 0000 48ff | 7424 1048 | 8f44 2408 

  0x00007ffbbc676c60: ;   {runtime_call _new_instance_Java}
  0x00007ffbbc676c60: c5f8 77e8 

  0x00007ffbbc676c64: ; ImmutableOopMap {rbp=Oop [8]=Oop [16]=Oop [24]=Oop [32]=Oop }
                      ;*new {reexecute=0 rethrow=0 return_oop=1}
                      ; - java.security.SecureClassLoader::getProtectionDomain@6 (line 221)
                      ; - java.security.SecureClassLoader::defineClass@9 (line 150)
  0x00007ffbbc676c64: 188d 7dff 

  0x00007ffbbc676c68: ;   {other}
  0x00007ffbbc676c68: 0f1f 8400 | d823 0022 | 488b d0e9 | d2e1 ffff 

  0x00007ffbbc676c78: ;   {metadata('java/security/SecureClassLoader$1')}
  0x00007ffbbc676c78: 48be c8bf | 1153 fb7f | 0000 48ff | 7424 1048 | 8f44 2408 | 4889 5424 | 4066 6690 

  0x00007ffbbc676c94: ;   {runtime_call _new_instance_Java}
  0x00007ffbbc676c94: c5f8 77e8 

  0x00007ffbbc676c98: ; ImmutableOopMap {rbp=NarrowOop [8]=Oop [16]=Oop [24]=Oop [32]=Oop [64]=Oop }
                      ;*new {reexecute=0 rethrow=0 return_oop=1}
                      ; - java.security.SecureClassLoader::getProtectionDomain@20 (line 222)
                      ; - java.security.SecureClassLoader::defineClass@9 (line 150)
  0x00007ffbbc676c98: e48c 7dff 

  0x00007ffbbc676c9c: ;   {other}
  0x00007ffbbc676c9c: 0f1f 8400 | 0c24 0023 | 488b c848 | 8b54 2440 | e9e1 e1ff | ff89 4c24 | 608b 4c24 | 3889 4c24 
  0x00007ffbbc676cbc: 4448 895c | 2458 4c89 | 4c24 504c | 895c 2448 | 448b 5c24 | 0844 895c | 2440 8974 | 243c 4489 
  0x00007ffbbc676cdc: 5424 3848 | ff74 2418 | 488f 4424 | 0848 8b6c 

  0x00007ffbbc676cec: ;   {metadata('java/lang/String')}
  0x00007ffbbc676cec: 2410 48be | 40e7 0053 | fb7f 0000 

  0x00007ffbbc676cf8: ;   {runtime_call _new_instance_Java}
  0x00007ffbbc676cf8: c5f8 77e8 

  0x00007ffbbc676cfc: ; ImmutableOopMap {rbp=Oop [8]=Oop [32]=Oop [48]=Oop [56]=NarrowOop [68]=NarrowOop [72]=Oop [80]=Derived_oop_[72] [88]=Oop }
                      ;*new {reexecute=0 rethrow=0 return_oop=1}
                      ; - java.lang.StringLatin1::newString@7 (line 752)
                      ; - java.lang.String::substring@41 (line 2839)
                      ; - java.lang.ClassLoader::checkCerts@21 (line 1164)
                      ; - java.lang.ClassLoader::preDefineClass@113 (line 917)
                      ; - java.lang.ClassLoader::defineClass@4 (line 1025)
                      ; - java.security.SecureClassLoader::defineClass@12 (line 150)
  0x00007ffbbc676cfc: 808c 7dff 

  0x00007ffbbc676d00: ;   {other}
  0x00007ffbbc676d00: 0f1f 8400 | 7024 0024 | 4889 6c24 | 1048 ff74 | 2408 488f | 4424 1844 | 8b54 2438 | 8b74 243c 
  0x00007ffbbc676d20: 448b 4c24 | 4044 894c | 2408 4c8b | 5c24 484c | 8b4c 2450 | 4c89 4c24 | 4848 8b5c | 2458 448b 
  0x00007ffbbc676d40: 4c24 4444 | 894c 2438 | 8b4c 2460 | 4c8b e8e9 | f9e3 ffff | 4c8b 5c24 | 104c 8b54 | 2418 4c89 
  0x00007ffbbc676d60: 5424 3048 | 896c 2418 | 488b 4c24 | 2844 8b4c | 240c 8b5c | 2438 488b | 7c24 400f | 1f44 0000 
  0x00007ffbbc676d80: e98b e9ff | ff48 8954 | 2470 4c89 | 4424 684c | 896c 2460 | 894c 2458 | 448b 5424 | 3844 8954 
  0x00007ffbbc676da0: 243c 4889 | 5c24 504c | 895c 2440 | 448b 5c24 | 0844 895c | 2438 4c8b | 5424 104c | 8954 2408 
  0x00007ffbbc676dc0: ;   {metadata({type array byte})}
  0x00007ffbbc676dc0: 48be 6822 | 0053 fb7f | 0000 8bd1 

  0x00007ffbbc676dcc: ;   {runtime_call _new_array_nozero_Java}
  0x00007ffbbc676dcc: c5f8 77e8 

  0x00007ffbbc676dd0: ; ImmutableOopMap {[8]=Oop [24]=Oop [32]=Oop [48]=Oop [60]=NarrowOop [64]=Oop [72]=Derived_oop_[64] [80]=Oop [96]=Oop }
                      ;*newarray {reexecute=0 rethrow=0 return_oop=1}
                      ; - java.util.Arrays::copyOfRangeByte@10 (line 3863)
                      ; - java.util.Arrays::copyOfRange@13 (line 3854)
                      ; - java.lang.StringLatin1::newString@16 (line 752)
                      ; - java.lang.String::substring@41 (line 2839)
                      ; - java.lang.ClassLoader::checkCerts@21 (line 1164)
                      ; - java.lang.ClassLoader::preDefineClass@113 (line 917)
                      ; - java.lang.ClassLoader::defineClass@4 (line 1025)
                      ; - java.security.SecureClassLoader::defineClass@12 (line 150)
  0x00007ffbbc676dd0: 2c85 7dff 

  0x00007ffbbc676dd4: ;   {other}
  0x00007ffbbc676dd4: 0f1f 8400 | 4425 0025 | 4c8b 5424 | 084c 8954 | 2410 448b | 5424 3844 | 8954 2408 | 488b 5c24 
  0x00007ffbbc676df4: 5044 8b44 | 243c 4489 | 4424 388b | 4c24 584c | 8b6c 2460 | 4c8b 4424 | 6848 8b54 | 2470 4c8b 
  0x00007ffbbc676e14: d0e9 d1e3 | ffff 894c | 2424 4489 | 4424 2044 | 895c 240c | 488b 6c24 

  0x00007ffbbc676e2c: ;   {metadata('java/lang/String')}
  0x00007ffbbc676e2c: 3048 be40 | e700 53fb | 7f00 0090 

  0x00007ffbbc676e38: ;   {runtime_call _new_instance_Java}
  0x00007ffbbc676e38: c5f8 77e8 

  0x00007ffbbc676e3c: ; ImmutableOopMap {rbp=Oop [12]=NarrowOop [16]=Oop [24]=Oop [112]=Oop }
                      ;*new {reexecute=0 rethrow=0 return_oop=1}
                      ; - java.lang.StringLatin1::newString@7 (line 752)
                      ; - java.lang.String::substring@41 (line 2839)
                      ; - java.lang.Class::getPackageName@62 (line 1169)
                      ; - java.lang.ClassLoader::postDefineClass@2 (line 934)
                      ; - java.lang.ClassLoader::defineClass@37 (line 1028)
                      ; - java.security.SecureClassLoader::defineClass@12 (line 150)
  0x00007ffbbc676e3c: 408b 7dff 

  0x00007ffbbc676e40: ;   {other}
  0x00007ffbbc676e40: 0f1f 8400 | b025 0026 | 4889 6c24 | 3044 8b5c | 240c 448b | 4424 208b | 4c24 2448 | 8bd8 6690 
  0x00007ffbbc676e60: e9a1 e6ff | ff48 8954 | 2450 4c89 | 4c24 404c | 8954 2438 | 4889 5c24 | 2889 4c24 | 0c4c 8b54 
  0x00007ffbbc676e80: 2418 4c89 | 5424 204c | 8b54 2430 | 4c89 5424 

  0x00007ffbbc676e90: ;   {metadata({type array byte})}
  0x00007ffbbc676e90: 1848 be68 | 2200 53fb | 7f00 008b | d166 6690 

  0x00007ffbbc676ea0: ;   {runtime_call _new_array_nozero_Java}
  0x00007ffbbc676ea0: c5f8 77e8 

  0x00007ffbbc676ea4: ; ImmutableOopMap {[16]=Oop [24]=Oop [32]=Oop [40]=Oop [112]=Oop [56]=Derived_oop_[112] }
                      ;*newarray {reexecute=0 rethrow=0 return_oop=1}
                      ; - java.util.Arrays::copyOfRangeByte@10 (line 3863)
                      ; - java.util.Arrays::copyOfRange@13 (line 3854)
                      ; - java.lang.StringLatin1::newString@16 (line 752)
                      ; - java.lang.String::substring@41 (line 2839)
                      ; - java.lang.Class::getPackageName@62 (line 1169)
                      ; - java.lang.ClassLoader::postDefineClass@2 (line 934)
                      ; - java.lang.ClassLoader::defineClass@37 (line 1028)
                      ; - java.security.SecureClassLoader::defineClass@12 (line 150)
  0x00007ffbbc676ea4: 5884 7dff 

  0x00007ffbbc676ea8: ;   {other}
  0x00007ffbbc676ea8: 0f1f 8400 | 1826 0027 | 4c8b 5424 | 184c 8954 | 2430 4c8b | 5424 204c | 8954 2418 | 8b4c 240c 
  0x00007ffbbc676ec8: 488b 5c24 | 284c 8b54 | 2438 4c8b | 4c24 4048 | 8b54 2450 | 4c8b e890 | e9bb e6ff | ff44 894c 
  0x00007ffbbc676ee8: 240c 4889 | 4c24 204c | 8b54 2430 | 4c89 5424 | 1049 8beb 

  0x00007ffbbc676efc: ;   {metadata('java/lang/NamedPackage')}
  0x00007ffbbc676efc: 48be 20bd | 0153 fb7f | 0000 6690 

  0x00007ffbbc676f08: ;   {runtime_call _new_instance_Java}
  0x00007ffbbc676f08: c5f8 77e8 

  0x00007ffbbc676f0c: ; ImmutableOopMap {rbp=Oop [12]=NarrowOop [16]=Oop [24]=Oop [32]=Oop }
                      ;*new {reexecute=0 rethrow=0 return_oop=1}
                      ; - java.lang.ClassLoader::getNamedPackage@16 (line 343)
                      ; - java.lang.ClassLoader::postDefineClass@9 (line 934)
                      ; - java.lang.ClassLoader::defineClass@37 (line 1028)
                      ; - java.security.SecureClassLoader::defineClass@12 (line 150)
  0x00007ffbbc676f0c: 708a 7dff 

  0x00007ffbbc676f10: ;   {other}
  0x00007ffbbc676f10: 0f1f 8400 | 8026 0028 | 4c8b dd4c | 8b54 2410 | 4c89 5424 | 3048 8b4c | 2420 448b | 4c24 0ce9 
  0x00007ffbbc676f30: 0ae9 ffff | bee4 ffff | ff89 4c24 | 0844 8b44 | 2428 4489 | 4424 0c44 | 8b5c 242c | 4489 5c24 
  0x00007ffbbc676f50: 2848 895c | 2440 448b | 4424 3844 | 8944 242c | 4489 5424 | 3c66 6690 

  0x00007ffbbc676f68: ;   {runtime_call UncommonTrapBlob}
  0x00007ffbbc676f68: c5f8 77e8 

  0x00007ffbbc676f6c: ; ImmutableOopMap {[16]=Oop [24]=Oop [32]=Oop [44]=NarrowOop [48]=Oop [60]=NarrowOop [64]=Oop }
                      ;*baload {reexecute=0 rethrow=0 return_oop=0}
                      ; - java.lang.StringLatin1::lastIndexOf@24 (line 286)
                      ; - java.lang.String::lastIndexOf@13 (line 2573)
                      ; - java.lang.String::lastIndexOf@8 (line 2535)
                      ; - java.lang.ClassLoader::checkCerts@3 (line 1163)
                      ; - java.lang.ClassLoader::preDefineClass@113 (line 917)
                      ; - java.lang.ClassLoader::defineClass@4 (line 1025)
                      ; - java.security.SecureClassLoader::defineClass@12 (line 150)
  0x00007ffbbc676f6c: 1036 7aff 

  0x00007ffbbc676f70: ;   {other}
  0x00007ffbbc676f70: 0f1f 8400 | e026 0029 | bee4 ffff | ff48 8b6c | 2418 4c8b | 5424 304c | 8954 2420 | 4889 5c24 
  0x00007ffbbc676f90: 3044 895c | 2440 894c | 2444 6690 

  0x00007ffbbc676f9c: ;   {runtime_call UncommonTrapBlob}
  0x00007ffbbc676f9c: c5f8 77e8 

  0x00007ffbbc676fa0: ; ImmutableOopMap {rbp=Oop [16]=Oop [32]=Oop [48]=Oop [64]=NarrowOop }
                      ;*baload {reexecute=0 rethrow=0 return_oop=0}
                      ; - java.lang.StringLatin1::lastIndexOf@24 (line 286)
                      ; - java.lang.String::lastIndexOf@13 (line 2573)
                      ; - java.lang.String::lastIndexOf@8 (line 2535)
                      ; - java.lang.Class::getPackageName@47 (line 1168)
                      ; - java.lang.ClassLoader::postDefineClass@2 (line 934)
                      ; - java.lang.ClassLoader::defineClass@37 (line 1028)
                      ; - java.security.SecureClassLoader::defineClass@12 (line 150)
  0x00007ffbbc676fa0: dc35 7aff 

  0x00007ffbbc676fa4: ;   {other}
  0x00007ffbbc676fa4: 0f1f 8400 | 1427 002a | 4c89 4c24 | 604c 896c | 2458 4889 | 5c24 504c | 895c 2440 | 448b c641 
  0x00007ffbbc676fc4: ;   {metadata({type array byte})}
  0x00007ffbbc676fc4: 8bea 48be | 6822 0053 | fb7f 0000 | 418b d090 

  0x00007ffbbc676fd4: ;   {runtime_call _new_array_nozero_Java}
  0x00007ffbbc676fd4: c5f8 77e8 

  0x00007ffbbc676fd8: ; ImmutableOopMap {rbp=NarrowOop [16]=Oop [24]=Oop [32]=Oop [48]=Oop [56]=NarrowOop [64]=Oop [72]=Derived_oop_[64] [80]=Oop [88]=Oop }
                      ;*invokevirtual clone {reexecute=1 rethrow=0 return_oop=1}
                      ; - (reexecute) java.util.Arrays::copyOfRange@18 (line 3856)
                      ; - java.lang.StringLatin1::newString@16 (line 752)
                      ; - java.lang.String::substring@41 (line 2839)
                      ; - java.lang.ClassLoader::checkCerts@21 (line 1164)
                      ; - java.lang.ClassLoader::preDefineClass@113 (line 917)
                      ; - java.lang.ClassLoader::defineClass@4 (line 1025)
                      ; - java.security.SecureClassLoader::defineClass@12 (line 150)
  0x00007ffbbc676fd8: 2483 7dff 

  0x00007ffbbc676fdc: ;   {other}
  0x00007ffbbc676fdc: 0f1f 8400 | 4c27 002b | 488b e8e9 | 7eeb ffff | 4889 5424 | 384c 8954 | 2428 4889 | 5c24 2044 
  0x00007ffbbc676ffc: 895c 240c | 488b 6c24 

  0x00007ffbbc677004: ;   {metadata({type array byte})}
  0x00007ffbbc677004: 3048 be68 | 2200 53fb | 7f00 0041 | 8bd0 6690 

  0x00007ffbbc677014: ;   {runtime_call _new_array_nozero_Java}
  0x00007ffbbc677014: c5f8 77e8 

  0x00007ffbbc677018: ; ImmutableOopMap {rbp=Oop [12]=NarrowOop [16]=Oop [24]=Oop [32]=Oop [112]=Oop [40]=Derived_oop_[112] }
                      ;*invokevirtual clone {reexecute=1 rethrow=0 return_oop=1}
                      ; - (reexecute) java.util.Arrays::copyOfRange@18 (line 3856)
                      ; - java.lang.StringLatin1::newString@16 (line 752)
                      ; - java.lang.String::substring@41 (line 2839)
                      ; - java.lang.Class::getPackageName@62 (line 1169)
                      ; - java.lang.ClassLoader::postDefineClass@2 (line 934)
                      ; - java.lang.ClassLoader::defineClass@37 (line 1028)
                      ; - java.security.SecureClassLoader::defineClass@12 (line 150)
  0x00007ffbbc677018: e482 7dff 

  0x00007ffbbc67701c: ;   {other}
  0x00007ffbbc67701c: 0f1f 8400 | 8c27 002c | 4889 6c24 | 3048 8b5c | 2420 4c8b | 5424 2848 | 8b54 2438 | 488b e80f 
  0x00007ffbbc67703c: 1f44 0000 | e9d7 ebff | ffbe f6ff | ffff 498b | ed4c 8954 | 2408 6690 

  0x00007ffbbc677054: ;   {runtime_call UncommonTrapBlob}
  0x00007ffbbc677054: c5f8 77e8 

  0x00007ffbbc677058: ; ImmutableOopMap {rbp=Oop [8]=Oop }
                      ;*invokevirtual putIfAbsent {reexecute=0 rethrow=0 return_oop=0}
                      ; - java.lang.ClassLoader::checkCerts@62 (line 1171)
                      ; - java.lang.ClassLoader::preDefineClass@113 (line 917)
                      ; - java.lang.ClassLoader::defineClass@4 (line 1025)
                      ; - java.security.SecureClassLoader::defineClass@12 (line 150)
  0x00007ffbbc677058: 2435 7aff 

  0x00007ffbbc67705c: ;   {other}
  0x00007ffbbc67705c: 0f1f 8400 | cc27 002d | bef6 ffff | ff66 6690 

  0x00007ffbbc67706c: ;   {runtime_call UncommonTrapBlob}
  0x00007ffbbc67706c: c5f8 77e8 

  0x00007ffbbc677070: ; ImmutableOopMap {rbp=NarrowOop }
                      ;*invokevirtual toExternalForm {reexecute=0 rethrow=0 return_oop=0}
                      ; - java.net.URL::toExternalForm@5 (line 1203)
                      ; - java.net.URL::toString@1 (line 1189)
                      ; - java.lang.ClassLoader::defineClassSourceLocation@22 (line 927)
                      ; - java.lang.ClassLoader::defineClass@12 (line 1026)
                      ; - java.security.SecureClassLoader::defineClass@12 (line 150)
  0x00007ffbbc677070: 0c35 7aff 

  0x00007ffbbc677074: ;   {other}
  0x00007ffbbc677074: 0f1f 8400 | e427 002e | bef6 ffff | ff48 8beb 

  0x00007ffbbc677084: ;   {runtime_call UncommonTrapBlob}
  0x00007ffbbc677084: c5f8 77e8 

  0x00007ffbbc677088: ; ImmutableOopMap {rbp=Oop }
                      ;*invokevirtual get {reexecute=0 rethrow=0 return_oop=0}
                      ; - java.lang.ClassLoader::getNamedPackage@5 (line 341)
                      ; - java.lang.ClassLoader::postDefineClass@9 (line 934)
                      ; - java.lang.ClassLoader::defineClass@37 (line 1028)
                      ; - java.security.SecureClassLoader::defineClass@12 (line 150)
  0x00007ffbbc677088: f434 7aff 

  0x00007ffbbc67708c: ;   {other}
  0x00007ffbbc67708c: 0f1f 8400 | fc27 002f | bede ffff | ff4c 8954 | 2408 48ff | 7424 1848 | 8f44 2410 | 48ff 7424 
  0x00007ffbbc6770ac: 2048 8f44 | 2418 4889 | 4424 f88b | 4424 2889 | 4424 2048 | 8b44 24f8 | 4889 4424 | f88b 4424 
  0x00007ffbbc6770cc: 2c89 4424 | 2448 8b44 | 24f8 4889 | 5424 2848 | 894c 2430 

  0x00007ffbbc6770e0: ;   {runtime_call UncommonTrapBlob}
  0x00007ffbbc6770e0: c5f8 77e8 

  0x00007ffbbc6770e4: ; ImmutableOopMap {rbp=NarrowOop [8]=Oop [16]=Oop [24]=Oop [40]=Oop [48]=Oop }
                      ;*invokeinterface computeIfAbsent {reexecute=0 rethrow=0 return_oop=0}
                      ; - java.security.SecureClassLoader::getProtectionDomain@28 (line 222)
                      ; - java.security.SecureClassLoader::defineClass@9 (line 150)
  0x00007ffbbc6770e4: 9834 7aff 

  0x00007ffbbc6770e8: ;   {other}
  0x00007ffbbc6770e8: 0f1f 8400 | 5828 0030 | be45 ffff | ff48 8b6c | 2410 6690 

  0x00007ffbbc6770fc: ;   {runtime_call UncommonTrapBlob}
  0x00007ffbbc6770fc: c5f8 77e8 

  0x00007ffbbc677100: ; ImmutableOopMap {rbp=Oop [24]=Oop [32]=Oop [48]=Oop }
                      ;*ifeq {reexecute=1 rethrow=0 return_oop=0}
                      ; - (reexecute) java.lang.ClassLoader::checkName@8 (line 1155)
                      ; - java.lang.ClassLoader::preDefineClass@1 (line 900)
                      ; - java.lang.ClassLoader::defineClass@4 (line 1025)
                      ; - java.security.SecureClassLoader::defineClass@12 (line 150)
  0x00007ffbbc677100: 7c34 7aff 

  0x00007ffbbc677104: ;   {other}
  0x00007ffbbc677104: 0f1f 8400 | 7428 0031 | bece ffff | ff48 8b6c | 2410 48ff | 7424 1848 | 8f44 2408 | 4489 5424 
  0x00007ffbbc677124: 4089 5424 | 4466 6690 

  0x00007ffbbc67712c: ;   {runtime_call UncommonTrapBlob}
  0x00007ffbbc67712c: c5f8 77e8 

  0x00007ffbbc677130: ; ImmutableOopMap {rbp=Oop [8]=Oop [32]=Oop [48]=Oop [64]=NarrowOop }
                      ;*invokestatic indexOfChar {reexecute=0 rethrow=0 return_oop=0}
                      ; - java.lang.StringLatin1::indexOf@33 (line 204)
                      ; - java.lang.String::indexOf@17 (line 2461)
                      ; - java.lang.String::indexOf@3 (line 2405)
                      ; - java.lang.ClassLoader::checkName@16 (line 1157)
                      ; - java.lang.ClassLoader::preDefineClass@1 (line 900)
                      ; - java.lang.ClassLoader::defineClass@4 (line 1025)
                      ; - java.security.SecureClassLoader::defineClass@12 (line 150)
  0x00007ffbbc677130: 4c34 7aff 

  0x00007ffbbc677134: ;   {other}
  0x00007ffbbc677134: 0f1f 8400 | a428 0032 | 4c63 c190 | e92a e0ff | ff49 83c0 | fe49 8bc8 | 498b fb48 | 33c0 4883 
  0x00007ffbbc677154: f908 7f10 | 48ff c978 | 5648 8904 | cf48 ffc9 | 7df7 eb4b | c5fd efc0 | e90d 0000 | 00c5 fe7f 
  0x00007ffbbc677174: 07c5 fe7f | 4720 4883 | c740 4883 | e908 7ded | 4883 c104 | 7c0c c5fe | 7f07 4883 | c720 4883 
  0x00007ffbbc677194: e904 4883 | c104 7e17 | 48c7 c0ff | ffff ffc4 | e2f0 f5c0 | c4e1 fb92 | f862 f1fe | 2f7f 07e9 
  0x00007ffbbc6771b4: 7ee0 ffff | becc ffff | ff89 4c24 | 0844 8b44 | 2428 4489 | 4424 0c44 | 8b5c 242c | 4489 5c24 
  0x00007ffbbc6771d4: 2848 895c | 2440 448b | 4424 3844 | 8944 242c | 4c89 6c24 | 5044 8954 | 2458 6690 

  0x00007ffbbc6771f0: ;   {runtime_call UncommonTrapBlob}
  0x00007ffbbc6771f0: c5f8 77e8 

  0x00007ffbbc6771f4: ; ImmutableOopMap {[16]=Oop [24]=Oop [32]=Oop [44]=NarrowOop [48]=Oop [64]=Oop [80]=Oop [88]=NarrowOop }
                      ;*newarray {reexecute=1 rethrow=0 return_oop=0}
                      ; - (reexecute) java.util.Arrays::copyOfRangeByte@10 (line 3863)
                      ; - java.util.Arrays::copyOfRange@13 (line 3854)
                      ; - java.lang.StringLatin1::newString@16 (line 752)
                      ; - java.lang.String::substring@41 (line 2839)
                      ; - java.lang.ClassLoader::checkCerts@21 (line 1164)
                      ; - java.lang.ClassLoader::preDefineClass@113 (line 917)
                      ; - java.lang.ClassLoader::defineClass@4 (line 1025)
                      ; - java.security.SecureClassLoader::defineClass@12 (line 150)
  0x00007ffbbc6771f4: 8833 7aff 

  0x00007ffbbc6771f8: ;   {other}
  0x00007ffbbc6771f8: 0f1f 8400 | 6829 0033 | be45 ffff | ff48 8944 | 2428 6690 

  0x00007ffbbc67720c: ;   {runtime_call UncommonTrapBlob}
  0x00007ffbbc67720c: c5f8 77e8 

  0x00007ffbbc677210: ; ImmutableOopMap {[16]=Oop [24]=Oop [40]=Oop [48]=Oop }
                      ;*ifeq {reexecute=1 rethrow=0 return_oop=0}
                      ; - (reexecute) java.lang.Class::getPackageName@13 (line 1163)
                      ; - java.lang.ClassLoader::postDefineClass@2 (line 934)
                      ; - java.lang.ClassLoader::defineClass@37 (line 1028)
                      ; - java.security.SecureClassLoader::defineClass@12 (line 150)
  0x00007ffbbc677210: 6c33 7aff 

  0x00007ffbbc677214: ;   {other}
  0x00007ffbbc677214: 0f1f 8400 | 8429 0034 | bede ffff | ff66 6690 

  0x00007ffbbc677224: ;   {runtime_call UncommonTrapBlob}
  0x00007ffbbc677224: c5f8 77e8 

  0x00007ffbbc677228: ; ImmutableOopMap {rbp=NarrowOop }
                      ;*checkcast {reexecute=0 rethrow=0 return_oop=0}
                      ; - java.lang.ClassLoader::getNamedPackage@8 (line 341)
                      ; - java.lang.ClassLoader::postDefineClass@9 (line 934)
                      ; - java.lang.ClassLoader::defineClass@37 (line 1028)
                      ; - java.security.SecureClassLoader::defineClass@12 (line 150)
  0x00007ffbbc677228: 5433 7aff 

  0x00007ffbbc67722c: ;   {other}
  0x00007ffbbc67722c: 0f1f 8400 | 9c29 0035 | 4533 d245 | 85c0 410f | 94c2 be45 | ffff ff48 | 8b6c 2410 | 4c89 5c24 
  0x00007ffbbc67724c: 0844 8954 | 2448 6690 

  0x00007ffbbc677254: ;   {runtime_call UncommonTrapBlob}
  0x00007ffbbc677254: c5f8 77e8 

  0x00007ffbbc677258: ; ImmutableOopMap {rbp=Oop [8]=Oop [32]=Oop [48]=Oop }
                      ;*ifeq {reexecute=1 rethrow=0 return_oop=0}
                      ; - (reexecute) java.lang.String::indexOf@4 (line 2461)
                      ; - java.lang.String::indexOf@3 (line 2405)
                      ; - java.lang.ClassLoader::checkName@16 (line 1157)
                      ; - java.lang.ClassLoader::preDefineClass@1 (line 900)
                      ; - java.lang.ClassLoader::defineClass@4 (line 1025)
                      ; - java.security.SecureClassLoader::defineClass@12 (line 150)
  0x00007ffbbc677258: 2433 7aff 

  0x00007ffbbc67725c: ;   {other}
  0x00007ffbbc67725c: 0f1f 8400 | cc29 0036 | be45 ffff | ff89 4c24 | 0889 4c24 | 0c48 895c | 2440 4489 | 4424 5890 
  0x00007ffbbc67727c: ;   {runtime_call UncommonTrapBlob}
  0x00007ffbbc67727c: c5f8 77e8 

  0x00007ffbbc677280: ; ImmutableOopMap {[16]=Oop [24]=Oop [32]=Oop [48]=Oop [56]=NarrowOop [64]=Oop }
                      ;*if_icmpgt {reexecute=1 rethrow=0 return_oop=0}
                      ; - (reexecute) jdk.internal.util.Preconditions::checkFromToIndex@6 (line 348)
                      ; - java.lang.String::checkBoundsBeginEnd@6 (line 4865)
                      ; - java.lang.String::substring@8 (line 2834)
                      ; - java.lang.ClassLoader::checkCerts@21 (line 1164)
                      ; - java.lang.ClassLoader::preDefineClass@113 (line 917)
                      ; - java.lang.ClassLoader::defineClass@4 (line 1025)
                      ; - java.security.SecureClassLoader::defineClass@12 (line 150)
  0x00007ffbbc677280: fc32 7aff 

  0x00007ffbbc677284: ;   {other}
  0x00007ffbbc677284: 0f1f 8400 | f429 0037 | be45 ffff | ff48 8b6c | 2410 895c | 2438 6690 

  0x00007ffbbc67729c: ;   {runtime_call UncommonTrapBlob}
  0x00007ffbbc67729c: c5f8 77e8 

  0x00007ffbbc6772a0: ; ImmutableOopMap {rbp=Oop [24]=Oop [32]=Oop [48]=Oop }
                      ;*if_icmpne {reexecute=1 rethrow=0 return_oop=0}
                      ; - (reexecute) java.lang.ClassLoader::checkName@20 (line 1157)
                      ; - java.lang.ClassLoader::preDefineClass@1 (line 900)
                      ; - java.lang.ClassLoader::defineClass@4 (line 1025)
                      ; - java.security.SecureClassLoader::defineClass@12 (line 150)
  0x00007ffbbc6772a0: dc32 7aff 

  0x00007ffbbc6772a4: ;   {other}
  0x00007ffbbc6772a4: 0f1f 8400 | 142a 0038 | be45 ffff | ff48 8b6c | 2418 4c8b | 4424 304c | 8944 2418 | 4c89 5c24 
  0x00007ffbbc6772c4: 2048 894c | 2428 4489 | 4c24 3044 | 8954 2434 

  0x00007ffbbc6772d4: ;   {runtime_call UncommonTrapBlob}
  0x00007ffbbc6772d4: c5f8 77e8 

  0x00007ffbbc6772d8: ; ImmutableOopMap {rbp=Oop [24]=Oop [32]=Oop [40]=Oop [48]=NarrowOop }
                      ;*ifle {reexecute=1 rethrow=0 return_oop=0}
                      ; - (reexecute) java.util.concurrent.ConcurrentHashMap::get@23 (line 937)
                      ; - java.lang.ClassLoader::getNamedPackage@5 (line 341)
                      ; - java.lang.ClassLoader::postDefineClass@9 (line 934)
                      ; - java.lang.ClassLoader::defineClass@37 (line 1028)
                      ; - java.security.SecureClassLoader::defineClass@12 (line 150)
  0x00007ffbbc6772d8: a432 7aff 

  0x00007ffbbc6772dc: ;   {other}
  0x00007ffbbc6772dc: 0f1f 8400 | 4c2a 0039 | be45 ffff | ff48 ff74 | 2410 488f | 4424 0848 | 8954 2410 | 4889 4c24 
  0x00007ffbbc6772fc: 1844 8944 | 2420 4489 | 4c24 2490 

  0x00007ffbbc677308: ;   {runtime_call UncommonTrapBlob}
  0x00007ffbbc677308: c5f8 77e8 

  0x00007ffbbc67730c: ; ImmutableOopMap {rbp=Oop [8]=Oop [16]=Oop [24]=Oop }
                      ;*ifnonnull {reexecute=1 rethrow=0 return_oop=0}
                      ; - (reexecute) java.security.SecureClassLoader::getProtectionDomain@1 (line 213)
                      ; - java.security.SecureClassLoader::defineClass@9 (line 150)
  0x00007ffbbc67730c: 7032 7aff 

  0x00007ffbbc677310: ;   {other}
  0x00007ffbbc677310: 0f1f 8400 | 802a 003a | be45 ffff | ff66 6690 

  0x00007ffbbc677320: ;   {runtime_call UncommonTrapBlob}
  0x00007ffbbc677320: c5f8 77e8 

  0x00007ffbbc677324: ; ImmutableOopMap {[16]=Oop [24]=Oop [32]=Oop [48]=Oop }
                      ;*if_icmpne {reexecute=1 rethrow=0 return_oop=0}
                      ; - (reexecute) java.lang.ClassLoader::checkName@30 (line 1157)
                      ; - java.lang.ClassLoader::preDefineClass@1 (line 900)
                      ; - java.lang.ClassLoader::defineClass@4 (line 1025)
                      ; - java.security.SecureClassLoader::defineClass@12 (line 150)
  0x00007ffbbc677324: 5832 7aff 

  0x00007ffbbc677328: ;   {other}
  0x00007ffbbc677328: 0f1f 8400 | 982a 003b | be45 ffff | ff48 8b6c | 2410 4c8b | 5424 204c | 8954 2410 | 448b 5424 
  0x00007ffbbc677348: 2844 8954 | 2420 448b | 5c24 2c44 | 895c 2424 | 4c8b 5424 | 304c 8954 | 2428 4489 | 4c24 3090 
  0x00007ffbbc677368: ;   {runtime_call UncommonTrapBlob}
  0x00007ffbbc677368: c5f8 77e8 

  0x00007ffbbc67736c: ; ImmutableOopMap {rbp=Oop [16]=Oop [24]=Oop [40]=Oop }
                      ;*ifne {reexecute=1 rethrow=0 return_oop=0}
                      ; - (reexecute) java.lang.ClassLoader::compareCerts@7 (line 1186)
                      ; - java.lang.ClassLoader::checkCerts@80 (line 1172)
                      ; - java.lang.ClassLoader::preDefineClass@113 (line 917)
                      ; - java.lang.ClassLoader::defineClass@4 (line 1025)
                      ; - java.security.SecureClassLoader::defineClass@12 (line 150)
  0x00007ffbbc67736c: 1032 7aff 

  0x00007ffbbc677370: ;   {other}
  0x00007ffbbc677370: 0f1f 8400 | e02a 003c | be45 ffff | ff89 4c24 | 0889 4c24 | 0c48 895c | 2440 4489 | 4424 5844 
  0x00007ffbbc677390: 8944 245c 

  0x00007ffbbc677394: ;   {runtime_call UncommonTrapBlob}
  0x00007ffbbc677394: c5f8 77e8 

  0x00007ffbbc677398: ; ImmutableOopMap {[16]=Oop [24]=Oop [32]=Oop [48]=Oop [56]=NarrowOop [64]=Oop }
                      ;*if_icmple {reexecute=1 rethrow=0 return_oop=0}
                      ; - (reexecute) jdk.internal.util.Preconditions::checkFromToIndex@11 (line 348)
                      ; - java.lang.String::checkBoundsBeginEnd@6 (line 4865)
                      ; - java.lang.String::substring@8 (line 2834)
                      ; - java.lang.ClassLoader::checkCerts@21 (line 1164)
                      ; - java.lang.ClassLoader::preDefineClass@113 (line 917)
                      ; - java.lang.ClassLoader::defineClass@4 (line 1025)
                      ; - java.security.SecureClassLoader::defineClass@12 (line 150)
  0x00007ffbbc677398: e431 7aff 

  0x00007ffbbc67739c: ;   {other}
  0x00007ffbbc67739c: 0f1f 8400 | 0c2b 003d | 4c89 5424 | 484c 896c | 2440 448b | 5424 3844 | 8954 240c | 4889 5c24 
  0x00007ffbbc6773bc: 3849 8bf7 | c5f8 7749 | ba60 cfaf | d0fb 7f00 | 0041 ffd2 

  0x00007ffbbc6773d0: ;   {other}
  0x00007ffbbc6773d0: 0f1f 8400 | 0000 0000 | 488b 5c24 | 3844 8b5c | 240c 4489 | 5c24 384c | 8b6c 2440 | 4c8b 5424 
  0x00007ffbbc6773f0: 48e9 55de | ffff 4c63 | c9e9 24e1 | ffff 4983 | c1fe 498b | c949 8bfb | 4833 c048 | 83f9 087f 
  0x00007ffbbc677410: 1048 ffc9 | 7856 4889 | 04cf 48ff | c97d f7eb | 4bc5 fdef | c0e9 0d00 | 0000 c5fe | 7f07 c5fe 
  0x00007ffbbc677430: 7f47 2048 | 83c7 4048 | 83e9 087d | ed48 83c1 | 047c 0cc5 | fe7f 0748 | 83c7 2048 | 83e9 0448 
  0x00007ffbbc677450: 83c1 047e | 1748 c7c0 | ffff ffff | c4e2 f0f5 | c0c4 e1fb | 92f8 62f1 | fe2f 7f07 | e970 e1ff 
  0x00007ffbbc677470: ffbe f6ff | ffff 4889 | 5c24 0890 

  0x00007ffbbc67747c: ;   {runtime_call UncommonTrapBlob}
  0x00007ffbbc67747c: c5f8 77e8 

  0x00007ffbbc677480: ; ImmutableOopMap {[8]=Oop [32]=Oop }
                      ;*invokevirtual putIfAbsent {reexecute=0 rethrow=0 return_oop=0}
                      ; - java.lang.ClassLoader::getNamedPackage@32 (line 345)
                      ; - java.lang.ClassLoader::postDefineClass@9 (line 934)
                      ; - java.lang.ClassLoader::defineClass@37 (line 1028)
                      ; - java.security.SecureClassLoader::defineClass@12 (line 150)
  0x00007ffbbc677480: fc30 7aff 

  0x00007ffbbc677484: ;   {other}
  0x00007ffbbc677484: 0f1f 8400 | f42b 003e | 488b e8be | 54ff ffff 

  0x00007ffbbc677494: ;   {runtime_call UncommonTrapBlob}
  0x00007ffbbc677494: c5f8 77e8 

  0x00007ffbbc677498: ; ImmutableOopMap {rbp=Oop [12]=NarrowOop [16]=Oop [24]=Oop [40]=Oop [48]=Oop }
                      ;*ifnull {reexecute=1 rethrow=0 return_oop=0}
                      ; - (reexecute) java.lang.ClassLoader::getNamedPackage@42 (line 346)
                      ; - java.lang.ClassLoader::postDefineClass@9 (line 934)
                      ; - java.lang.ClassLoader::defineClass@37 (line 1028)
                      ; - java.security.SecureClassLoader::defineClass@12 (line 150)
  0x00007ffbbc677498: e430 7aff 

  0x00007ffbbc67749c: ;   {other}
  0x00007ffbbc67749c: 0f1f 8400 | 0c2c 003f | becc ffff | ff48 8b6c | 2418 4c8b | 5424 304c | 8954 2420 | 4889 5c24 
  0x00007ffbbc6774bc: 3844 895c | 2440 894c | 2448 6690 

  0x00007ffbbc6774c8: ;   {runtime_call UncommonTrapBlob}
  0x00007ffbbc6774c8: c5f8 77e8 

  0x00007ffbbc6774cc: ; ImmutableOopMap {rbp=Oop [16]=Oop [32]=Oop [56]=Oop [64]=NarrowOop }
                      ;*newarray {reexecute=1 rethrow=0 return_oop=0}
                      ; - (reexecute) java.util.Arrays::copyOfRangeByte@10 (line 3863)
                      ; - java.util.Arrays::copyOfRange@13 (line 3854)
                      ; - java.lang.StringLatin1::newString@16 (line 752)
                      ; - java.lang.String::substring@41 (line 2839)
                      ; - java.lang.Class::getPackageName@62 (line 1169)
                      ; - java.lang.ClassLoader::postDefineClass@2 (line 934)
                      ; - java.lang.ClassLoader::defineClass@37 (line 1028)
                      ; - java.security.SecureClassLoader::defineClass@12 (line 150)
  0x00007ffbbc6774cc: b030 7aff 

  0x00007ffbbc6774d0: ;   {other}
  0x00007ffbbc6774d0: 0f1f 8400 | 402c 0040 | bee4 ffff | ff48 8b6c | 2410 4489 | 5424 3c90 

  0x00007ffbbc6774e8: ;   {runtime_call UncommonTrapBlob}
  0x00007ffbbc6774e8: c5f8 77e8 

  0x00007ffbbc6774ec: ; ImmutableOopMap {rbp=Oop [24]=Oop [32]=Oop [48]=Oop [60]=NarrowOop }
                      ;*baload {reexecute=0 rethrow=0 return_oop=0}
                      ; - jdk.internal.util.ArraysSupport::mismatch@82 (line 402)
                      ; - java.lang.String::startsWith@70 (line 2297)
                      ; - java.lang.String::startsWith@3 (line 2327)
                      ; - java.lang.ClassLoader::preDefineClass@43 (line 906)
                      ; - java.lang.ClassLoader::defineClass@4 (line 1025)
                      ; - java.security.SecureClassLoader::defineClass@12 (line 150)
  0x00007ffbbc6774ec: 9030 7aff 

  0x00007ffbbc6774f0: ;   {other}
  0x00007ffbbc6774f0: 0f1f 8400 | 602c 0041 | 448b 5514 | 0f1f 4000 | 4585 d20f | 8413 ecff | ff4d 8b5f | 2849 8bfa 
  0x00007ffbbc677510: 4d85 db0f | 84af 0700 | 004d 8b57 | 384b 897c | 1af8 4983 | c3f8 4d89 | 5f28 e9ed | ebff ff4d 
  0x00007ffbbc677530: 8b57 484d | 8b5f 58f0 | 8344 24c0 | 0066 6690 | 803f 0074 | 3244 8827 | 4d85 d274 | 0f4b 897c 
  0x00007ffbbc677550: 13f8 4983 | c2f8 4d89 | 5748 eb1b | 498b f7c5 | f877 49ba | 80cf afd0 | fb7f 0000 

  0x00007ffbbc67756c: ;   {other}
  0x00007ffbbc67756c: 41ff d20f | 1f84 0000 | 0000 0044 | 8b5d 140f | 1f44 0000 | 4585 db0f | 84dc 0700 | 004d 8bcb 
  0x00007ffbbc67758c: e9c0 ebff | ff85 ff44 | 8b5c 2408 | 410f 94c3 | be45 ffff | ff48 8b6c | 2418 4c8b | 4424 304c 
  0x00007ffbbc6775ac: 8944 2420 | 4889 5c24 | 3844 8954 | 2440 4489 | 5c24 4490 

  0x00007ffbbc6775c0: ;   {runtime_call UncommonTrapBlob}
  0x00007ffbbc6775c0: c5f8 77e8 

  0x00007ffbbc6775c4: ; ImmutableOopMap {rbp=Oop [16]=Oop [32]=Oop [56]=Oop }
                      ;*ifeq {reexecute=1 rethrow=0 return_oop=0}
                      ; - (reexecute) java.lang.String::lastIndexOf@4 (line 2573)
                      ; - java.lang.String::lastIndexOf@8 (line 2535)
                      ; - java.lang.Class::getPackageName@47 (line 1168)
                      ; - java.lang.ClassLoader::postDefineClass@2 (line 934)
                      ; - java.lang.ClassLoader::defineClass@37 (line 1028)
                      ; - java.security.SecureClassLoader::defineClass@12 (line 150)
  0x00007ffbbc6775c4: b82f 7aff 

  0x00007ffbbc6775c8: ;   {other}
  0x00007ffbbc6775c8: 0f1f 8400 | 382d 0042 | 498b f7c5 | f877 49ba | 60cf afd0 | fb7f 0000 

  0x00007ffbbc6775e0: ;   {other}
  0x00007ffbbc6775e0: 41ff d20f | 1f84 0000 | 0000 00e9 | 5be0 ffff | be45 ffff | ff48 8b6c | 2418 4c8b | 5424 304c 
  0x00007ffbbc677600: 8954 2420 | 4889 5c24 | 3089 4c24 | 4044 894c | 2444 894c | 2448 6690 

  0x00007ffbbc677618: ;   {runtime_call UncommonTrapBlob}
  0x00007ffbbc677618: c5f8 77e8 

  0x00007ffbbc67761c: ; ImmutableOopMap {rbp=Oop [16]=Oop [32]=Oop [48]=Oop }
                      ;*if_icmpgt {reexecute=1 rethrow=0 return_oop=0}
                      ; - (reexecute) jdk.internal.util.Preconditions::checkFromToIndex@6 (line 348)
                      ; - java.lang.String::checkBoundsBeginEnd@6 (line 4865)
                      ; - java.lang.String::substring@8 (line 2834)
                      ; - java.lang.Class::getPackageName@62 (line 1169)
                      ; - java.lang.ClassLoader::postDefineClass@2 (line 934)
                      ; - java.lang.ClassLoader::defineClass@37 (line 1028)
                      ; - java.security.SecureClassLoader::defineClass@12 (line 150)
  0x00007ffbbc67761c: 602f 7aff 

  0x00007ffbbc677620: ;   {other}
  0x00007ffbbc677620: 0f1f 8400 | 902d 0043 | be45 ffff | ff48 8b6c | 2418 4c8b | 5424 304c | 8954 2420 | 4889 5c24 
  0x00007ffbbc677640: 3089 4c24 | 4044 894c | 2444 894c | 2448 4489 | 4c24 4c90 

  0x00007ffbbc677654: ;   {runtime_call UncommonTrapBlob}
  0x00007ffbbc677654: c5f8 77e8 

  0x00007ffbbc677658: ; ImmutableOopMap {rbp=Oop [16]=Oop [32]=Oop [48]=Oop }
                      ;*if_icmple {reexecute=1 rethrow=0 return_oop=0}
                      ; - (reexecute) jdk.internal.util.Preconditions::checkFromToIndex@11 (line 348)
                      ; - java.lang.String::checkBoundsBeginEnd@6 (line 4865)
                      ; - java.lang.String::substring@8 (line 2834)
                      ; - java.lang.Class::getPackageName@62 (line 1169)
                      ; - java.lang.ClassLoader::postDefineClass@2 (line 934)
                      ; - java.lang.ClassLoader::defineClass@37 (line 1028)
                      ; - java.security.SecureClassLoader::defineClass@12 (line 150)
  0x00007ffbbc677658: 242f 7aff 

  0x00007ffbbc67765c: ;   {other}
  0x00007ffbbc67765c: 0f1f 8400 | cc2d 0044 | 498b f7c5 | f877 49ba | 60cf afd0 | fb7f 0000 

  0x00007ffbbc677674: ;   {other}
  0x00007ffbbc677674: 41ff d20f | 1f84 0000 | 0000 0090 | e967 dfff | ff8b dd44 | 8b55 1445 | 85d2 0f84 | 46ef ffff 
  0x00007ffbbc677694: 4d8b 5f28 | 498b fa0f | 1f44 0000 | 4d85 db0f | 8497 0600 | 004d 8b57 | 384b 897c | 1af8 4983 
  0x00007ffbbc6776b4: c3f8 4d89 | 5f28 e91b | efff ff4d | 8b57 484d | 8b5f 58f0 | 8344 24c0 | 0041 8038 | 0074 3545 
  0x00007ffbbc6776d4: 8820 4d85 | d274 0f4f | 8944 13f8 | 4983 c2f8 | 4d89 5748 | eb1e 498b | f849 8bf7 | c5f8 7749 
  0x00007ffbbc6776f4: ba80 cfaf | d0fb 7f00 | 0041 ffd2 

  0x00007ffbbc677700: ;   {other}
  0x00007ffbbc677700: 0f1f 8400 | 0000 0000 | 448b 5b14 | 4585 db0f | 8467 0600 | 004d 8bd3 | 4c89 5424 | 2866 6690 
  0x00007ffbbc677720: e9f6 eeff | ff49 8bf7 | c5f8 7749 | ba60 cfaf | d0fb 7f00 | 0041 ffd2 

  0x00007ffbbc677738: ;   {other}
  0x00007ffbbc677738: 0f1f 8400 | 0000 0000 | e98f e1ff | ff49 8bf7 | c5f8 7749 | ba60 cfaf | d0fb 7f00 | 0041 ffd2 
  0x00007ffbbc677758: ;   {other}
  0x00007ffbbc677758: 0f1f 8400 | 0000 0000 | e92b e1ff 

  0x00007ffbbc677764: ;   {metadata('java/lang/InternalError')}
  0x00007ffbbc677764: ff48 be70 | 0501 53fb | 7f00 0090 

  0x00007ffbbc677770: ;   {runtime_call _new_instance_Java}
  0x00007ffbbc677770: c5f8 77e8 

  0x00007ffbbc677774: ; ImmutableOopMap {[12]=NarrowOop [16]=Oop [24]=Oop [32]=Oop [40]=Oop [48]=Oop [56]=Oop }
                      ;*new {reexecute=0 rethrow=0 return_oop=1}
                      ; - java.lang.NamedPackage::<init>@18 (line 49)
                      ; - java.lang.ClassLoader::getNamedPackage@22 (line 343)
                      ; - java.lang.ClassLoader::postDefineClass@9 (line 934)
                      ; - java.lang.ClassLoader::defineClass@37 (line 1028)
                      ; - java.security.SecureClassLoader::defineClass@12 (line 150)
  0x00007ffbbc677774: 0882 7dff 

  0x00007ffbbc677778: ;   {other}
  0x00007ffbbc677778: 0f1f 8400 | e82e 0045 | e985 e5ff 

  0x00007ffbbc677784: ;   {metadata('java/lang/StringBuilder')}
  0x00007ffbbc677784: ff48 be18 | 8000 53fb | 7f00 0090 

  0x00007ffbbc677790: ;   {runtime_call _new_instance_Java}
  0x00007ffbbc677790: c5f8 77e8 

  0x00007ffbbc677794: ; ImmutableOopMap {[12]=NarrowOop [16]=Oop [24]=Oop [32]=Oop [40]=Oop [48]=Oop [56]=Oop [88]=Oop }
                      ;*new {reexecute=0 rethrow=0 return_oop=1}
                      ; - java.lang.NamedPackage::<init>@22 (line 49)
                      ; - java.lang.ClassLoader::getNamedPackage@22 (line 343)
                      ; - java.lang.ClassLoader::postDefineClass@9 (line 934)
                      ; - java.lang.ClassLoader::defineClass@37 (line 1028)
                      ; - java.security.SecureClassLoader::defineClass@12 (line 150)
  0x00007ffbbc677794: e881 7dff 

  0x00007ffbbc677798: ;   {other}
  0x00007ffbbc677798: 0f1f 8400 | 082f 0046 | e9b9 e5ff | ff4c 894c | 2450 4489 | 5424 3c4c | 896c 2448 | 4889 5c24 
  0x00007ffbbc6777b8: 4044 8b54 | 2408 4489 | 5424 384c | 8b54 2410 | 4c89 5424 | 0848 be00 | 0000 53fb | 7f00 0049 
  0x00007ffbbc6777d8: 03f0 418b | d366 6690 

  0x00007ffbbc6777e0: ;   {runtime_call _new_array_Java}
  0x00007ffbbc6777e0: c5f8 77e8 

  0x00007ffbbc6777e4: ; ImmutableOopMap {rbp=Oop [8]=Oop [24]=Oop [32]=Oop [48]=Oop [60]=NarrowOop [64]=Oop [72]=Oop }
                      ;*invokevirtual clone {reexecute=1 rethrow=0 return_oop=1}
                      ; - (reexecute) java.security.CodeSource::getCertificates@11 (line 205)
                      ; - java.lang.ClassLoader::checkCerts@34 (line 1168)
                      ; - java.lang.ClassLoader::preDefineClass@113 (line 917)
                      ; - java.lang.ClassLoader::defineClass@4 (line 1025)
                      ; - java.security.SecureClassLoader::defineClass@12 (line 150)
  0x00007ffbbc6777e4: 987e 7dff 

  0x00007ffbbc6777e8: ;   {other}
  0x00007ffbbc6777e8: 0f1f 8400 | 582f 0047 | 4c8b 5424 | 084c 8954 | 2410 448b | 4424 3844 | 8944 2408 | 488b 5c24 
  0x00007ffbbc677808: 404c 8b6c | 2448 448b | 5424 3c4c | 8b4c 2450 | 4c8b f048 | 8bcd 6690 | e95e e6ff | ffbe 45ff 
  0x00007ffbbc677828: ffff 4c8b | 5424 304c | 8954 2420 | 4c89 5c24 | 2844 894c | 2438 4889 | 4c24 4044 | 8944 243c 
  0x00007ffbbc677848: 895c 2448 

  0x00007ffbbc67784c: ;   {runtime_call UncommonTrapBlob}
  0x00007ffbbc67784c: c5f8 77e8 

  0x00007ffbbc677850: ; ImmutableOopMap {rbp=NarrowOop [24]=Oop [32]=Oop [40]=Oop [56]=NarrowOop [60]=NarrowOop [64]=Oop }
                      ;*ifnull {reexecute=1 rethrow=0 return_oop=0}
                      ; - (reexecute) java.util.concurrent.ConcurrentHashMap::get@67 (line 940)
                      ; - java.lang.ClassLoader::getNamedPackage@5 (line 341)
                      ; - java.lang.ClassLoader::postDefineClass@9 (line 934)
                      ; - java.lang.ClassLoader::defineClass@37 (line 1028)
                      ; - java.security.SecureClassLoader::defineClass@12 (line 150)
  0x00007ffbbc677850: 2c2d 7aff 

  0x00007ffbbc677854: ;   {other}
  0x00007ffbbc677854: 0f1f 8400 | c42f 0048 | be45 ffff | ff44 8b54 | 240c 4489 | 5424 0844 | 8b5c 242c | 4489 5c24 
  0x00007ffbbc677874: 0c89 4424 | 2c66 6690 

  0x00007ffbbc67787c: ;   {runtime_call UncommonTrapBlob}
  0x00007ffbbc67787c: c5f8 77e8 

  0x00007ffbbc677880: ; ImmutableOopMap {[8]=NarrowOop [12]=NarrowOop [16]=Oop [24]=Oop [32]=Oop [48]=Oop }
                      ;*ifeq {reexecute=1 rethrow=0 return_oop=0}
                      ; - (reexecute) java.util.concurrent.ConcurrentHashMap::get@76 (line 940)
                      ; - java.lang.ClassLoader::getNamedPackage@5 (line 341)
                      ; - java.lang.ClassLoader::postDefineClass@9 (line 934)
                      ; - java.lang.ClassLoader::defineClass@37 (line 1028)
                      ; - java.security.SecureClassLoader::defineClass@12 (line 150)
  0x00007ffbbc677880: fc2c 7aff 

  0x00007ffbbc677884: ;   {other}
  0x00007ffbbc677884: 0f1f 8400 | f42f 0049 | 85db 448b | 5424 0841 | 0f94 c2be | 45ff ffff | 488b 6c24 | 1848 8b5c 
  0x00007ffbbc6778a4: 2430 4889 | 5c24 184c | 895c 2420 | 4489 4c24 | 3044 8944 | 2434 4889 | 4c24 3848 | 894c 2440 
  0x00007ffbbc6778c4: 4489 5424 | 4866 6690 

  0x00007ffbbc6778cc: ;   {runtime_call UncommonTrapBlob}
  0x00007ffbbc6778cc: c5f8 77e8 

  0x00007ffbbc6778d0: ; ImmutableOopMap {rbp=Oop [24]=Oop [32]=Oop [48]=NarrowOop [52]=NarrowOop [56]=Oop [64]=Oop }
                      ;*ifeq {reexecute=1 rethrow=0 return_oop=0}
                      ; - (reexecute) java.lang.String::hashCode@20 (line 2369)
                      ; - java.util.concurrent.ConcurrentHashMap::get@1 (line 936)
                      ; - java.lang.ClassLoader::getNamedPackage@5 (line 341)
                      ; - java.lang.ClassLoader::postDefineClass@9 (line 934)
                      ; - java.lang.ClassLoader::defineClass@37 (line 1028)
                      ; - java.security.SecureClassLoader::defineClass@12 (line 150)
  0x00007ffbbc6778d0: ac2c 7aff 

  0x00007ffbbc6778d4: ;   {other}
  0x00007ffbbc6778d4: 0f1f 8400 | 4430 004a | 4c89 4c24 | 2889 4c24 | 204c 895c | 2408 48be | 0000 0053 | fb7f 0000 
  0x00007ffbbc6778f4: 4903 f290 

  0x00007ffbbc6778f8: ;   {runtime_call _new_array_Java}
  0x00007ffbbc6778f8: c5f8 77e8 

  0x00007ffbbc6778fc: ; ImmutableOopMap {rbp=Oop [8]=Oop [24]=Oop [32]=NarrowOop }
                      ;*invokevirtual clone {reexecute=1 rethrow=0 return_oop=1}
                      ; - (reexecute) java.security.CodeSource::getCertificates@11 (line 205)
                      ; - java.lang.ClassLoader::postDefineClass@24 (line 937)
                      ; - java.lang.ClassLoader::defineClass@37 (line 1028)
                      ; - java.security.SecureClassLoader::defineClass@12 (line 150)
  0x00007ffbbc6778fc: 807d 7dff 

  0x00007ffbbc677900: ;   {other}
  0x00007ffbbc677900: 0f1f 8400 | 7030 004b | 8b4c 2420 | 4c8b 4c24 | 28e9 02eb | ffff 4889 | 7c24 5844 | 894c 2450 
  0x00007ffbbc677920: 4c89 6c24 | 4844 895c | 243c 4889 | 5c24 4044 | 8b5c 2408 | 4489 5c24 | 3848 ff74 | 2418 488f 
  0x00007ffbbc677940: 4424 0848 | 8b6c 2410 

  0x00007ffbbc677948: ;   {metadata('java/util/ArrayList')}
  0x00007ffbbc677948: 48be 90af | 0b53 fb7f | 0000 6690 

  0x00007ffbbc677954: ;   {runtime_call _new_instance_Java}
  0x00007ffbbc677954: c5f8 77e8 

  0x00007ffbbc677958: ; ImmutableOopMap {rbp=Oop [8]=Oop [32]=Oop [48]=Oop [60]=NarrowOop [64]=Oop [72]=Oop [80]=NarrowOop [88]=Oop }
                      ;*new {reexecute=0 rethrow=0 return_oop=1}
                      ; - java.security.CodeSource::getCertificates@25 (line 209)
                      ; - java.lang.ClassLoader::checkCerts@34 (line 1168)
                      ; - java.lang.ClassLoader::preDefineClass@113 (line 917)
                      ; - java.lang.ClassLoader::defineClass@4 (line 1025)
                      ; - java.security.SecureClassLoader::defineClass@12 (line 150)
  0x00007ffbbc677958: 2480 7dff 

  0x00007ffbbc67795c: ;   {other}
  0x00007ffbbc67795c: 0f1f 8400 | cc30 004c | 4889 6c24 | 1048 ff74 | 2408 488f | 4424 1844 | 8b54 2438 | 4489 5424 
  0x00007ffbbc67797c: 0848 8b5c | 2440 448b | 5c24 3c44 | 895c 2438 | 4c8b 6c24 | 4844 8b4c | 2450 488b | 7c24 580f 
  0x00007ffbbc67799c: 1f44 0000 | e96d e5ff | ff48 894c | 2468 4889 | 7c24 604c | 896c 2458 | 4c89 5c24 | 504c 8954 
  0x00007ffbbc6779bc: 2448 8b6c | 2438 4889 

  0x00007ffbbc6779c4: ;   {metadata('java/security/cert/Certificate'[])}
  0x00007ffbbc6779c4: 5c24 4048 | bee0 4710 | 53fb 7f00 | 008b 5424 | 0866 6690 

  0x00007ffbbc6779d8: ;   {runtime_call _new_array_Java}
  0x00007ffbbc6779d8: c5f8 77e8 

  0x00007ffbbc6779dc: ; ImmutableOopMap {rbp=NarrowOop [16]=Oop [24]=Oop [32]=Oop [48]=Oop [64]=Oop [72]=Oop [88]=Oop [96]=Oop [104]=Oop }
                      ;*anewarray {reexecute=0 rethrow=0 return_oop=1}
                      ; - java.security.CodeSource::getCertificates@70 (line 215)
                      ; - java.lang.ClassLoader::checkCerts@34 (line 1168)
                      ; - java.lang.ClassLoader::preDefineClass@113 (line 917)
                      ; - java.lang.ClassLoader::defineClass@4 (line 1025)
                      ; - java.security.SecureClassLoader::defineClass@12 (line 150)
  0x00007ffbbc6779dc: a07c 7dff 

  0x00007ffbbc6779e0: ;   {other}
  0x00007ffbbc6779e0: 0f1f 8400 | 5031 004d | e9f3 e6ff | ff4c 895c | 2438 498b | e948 be00 | 0000 53fb | 7f00 0049 
  0x00007ffbbc677a00: 03f2 418b | d066 6690 

  0x00007ffbbc677a08: ;   {runtime_call _new_array_Java}
  0x00007ffbbc677a08: c5f8 77e8 

  0x00007ffbbc677a0c: ; ImmutableOopMap {rbp=Oop [16]=Oop [24]=Oop [32]=Oop [48]=Oop [64]=Oop [72]=Oop [88]=Oop }
                      ;*invokevirtual clone {reexecute=1 rethrow=0 return_oop=1}
                      ; - (reexecute) java.security.CodeSource::getCertificates@86 (line 217)
                      ; - java.lang.ClassLoader::checkCerts@34 (line 1168)
                      ; - java.lang.ClassLoader::preDefineClass@113 (line 917)
                      ; - java.lang.ClassLoader::defineClass@4 (line 1025)
                      ; - java.security.SecureClassLoader::defineClass@12 (line 150)
  0x00007ffbbc677a0c: 707c 7dff 

  0x00007ffbbc677a10: ;   {other}
  0x00007ffbbc677a10: 0f1f 8400 | 8031 004e | 4c8b cd4c | 8b5c 2438 | 488b e8e9 | 93e7 ffff | be45 ffff | ff4c 8b54 
  0x00007ffbbc677a30: 2430 4c89 | 5424 204c | 895c 2428 | 4489 4c24 | 3848 894c | 2440 4889 | 5424 4889 | 5c24 3c90 
  0x00007ffbbc677a50: ;   {runtime_call UncommonTrapBlob}
  0x00007ffbbc677a50: c5f8 77e8 

  0x00007ffbbc677a54: ; ImmutableOopMap {rbp=NarrowOop [24]=Oop [32]=Oop [40]=Oop [56]=NarrowOop [64]=Oop [72]=Oop }
                      ;*ifnull {reexecute=1 rethrow=0 return_oop=0}
                      ; - (reexecute) java.util.concurrent.ConcurrentHashMap::get@143 (line 946)
                      ; - java.lang.ClassLoader::getNamedPackage@5 (line 341)
                      ; - java.lang.ClassLoader::postDefineClass@9 (line 934)
                      ; - java.lang.ClassLoader::defineClass@37 (line 1028)
                      ; - java.security.SecureClassLoader::defineClass@12 (line 150)
  0x00007ffbbc677a54: 282b 7aff 

  0x00007ffbbc677a58: ;   {other}
  0x00007ffbbc677a58: 0f1f 8400 | c831 004f | 4889 5c24 | 2844 8954 | 2420 4489 | 4c24 0c49 

  0x00007ffbbc677a70: ;   {metadata('java/util/ArrayList')}
  0x00007ffbbc677a70: 8beb 48be | 90af 0b53 | fb7f 0000 

  0x00007ffbbc677a7c: ;   {runtime_call _new_instance_Java}
  0x00007ffbbc677a7c: c5f8 77e8 

  0x00007ffbbc677a80: ; ImmutableOopMap {rbp=Oop [12]=NarrowOop [24]=Oop [32]=NarrowOop [40]=Oop }
                      ;*new {reexecute=0 rethrow=0 return_oop=1}
                      ; - java.security.CodeSource::getCertificates@25 (line 209)
                      ; - java.lang.ClassLoader::postDefineClass@24 (line 937)
                      ; - java.lang.ClassLoader::defineClass@37 (line 1028)
                      ; - java.security.SecureClassLoader::defineClass@12 (line 150)
  0x00007ffbbc677a80: fc7e 7dff 

  0x00007ffbbc677a84: ;   {other}
  0x00007ffbbc677a84: 0f1f 8400 | f431 0050 | 4c8b dd44 | 8b4c 240c | 448b 5424 | 2048 8b5c | 2428 6690 | e9ed e9ff 
  0x00007ffbbc677aa4: ff48 894c | 2428 4889 | 5c24 2041 | 8be9 4c89 

  0x00007ffbbc677ab4: ;   {metadata('java/security/cert/Certificate'[])}
  0x00007ffbbc677ab4: 5c24 1048 | bee0 4710 | 53fb 7f00 | 008b 5424 | 0866 6690 

  0x00007ffbbc677ac8: ;   {runtime_call _new_array_Java}
  0x00007ffbbc677ac8: c5f8 77e8 

  0x00007ffbbc677acc: ; ImmutableOopMap {rbp=NarrowOop [16]=Oop [24]=Oop [32]=Oop [40]=Oop }
                      ;*anewarray {reexecute=0 rethrow=0 return_oop=1}
                      ; - java.security.CodeSource::getCertificates@70 (line 215)
                      ; - java.lang.ClassLoader::postDefineClass@24 (line 937)
                      ; - java.lang.ClassLoader::defineClass@37 (line 1028)
                      ; - java.security.SecureClassLoader::defineClass@12 (line 150)
  0x00007ffbbc677acc: b07b 7dff 

  0x00007ffbbc677ad0: ;   {other}
  0x00007ffbbc677ad0: 0f1f 8400 | 4032 0051 | e9ba eaff | ff48 be00 | 0000 53fb | 7f00 0049 | 03f2 418b | d366 6690 
  0x00007ffbbc677af0: ;   {runtime_call _new_array_Java}
  0x00007ffbbc677af0: c5f8 77e8 

  0x00007ffbbc677af4: ; ImmutableOopMap {[16]=Oop [24]=Oop [40]=Oop }
                      ;*invokevirtual clone {reexecute=1 rethrow=0 return_oop=1}
                      ; - (reexecute) java.security.CodeSource::getCertificates@86 (line 217)
                      ; - java.lang.ClassLoader::postDefineClass@24 (line 937)
                      ; - java.lang.ClassLoader::defineClass@37 (line 1028)
                      ; - java.security.SecureClassLoader::defineClass@12 (line 150)
  0x00007ffbbc677af4: 887b 7dff 

  0x00007ffbbc677af8: ;   {other}
  0x00007ffbbc677af8: 0f1f 8400 | 6832 0052 | e987 ebff | ffbe 3701 | 0000 488b | eb4c 8b54 | 2420 4c89 | 5424 1090 
  0x00007ffbbc677b18: ;   {runtime_call UncommonTrapBlob}
  0x00007ffbbc677b18: c5f8 77e8 

  0x00007ffbbc677b1c: ; ImmutableOopMap {rbp=Oop [16]=Oop [24]=Oop }
                      ;*new {reexecute=0 rethrow=0 return_oop=0}
                      ; - java.lang.ClassLoader::preDefineClass@56 (line 908)
                      ; - java.lang.ClassLoader::defineClass@4 (line 1025)
                      ; - java.security.SecureClassLoader::defineClass@12 (line 150)
  0x00007ffbbc677b1c: 602a 7aff 

  0x00007ffbbc677b20: ;   {other}
  0x00007ffbbc677b20: 0f1f 8400 | 9032 0053 | bee4 ffff | ff48 8b6c | 2410 4c8b | 5424 204c | 8954 2410 | 448b 5424 
  0x00007ffbbc677b40: 2844 8954 | 2420 448b | 5c24 2c44 | 895c 2424 | 4c8b 5424 | 304c 8954 | 2428 4889 | 5c24 304c 
  0x00007ffbbc677b60: 896c 2440 | 4889 4c24 | 5044 894c | 2458 4489 | 4424 5c90 

  0x00007ffbbc677b74: ;   {runtime_call UncommonTrapBlob}
  0x00007ffbbc677b74: c5f8 77e8 

  0x00007ffbbc677b78: ; ImmutableOopMap {rbp=Oop [16]=Oop [24]=Oop [40]=Oop [48]=Oop [56]=NarrowOop [64]=Oop [80]=Oop [88]=NarrowOop }
                      ;*aaload {reexecute=0 rethrow=0 return_oop=0}
                      ; - java.security.CodeSource::getCertificates@50 (line 212)
                      ; - java.lang.ClassLoader::checkCerts@34 (line 1168)
                      ; - java.lang.ClassLoader::preDefineClass@113 (line 917)
                      ; - java.lang.ClassLoader::defineClass@4 (line 1025)
                      ; - java.security.SecureClassLoader::defineClass@12 (line 150)
  0x00007ffbbc677b78: 042a 7aff 

  0x00007ffbbc677b7c: ;   {other}
  0x00007ffbbc677b7c: 0f1f 8400 | ec32 0054 | bef6 ffff | ff66 6690 

  0x00007ffbbc677b8c: ;   {runtime_call UncommonTrapBlob}
  0x00007ffbbc677b8c: c5f8 77e8 

  0x00007ffbbc677b90: ; ImmutableOopMap {}
                      ;*invokevirtual isNamed {reexecute=0 rethrow=0 return_oop=0}
                      ; - java.lang.NamedPackage::<init>@12 (line 48)
                      ; - java.lang.ClassLoader::getNamedPackage@22 (line 343)
                      ; - java.lang.ClassLoader::postDefineClass@9 (line 934)
                      ; - java.lang.ClassLoader::defineClass@37 (line 1028)
                      ; - java.security.SecureClassLoader::defineClass@12 (line 150)
  0x00007ffbbc677b90: ec29 7aff 

  0x00007ffbbc677b94: ;   {other}
  0x00007ffbbc677b94: 0f1f 8400 | 0433 0055 | bef6 ffff | ff8b 6c24 | 0c66 6690 

  0x00007ffbbc677ba8: ;   {runtime_call UncommonTrapBlob}
  0x00007ffbbc677ba8: c5f8 77e8 

  0x00007ffbbc677bac: ; ImmutableOopMap {rbp=NarrowOop }
                      ;*invokevirtual append {reexecute=0 rethrow=0 return_oop=0}
                      ; - java.lang.NamedPackage::<init>@35 (line 49)
                      ; - java.lang.ClassLoader::getNamedPackage@22 (line 343)
                      ; - java.lang.ClassLoader::postDefineClass@9 (line 934)
                      ; - java.lang.ClassLoader::defineClass@37 (line 1028)
                      ; - java.security.SecureClassLoader::defineClass@12 (line 150)
  0x00007ffbbc677bac: d029 7aff 

  0x00007ffbbc677bb0: ;   {other}
  0x00007ffbbc677bb0: 0f1f 8400 | 2033 0056 | bef6 ffff | ff66 6690 

  0x00007ffbbc677bc0: ;   {runtime_call UncommonTrapBlob}
  0x00007ffbbc677bc0: c5f8 77e8 

  0x00007ffbbc677bc4: ; ImmutableOopMap {}
                      ;*invokevirtual toString {reexecute=0 rethrow=0 return_oop=0}
                      ; - java.lang.NamedPackage::<init>@38 (line 49)
                      ; - java.lang.ClassLoader::getNamedPackage@22 (line 343)
                      ; - java.lang.ClassLoader::postDefineClass@9 (line 934)
                      ; - java.lang.ClassLoader::defineClass@37 (line 1028)
                      ; - java.security.SecureClassLoader::defineClass@12 (line 150)
  0x00007ffbbc677bc4: b829 7aff 

  0x00007ffbbc677bc8: ;   {other}
  0x00007ffbbc677bc8: 0f1f 8400 | 3833 0057 | be76 ffff | ff48 8b6c | 2410 4c8b | 5c24 204c | 895c 2410 | 448b 5c24 
  0x00007ffbbc677be8: 2844 895c | 2420 448b | 4424 2c44 | 8944 2424 | 4c8b 5c24 | 304c 895c | 2428 4889 | 7c24 4044 
  0x00007ffbbc677c08: 8954 2448 | 895c 244c | 8954 2450 | 4889 4c24 | 5844 894c | 2460 6690 

  0x00007ffbbc677c20: ;   {runtime_call UncommonTrapBlob}
  0x00007ffbbc677c20: c5f8 77e8 

  0x00007ffbbc677c24: ; ImmutableOopMap {rbp=Oop [16]=Oop [24]=Oop [40]=Oop [64]=Oop [80]=NarrowOop [88]=Oop }
                      ;*if_icmpge {reexecute=1 rethrow=0 return_oop=0}
                      ; - (reexecute) java.lang.ClassLoader::compareCerts@67 (line 1197)
                      ; - java.lang.ClassLoader::checkCerts@80 (line 1172)
                      ; - java.lang.ClassLoader::preDefineClass@113 (line 917)
                      ; - java.lang.ClassLoader::defineClass@4 (line 1025)
                      ; - java.security.SecureClassLoader::defineClass@12 (line 150)
  0x00007ffbbc677c24: 5829 7aff 

  0x00007ffbbc677c28: ;   {other}
  0x00007ffbbc677c28: 0f1f 8400 | 9833 0058 | be76 ffff | ff48 8b6c | 2410 4c8b | 4424 204c | 8944 2410 | 448b 4424 
  0x00007ffbbc677c48: 2844 8944 | 2420 8b4c | 242c 894c | 2424 4c8b | 4424 304c | 8944 2428 | 4c8b 4424 | 5844 895c 
  0x00007ffbbc677c68: 2444 4489 | 4c24 484c | 8944 2450 | 448b 9c24 | 8000 0000 | 458b d344 | 8954 2458 

  0x00007ffbbc677c84: ;   {runtime_call UncommonTrapBlob}
  0x00007ffbbc677c84: c5f8 77e8 

  0x00007ffbbc677c88: ; ImmutableOopMap {rbp=Oop [16]=Oop [24]=Oop [40]=Oop [56]=Oop [72]=NarrowOop [80]=Oop }
                      ;*if_icmpge {reexecute=1 rethrow=0 return_oop=0}
                      ; - (reexecute) java.lang.ClassLoader::compareCerts@152 (line 1209)
                      ; - java.lang.ClassLoader::checkCerts@80 (line 1172)
                      ; - java.lang.ClassLoader::preDefineClass@113 (line 917)
                      ; - java.lang.ClassLoader::defineClass@4 (line 1025)
                      ; - java.security.SecureClassLoader::defineClass@12 (line 150)
  0x00007ffbbc677c88: f428 7aff 

  0x00007ffbbc677c8c: ;   {other}
  0x00007ffbbc677c8c: 0f1f 8400 | fc33 0059 | bee4 ffff | ff48 8b6c | 2418 4c89 | 5c24 0844 | 894c 2418 | 4889 4c24 
  0x00007ffbbc677cac: 2844 8954 | 2430 4489 | 4424 3490 

  0x00007ffbbc677cb8: ;   {runtime_call UncommonTrapBlob}
  0x00007ffbbc677cb8: c5f8 77e8 

  0x00007ffbbc677cbc: ; ImmutableOopMap {rbp=Oop [8]=Oop [24]=NarrowOop [40]=Oop [48]=NarrowOop }
                      ;*aaload {reexecute=0 rethrow=0 return_oop=0}
                      ; - java.security.CodeSource::getCertificates@50 (line 212)
                      ; - java.lang.ClassLoader::postDefineClass@24 (line 937)
                      ; - java.lang.ClassLoader::defineClass@37 (line 1028)
                      ; - java.security.SecureClassLoader::defineClass@12 (line 150)
  0x00007ffbbc677cbc: c028 7aff 

  0x00007ffbbc677cc0: ;   {other}
  0x00007ffbbc677cc0: 0f1f 8400 | 3034 005a | 4c8b e849 | 8bf7 c5f8 | 7749 ba60 | cfaf d0fb | 7f00 0041 

  0x00007ffbbc677cdc: ;   {other}
  0x00007ffbbc677cdc: ffd2 0f1f | 8400 0000 | 0000 4d8b | cde9 2ee4 | ffff be76 | ffff ff48 | 8b6c 2410 | 4c8b 5c24 
  0x00007ffbbc677cfc: 204c 895c | 2410 448b | 5c24 2844 | 895c 2420 | 448b 5c24 | 2c44 895c | 2424 4c8b | 5c24 304c 
  0x00007ffbbc677d1c: 895c 2428 | 4889 4c24 | 3048 897c | 2440 4489 | 5424 4c90 

  0x00007ffbbc677d30: ;   {runtime_call UncommonTrapBlob}
  0x00007ffbbc677d30: c5f8 77e8 

  0x00007ffbbc677d34: ; ImmutableOopMap {rbp=Oop [16]=Oop [24]=Oop [40]=Oop [48]=Oop [64]=Oop [80]=Oop }
                      ;*if_icmpge {reexecute=1 rethrow=0 return_oop=0}
                      ; - (reexecute) java.lang.ClassLoader::compareCerts@40 (line 1195)
                      ; - java.lang.ClassLoader::checkCerts@80 (line 1172)
                      ; - java.lang.ClassLoader::preDefineClass@113 (line 917)
                      ; - java.lang.ClassLoader::defineClass@4 (line 1025)
                      ; - java.security.SecureClassLoader::defineClass@12 (line 150)
  0x00007ffbbc677d34: 4828 7aff 

  0x00007ffbbc677d38: ;   {other}
  0x00007ffbbc677d38: 0f1f 8400 | a834 005b | 498b f7c5 | f877 49ba | 60cf afd0 | fb7f 0000 

  0x00007ffbbc677d50: ;   {other}
  0x00007ffbbc677d50: 41ff d20f | 1f84 0000 | 0000 000f | 1f44 0000 | e975 e8ff | ffbe f6ff | ffff 6690 

  0x00007ffbbc677d6c: ;   {runtime_call UncommonTrapBlob}
  0x00007ffbbc677d6c: c5f8 77e8 

  0x00007ffbbc677d70: ; ImmutableOopMap {}
                      ;*invokevirtual clone {reexecute=1 rethrow=0 return_oop=0}
                      ; - (reexecute) java.security.CodeSource::getCertificates@86 (line 217)
                      ; - java.lang.ClassLoader::checkCerts@34 (line 1168)
                      ; - java.lang.ClassLoader::preDefineClass@113 (line 917)
                      ; - java.lang.ClassLoader::defineClass@4 (line 1025)
                      ; - java.security.SecureClassLoader::defineClass@12 (line 150)
  0x00007ffbbc677d70: 0c28 7aff 

  0x00007ffbbc677d74: ;   {other}
  0x00007ffbbc677d74: 0f1f 8400 | e434 005c | bef6 ffff | ff66 6690 

  0x00007ffbbc677d84: ;   {runtime_call UncommonTrapBlob}
  0x00007ffbbc677d84: c5f8 77e8 

  0x00007ffbbc677d88: ; ImmutableOopMap {}
                      ;*invokevirtual clone {reexecute=1 rethrow=0 return_oop=0}
                      ; - (reexecute) java.security.CodeSource::getCertificates@86 (line 217)
                      ; - java.lang.ClassLoader::postDefineClass@24 (line 937)
                      ; - java.lang.ClassLoader::defineClass@37 (line 1028)
                      ; - java.security.SecureClassLoader::defineClass@12 (line 150)
  0x00007ffbbc677d88: f427 7aff 

  0x00007ffbbc677d8c: ;   {other}
  0x00007ffbbc677d8c: 0f1f 8400 | fc34 005d | bede ffff | ff48 8b6c | 2410 4c8b | 5424 184c | 8954 2408 | 4c8b 5424 
  0x00007ffbbc677dac: 204c 8954 | 2410 4889 | 4424 2090 

  0x00007ffbbc677db8: ;   {runtime_call UncommonTrapBlob}
  0x00007ffbbc677db8: c5f8 77e8 

  0x00007ffbbc677dbc: ; ImmutableOopMap {rbp=Oop [8]=Oop [16]=Oop [32]=Oop }
                      ;*checkcast {reexecute=0 rethrow=0 return_oop=0}
                      ; - java.security.SecureClassLoader::getProtectionDomain@33 (line 222)
                      ; - java.security.SecureClassLoader::defineClass@9 (line 150)
  0x00007ffbbc677dbc: c027 7aff 

  0x00007ffbbc677dc0: ;   {other}
  0x00007ffbbc677dc0: 0f1f 8400 | 3035 005e | bede ffff | ff48 8b6c | 2410 4c8b | 5424 204c | 8954 2410 | 448b 5c24 
  0x00007ffbbc677de0: 2844 895c | 2420 448b | 5424 2c44 | 8954 2424 | 4c8b 5424 | 304c 8954 | 2428 4c8b | 5424 384c 
  0x00007ffbbc677e00: 8954 2430 | 4889 4424 | 4066 6690 

  0x00007ffbbc677e0c: ;   {runtime_call UncommonTrapBlob}
  0x00007ffbbc677e0c: c5f8 77e8 

  0x00007ffbbc677e10: ; ImmutableOopMap {rbp=Oop [16]=Oop [24]=Oop [40]=Oop [48]=Oop [64]=Oop [80]=Oop }
                      ;*checkcast {reexecute=0 rethrow=0 return_oop=0}
                      ; - java.lang.ClassLoader::checkCerts@65 (line 1171)
                      ; - java.lang.ClassLoader::preDefineClass@113 (line 917)
                      ; - java.lang.ClassLoader::defineClass@4 (line 1025)
                      ; - java.security.SecureClassLoader::defineClass@12 (line 150)
  0x00007ffbbc677e10: 6c27 7aff 

  0x00007ffbbc677e14: ;   {other}
  0x00007ffbbc677e14: 0f1f 8400 | 8435 005f | bede ffff | ff4c 8b54 | 2410 4c89 | 5424 084c | 8b54 2440 | 4c89 5424 
  0x00007ffbbc677e34: 3848 8944 | 2450 6690 

  0x00007ffbbc677e3c: ;   {runtime_call UncommonTrapBlob}
  0x00007ffbbc677e3c: c5f8 77e8 

  0x00007ffbbc677e40: ; ImmutableOopMap {rbp=NarrowOop [8]=Oop [24]=Oop [32]=Oop [48]=Oop [56]=Oop [80]=Oop [88]=Oop }
                      ;*checkcast {reexecute=0 rethrow=0 return_oop=0}
                      ; - java.security.CodeSource::getCertificates@76 (line 215)
                      ; - java.lang.ClassLoader::checkCerts@34 (line 1168)
                      ; - java.lang.ClassLoader::preDefineClass@113 (line 917)
                      ; - java.lang.ClassLoader::defineClass@4 (line 1025)
                      ; - java.security.SecureClassLoader::defineClass@12 (line 150)
  0x00007ffbbc677e40: 3c27 7aff 

  0x00007ffbbc677e44: ;   {other}
  0x00007ffbbc677e44: 0f1f 8400 | b435 0060 | bede ffff | ff48 8944 | 2428 6690 

  0x00007ffbbc677e58: ;   {runtime_call UncommonTrapBlob}
  0x00007ffbbc677e58: c5f8 77e8 

  0x00007ffbbc677e5c: ; ImmutableOopMap {rbp=NarrowOop [16]=Oop [24]=Oop [40]=Oop }
                      ;*checkcast {reexecute=0 rethrow=0 return_oop=0}
                      ; - java.security.CodeSource::getCertificates@76 (line 215)
                      ; - java.lang.ClassLoader::postDefineClass@24 (line 937)
                      ; - java.lang.ClassLoader::defineClass@37 (line 1028)
                      ; - java.security.SecureClassLoader::defineClass@12 (line 150)
  0x00007ffbbc677e5c: 2027 7aff 

  0x00007ffbbc677e60: ;   {other}
  0x00007ffbbc677e60: 0f1f 8400 | d035 0061 | bef6 ffff | ff48 8bea | 4889 4c24 | 0866 6690 

  0x00007ffbbc677e78: ;   {runtime_call UncommonTrapBlob}
  0x00007ffbbc677e78: c5f8 77e8 

  0x00007ffbbc677e7c: ; ImmutableOopMap {rbp=Oop [8]=Oop }
                      ;*invokeinterface computeIfAbsent {reexecute=0 rethrow=0 return_oop=0}
                      ; - java.security.SecureClassLoader::getProtectionDomain@28 (line 222)
                      ; - java.security.SecureClassLoader::defineClass@9 (line 150)
  0x00007ffbbc677e7c: 0027 7aff 

  0x00007ffbbc677e80: ;   {other}
  0x00007ffbbc677e80: 0f1f 8400 | f035 0062 | bef4 ffff | ff48 8b6c | 2410 4c8b | 5424 184c | 8954 2408 

  0x00007ffbbc677e9c: ;   {runtime_call UncommonTrapBlob}
  0x00007ffbbc677e9c: c5f8 77e8 

  0x00007ffbbc677ea0: ; ImmutableOopMap {rbp=Oop [8]=Oop [32]=Oop }
                      ;*checkcast {reexecute=0 rethrow=0 return_oop=0}
                      ; - java.security.SecureClassLoader::getProtectionDomain@33 (line 222)
                      ; - java.security.SecureClassLoader::defineClass@9 (line 150)
  0x00007ffbbc677ea0: dc26 7aff 

  0x00007ffbbc677ea4: ;   {other}
  0x00007ffbbc677ea4: 0f1f 8400 | 1436 0063 | bef6 ffff | ff66 6690 

  0x00007ffbbc677eb4: ;   {runtime_call UncommonTrapBlob}
  0x00007ffbbc677eb4: c5f8 77e8 

  0x00007ffbbc677eb8: ; ImmutableOopMap {}
                      ;*arraylength {reexecute=0 rethrow=0 return_oop=0}
                      ; - java.lang.String::isEmpty@4 (line 1532)
                      ; - java.lang.ClassLoader::checkName@5 (line 1155)
                      ; - java.lang.ClassLoader::preDefineClass@1 (line 900)
                      ; - java.lang.ClassLoader::defineClass@4 (line 1025)
                      ; - java.security.SecureClassLoader::defineClass@12 (line 150)
  0x00007ffbbc677eb8: c426 7aff 

  0x00007ffbbc677ebc: ;   {other}
  0x00007ffbbc677ebc: 0f1f 8400 | 2c36 0064 | bef6 ffff | ff66 6690 

  0x00007ffbbc677ecc: ;   {runtime_call UncommonTrapBlob}
  0x00007ffbbc677ecc: c5f8 77e8 

  0x00007ffbbc677ed0: ; ImmutableOopMap {}
                      ;*invokevirtual getPackageName {reexecute=0 rethrow=0 return_oop=0}
                      ; - java.lang.ClassLoader::postDefineClass@2 (line 934)
                      ; - java.lang.ClassLoader::defineClass@37 (line 1028)
                      ; - java.security.SecureClassLoader::defineClass@12 (line 150)
  0x00007ffbbc677ed0: ac26 7aff 

  0x00007ffbbc677ed4: ;   {other}
  0x00007ffbbc677ed4: 0f1f 8400 | 4436 0065 | bef6 ffff | ff66 6690 

  0x00007ffbbc677ee4: ;   {runtime_call UncommonTrapBlob}
  0x00007ffbbc677ee4: c5f8 77e8 

  0x00007ffbbc677ee8: ; ImmutableOopMap {}
                      ;*invokevirtual hashCode {reexecute=0 rethrow=0 return_oop=0}
                      ; - java.util.concurrent.ConcurrentHashMap::get@1 (line 936)
                      ; - java.lang.ClassLoader::getNamedPackage@5 (line 341)
                      ; - java.lang.ClassLoader::postDefineClass@9 (line 934)
                      ; - java.lang.ClassLoader::defineClass@37 (line 1028)
                      ; - java.security.SecureClassLoader::defineClass@12 (line 150)
  0x00007ffbbc677ee8: 9426 7aff 

  0x00007ffbbc677eec: ;   {other}
  0x00007ffbbc677eec: 0f1f 8400 | 5c36 0066 | 4d85 d244 | 8b54 2408 | 410f 94c2 | be45 ffff | ff4c 8b5c | 2430 4c89 
  0x00007ffbbc677f0c: 5c24 2048 | 8944 2428 | 4489 5424 | 3066 6690 

  0x00007ffbbc677f1c: ;   {runtime_call UncommonTrapBlob}
  0x00007ffbbc677f1c: c5f8 77e8 

  0x00007ffbbc677f20: ; ImmutableOopMap {[16]=Oop [24]=Oop [32]=Oop [40]=Oop }
                      ;*ifeq {reexecute=1 rethrow=0 return_oop=0}
                      ; - (reexecute) java.lang.Class::getPackageName@29 (line 1164)
                      ; - java.lang.ClassLoader::postDefineClass@2 (line 934)
                      ; - java.lang.ClassLoader::defineClass@37 (line 1028)
                      ; - java.security.SecureClassLoader::defineClass@12 (line 150)
  0x00007ffbbc677f20: 5c26 7aff 

  0x00007ffbbc677f24: ;   {other}
  0x00007ffbbc677f24: 0f1f 8400 | 9436 0067 | bef6 ffff | ff66 6690 

  0x00007ffbbc677f34: ;   {runtime_call UncommonTrapBlob}
  0x00007ffbbc677f34: c5f8 77e8 

  0x00007ffbbc677f38: ; ImmutableOopMap {}
                      ;*arraylength {reexecute=0 rethrow=0 return_oop=0}
                      ; - java.lang.String::length@4 (line 1519)
                      ; - java.lang.String::lastIndexOf@3 (line 2535)
                      ; - java.lang.Class::getPackageName@47 (line 1168)
                      ; - java.lang.ClassLoader::postDefineClass@2 (line 934)
                      ; - java.lang.ClassLoader::defineClass@37 (line 1028)
                      ; - java.security.SecureClassLoader::defineClass@12 (line 150)
  0x00007ffbbc677f38: 4426 7aff 

  0x00007ffbbc677f3c: ;   {other}
  0x00007ffbbc677f3c: 0f1f 8400 | ac36 0068 | be45 ffff | ff48 8b6c | 2410 48ff | 7424 1848 | 8f44 2408 

  0x00007ffbbc677f58: ;   {runtime_call UncommonTrapBlob}
  0x00007ffbbc677f58: c5f8 77e8 

  0x00007ffbbc677f5c: ; ImmutableOopMap {rbp=Oop [8]=Oop [32]=Oop [48]=Oop }
                      ;*ifnull {reexecute=1 rethrow=0 return_oop=0}
                      ; - (reexecute) java.lang.ClassLoader::checkName@1 (line 1155)
                      ; - java.lang.ClassLoader::preDefineClass@1 (line 900)
                      ; - java.lang.ClassLoader::defineClass@4 (line 1025)
                      ; - java.security.SecureClassLoader::defineClass@12 (line 150)
  0x00007ffbbc677f5c: 2026 7aff 

  0x00007ffbbc677f60: ;   {other}
  0x00007ffbbc677f60: 0f1f 8400 | d036 0069 | be45 ffff | ff48 8b6c | 2410 4c8b | 5424 204c | 8954 2410 | 448b 5c24 
  0x00007ffbbc677f80: 2844 895c | 2420 448b | 5424 2c44 | 8954 2424 | 4c8b 5424 | 304c 8954 | 2428 4889 | 5c24 304c 
  0x00007ffbbc677fa0: 896c 2440 

  0x00007ffbbc677fa4: ;   {runtime_call UncommonTrapBlob}
  0x00007ffbbc677fa4: c5f8 77e8 

  0x00007ffbbc677fa8: ; ImmutableOopMap {rbp=Oop [16]=Oop [24]=Oop [40]=Oop [48]=Oop [56]=NarrowOop [64]=Oop }
                      ;*ifnull {reexecute=1 rethrow=0 return_oop=0}
                      ; - (reexecute) java.lang.ClassLoader::checkCerts@30 (line 1167)
                      ; - java.lang.ClassLoader::preDefineClass@113 (line 917)
                      ; - java.lang.ClassLoader::defineClass@4 (line 1025)
                      ; - java.security.SecureClassLoader::defineClass@12 (line 150)
  0x00007ffbbc677fa8: d425 7aff 

  0x00007ffbbc677fac: ;   {other}
  0x00007ffbbc677fac: 0f1f 8400 | 1c37 006a | be45 ffff | ff48 8b6c | 2410 4c8b | 5c24 184c | 895c 2408 | 4c8b 5c24 
  0x00007ffbbc677fcc: 204c 895c | 2410 448b | 4424 2844 | 8944 2418 | 448b 5c24 | 2c44 895c | 241c 4489 | 5424 2c90 
  0x00007ffbbc677fec: ;   {runtime_call UncommonTrapBlob}
  0x00007ffbbc677fec: c5f8 77e8 

  0x00007ffbbc677ff0: ; ImmutableOopMap {rbp=Oop [8]=Oop [16]=Oop [44]=NarrowOop [48]=Oop }
                      ;*ifnull {reexecute=1 rethrow=0 return_oop=0}
                      ; - (reexecute) java.lang.ClassLoader::defineClassSourceLocation@8 (line 926)
                      ; - java.lang.ClassLoader::defineClass@12 (line 1026)
                      ; - java.security.SecureClassLoader::defineClass@12 (line 150)
  0x00007ffbbc677ff0: 8c25 7aff 

  0x00007ffbbc677ff4: ;   {other}
  0x00007ffbbc677ff4: 0f1f 8400 | 6437 006b | be45 ffff | ff4c 8b54 | 2410 4c89 | 5424 084c | 8b54 2418 | 4c89 5424 
  0x00007ffbbc678014: 1048 ff74 | 2420 488f | 4424 1848 | 8944 24f8 | 8b44 2428 | 8944 2420 | 488b 4424 | f848 8944 
  0x00007ffbbc678034: 24f8 8b44 | 242c 8944 | 2424 488b | 4424 f890 

  0x00007ffbbc678044: ;   {runtime_call UncommonTrapBlob}
  0x00007ffbbc678044: c5f8 77e8 

  0x00007ffbbc678048: ; ImmutableOopMap {rbp=NarrowOop [8]=Oop [16]=Oop [24]=Oop [48]=Oop }
                      ;*ifnull {reexecute=1 rethrow=0 return_oop=0}
                      ; - (reexecute) java.lang.ClassLoader::defineClassSourceLocation@15 (line 926)
                      ; - java.lang.ClassLoader::defineClass@12 (line 1026)
                      ; - java.security.SecureClassLoader::defineClass@12 (line 150)
  0x00007ffbbc678048: 3425 7aff 

  0x00007ffbbc67804c: ;   {other}
  0x00007ffbbc67804c: 0f1f 8400 | bc37 006c | bef6 ffff | ff66 6690 

  0x00007ffbbc67805c: ;   {runtime_call UncommonTrapBlob}
  0x00007ffbbc67805c: c5f8 77e8 

  0x00007ffbbc678060: ; ImmutableOopMap {}
                      ;*arraylength {reexecute=0 rethrow=0 return_oop=0}
                      ; - java.lang.String::isEmpty@4 (line 1532)
                      ; - java.lang.NamedPackage::<init>@5 (line 48)
                      ; - java.lang.ClassLoader::getNamedPackage@22 (line 343)
                      ; - java.lang.ClassLoader::postDefineClass@9 (line 934)
                      ; - java.lang.ClassLoader::defineClass@37 (line 1028)
                      ; - java.security.SecureClassLoader::defineClass@12 (line 150)
  0x00007ffbbc678060: 1c25 7aff 

  0x00007ffbbc678064: ;   {other}
  0x00007ffbbc678064: 0f1f 8400 | d437 006d | be45 ffff | ff44 894c | 2408 6690 

  0x00007ffbbc678078: ;   {runtime_call UncommonTrapBlob}
  0x00007ffbbc678078: c5f8 77e8 

  0x00007ffbbc67807c: ; ImmutableOopMap {[8]=NarrowOop [24]=Oop }
                      ;*ifnull {reexecute=1 rethrow=0 return_oop=0}
                      ; - (reexecute) java.lang.ClassLoader::postDefineClass@17 (line 936)
                      ; - java.lang.ClassLoader::defineClass@37 (line 1028)
                      ; - java.security.SecureClassLoader::defineClass@12 (line 150)
  0x00007ffbbc67807c: 0025 7aff 

  0x00007ffbbc678080: ;   {other}
  0x00007ffbbc678080: 0f1f 8400 | f037 006e | bef6 ffff | ff41 8be8 

  0x00007ffbbc678090: ;   {runtime_call UncommonTrapBlob}
  0x00007ffbbc678090: c5f8 77e8 

  0x00007ffbbc678094: ; ImmutableOopMap {}
                      ;*aaload {reexecute=0 rethrow=0 return_oop=0}
                      ; - java.security.CodeSource::getCertificates@50 (line 212)
                      ; - java.lang.ClassLoader::checkCerts@34 (line 1168)
                      ; - java.lang.ClassLoader::preDefineClass@113 (line 917)
                      ; - java.lang.ClassLoader::defineClass@4 (line 1025)
                      ; - java.security.SecureClassLoader::defineClass@12 (line 150)
  0x00007ffbbc678094: e824 7aff 

  0x00007ffbbc678098: ;   {other}
  0x00007ffbbc678098: 0f1f 8400 | 0838 006f | bef6 ffff | ff66 6690 

  0x00007ffbbc6780a8: ;   {runtime_call UncommonTrapBlob}
  0x00007ffbbc6780a8: c5f8 77e8 

  0x00007ffbbc6780ac: ; ImmutableOopMap {}
                      ;*invokevirtual getSignerCertPath {reexecute=0 rethrow=0 return_oop=0}
                      ; - java.security.CodeSource::getCertificates@51 (line 213)
                      ; - java.lang.ClassLoader::checkCerts@34 (line 1168)
                      ; - java.lang.ClassLoader::preDefineClass@113 (line 917)
                      ; - java.lang.ClassLoader::defineClass@4 (line 1025)
                      ; - java.security.SecureClassLoader::defineClass@12 (line 150)
  0x00007ffbbc6780ac: d024 7aff 

  0x00007ffbbc6780b0: ;   {other}
  0x00007ffbbc6780b0: 0f1f 8400 | 2038 0070 | bef6 ffff | ff66 6690 

  0x00007ffbbc6780c0: ;   {runtime_call UncommonTrapBlob}
  0x00007ffbbc6780c0: c5f8 77e8 

  0x00007ffbbc6780c4: ; ImmutableOopMap {}
                      ;*invokevirtual getCertificates {reexecute=0 rethrow=0 return_oop=0}
                      ; - java.security.CodeSource::getCertificates@54 (line 213)
                      ; - java.lang.ClassLoader::checkCerts@34 (line 1168)
                      ; - java.lang.ClassLoader::preDefineClass@113 (line 917)
                      ; - java.lang.ClassLoader::defineClass@4 (line 1025)
                      ; - java.security.SecureClassLoader::defineClass@12 (line 150)
  0x00007ffbbc6780c4: b824 7aff 

  0x00007ffbbc6780c8: ;   {other}
  0x00007ffbbc6780c8: 0f1f 8400 | 3838 0071 | bef6 ffff | ff66 6690 

  0x00007ffbbc6780d8: ;   {runtime_call UncommonTrapBlob}
  0x00007ffbbc6780d8: c5f8 77e8 

  0x00007ffbbc6780dc: ; ImmutableOopMap {}
                      ;*arraylength {reexecute=0 rethrow=0 return_oop=0}
                      ; - java.security.CodeSource::getCertificates@40 (line 211)
                      ; - java.lang.ClassLoader::checkCerts@34 (line 1168)
                      ; - java.lang.ClassLoader::preDefineClass@113 (line 917)
                      ; - java.lang.ClassLoader::defineClass@4 (line 1025)
                      ; - java.security.SecureClassLoader::defineClass@12 (line 150)
  0x00007ffbbc6780dc: a024 7aff 

  0x00007ffbbc6780e0: ;   {other}
  0x00007ffbbc6780e0: 0f1f 8400 | 5038 0072 | bef6 ffff | ff41 8be8 

  0x00007ffbbc6780f0: ;   {runtime_call UncommonTrapBlob}
  0x00007ffbbc6780f0: c5f8 77e8 

  0x00007ffbbc6780f4: ; ImmutableOopMap {}
                      ;*aaload {reexecute=0 rethrow=0 return_oop=0}
                      ; - java.security.CodeSource::getCertificates@50 (line 212)
                      ; - java.lang.ClassLoader::postDefineClass@24 (line 937)
                      ; - java.lang.ClassLoader::defineClass@37 (line 1028)
                      ; - java.security.SecureClassLoader::defineClass@12 (line 150)
  0x00007ffbbc6780f4: 8824 7aff 

  0x00007ffbbc6780f8: ;   {other}
  0x00007ffbbc6780f8: 0f1f 8400 | 6838 0073 | bef6 ffff | ff66 6690 

  0x00007ffbbc678108: ;   {runtime_call UncommonTrapBlob}
  0x00007ffbbc678108: c5f8 77e8 

  0x00007ffbbc67810c: ; ImmutableOopMap {}
                      ;*invokevirtual getSignerCertPath {reexecute=0 rethrow=0 return_oop=0}
                      ; - java.security.CodeSource::getCertificates@51 (line 213)
                      ; - java.lang.ClassLoader::postDefineClass@24 (line 937)
                      ; - java.lang.ClassLoader::defineClass@37 (line 1028)
                      ; - java.security.SecureClassLoader::defineClass@12 (line 150)
  0x00007ffbbc67810c: 7024 7aff 

  0x00007ffbbc678110: ;   {other}
  0x00007ffbbc678110: 0f1f 8400 | 8038 0074 | bef6 ffff | ff66 6690 

  0x00007ffbbc678120: ;   {runtime_call UncommonTrapBlob}
  0x00007ffbbc678120: c5f8 77e8 

  0x00007ffbbc678124: ; ImmutableOopMap {}
                      ;*invokevirtual getCertificates {reexecute=0 rethrow=0 return_oop=0}
                      ; - java.security.CodeSource::getCertificates@54 (line 213)
                      ; - java.lang.ClassLoader::postDefineClass@24 (line 937)
                      ; - java.lang.ClassLoader::defineClass@37 (line 1028)
                      ; - java.security.SecureClassLoader::defineClass@12 (line 150)
  0x00007ffbbc678124: 5824 7aff 

  0x00007ffbbc678128: ;   {other}
  0x00007ffbbc678128: 0f1f 8400 | 9838 0075 | bef6 ffff | ff66 6690 

  0x00007ffbbc678138: ;   {runtime_call UncommonTrapBlob}
  0x00007ffbbc678138: c5f8 77e8 

  0x00007ffbbc67813c: ; ImmutableOopMap {}
                      ;*arraylength {reexecute=0 rethrow=0 return_oop=0}
                      ; - java.security.CodeSource::getCertificates@40 (line 211)
                      ; - java.lang.ClassLoader::postDefineClass@24 (line 937)
                      ; - java.lang.ClassLoader::defineClass@37 (line 1028)
                      ; - java.security.SecureClassLoader::defineClass@12 (line 150)
  0x00007ffbbc67813c: 4024 7aff 

  0x00007ffbbc678140: ;   {other}
  0x00007ffbbc678140: 0f1f 8400 | b038 0076 | bef4 ffff | ff4c 8b54 | 2410 4c89 | 5424 084c | 8b54 2440 | 4c89 5424 
  0x00007ffbbc678160: 3866 6690 

  0x00007ffbbc678164: ;   {runtime_call UncommonTrapBlob}
  0x00007ffbbc678164: c5f8 77e8 

  0x00007ffbbc678168: ; ImmutableOopMap {rbp=NarrowOop [8]=Oop [24]=Oop [32]=Oop [48]=Oop [56]=Oop [88]=Oop }
                      ;*checkcast {reexecute=0 rethrow=0 return_oop=0}
                      ; - java.security.CodeSource::getCertificates@76 (line 215)
                      ; - java.lang.ClassLoader::checkCerts@34 (line 1168)
                      ; - java.lang.ClassLoader::preDefineClass@113 (line 917)
                      ; - java.lang.ClassLoader::defineClass@4 (line 1025)
                      ; - java.security.SecureClassLoader::defineClass@12 (line 150)
  0x00007ffbbc678168: 1424 7aff 

  0x00007ffbbc67816c: ;   {other}
  0x00007ffbbc67816c: 0f1f 8400 | dc38 0077 | bef4 ffff | ff66 6690 

  0x00007ffbbc67817c: ;   {runtime_call UncommonTrapBlob}
  0x00007ffbbc67817c: c5f8 77e8 

  0x00007ffbbc678180: ; ImmutableOopMap {rbp=NarrowOop [16]=Oop [24]=Oop }
                      ;*checkcast {reexecute=0 rethrow=0 return_oop=0}
                      ; - java.security.CodeSource::getCertificates@76 (line 215)
                      ; - java.lang.ClassLoader::postDefineClass@24 (line 937)
                      ; - java.lang.ClassLoader::defineClass@37 (line 1028)
                      ; - java.security.SecureClassLoader::defineClass@12 (line 150)
  0x00007ffbbc678180: fc23 7aff 

  0x00007ffbbc678184: ;   {other}
  0x00007ffbbc678184: 0f1f 8400 | f438 0078 | be97 ffff | ff48 ff74 | 2410 488f | 4424 084c | 8b54 2450 | 4c89 5424 
  0x00007ffbbc6781a4: 404c 8b54 | 2458 4c89 | 5424 5090 

  0x00007ffbbc6781b0: ;   {runtime_call UncommonTrapBlob}
  0x00007ffbbc6781b0: c5f8 77e8 

  0x00007ffbbc6781b4: ; ImmutableOopMap {rbp=NarrowOop [8]=Oop [24]=Oop [32]=Oop [48]=Oop [56]=NarrowOop [64]=Oop [80]=Oop [88]=Oop }
                      ;*invokevirtual clone {reexecute=1 rethrow=0 return_oop=0}
                      ; - (reexecute) java.util.Arrays::copyOfRange@18 (line 3856)
                      ; - java.lang.StringLatin1::newString@16 (line 752)
                      ; - java.lang.String::substring@41 (line 2839)
                      ; - java.lang.ClassLoader::checkCerts@21 (line 1164)
                      ; - java.lang.ClassLoader::preDefineClass@113 (line 917)
                      ; - java.lang.ClassLoader::defineClass@4 (line 1025)
                      ; - java.security.SecureClassLoader::defineClass@12 (line 150)
  0x00007ffbbc6781b4: c823 7aff 

  0x00007ffbbc6781b8: ;   {other}
  0x00007ffbbc6781b8: 0f1f 8400 | 2839 0079 | be97 ffff | ff66 6690 

  0x00007ffbbc6781c8: ;   {runtime_call UncommonTrapBlob}
  0x00007ffbbc6781c8: c5f8 77e8 

  0x00007ffbbc6781cc: ; ImmutableOopMap {rbp=Oop [12]=NarrowOop [16]=Oop [24]=Oop [32]=Oop }
                      ;*invokevirtual clone {reexecute=1 rethrow=0 return_oop=0}
                      ; - (reexecute) java.util.Arrays::copyOfRange@18 (line 3856)
                      ; - java.lang.StringLatin1::newString@16 (line 752)
                      ; - java.lang.String::substring@41 (line 2839)
                      ; - java.lang.Class::getPackageName@62 (line 1169)
                      ; - java.lang.ClassLoader::postDefineClass@2 (line 934)
                      ; - java.lang.ClassLoader::defineClass@37 (line 1028)
                      ; - java.security.SecureClassLoader::defineClass@12 (line 150)
  0x00007ffbbc6781cc: b023 7aff 

  0x00007ffbbc6781d0: ;   {other}
  0x00007ffbbc6781d0: 0f1f 8400 | 4039 007a | be97 ffff | ff48 8b6c | 2408 4c8b | 5424 204c | 8954 2410 | 448b 5c24 
  0x00007ffbbc6781f0: 2844 895c | 2420 448b | 5424 2c44 | 8954 2424 | 4c8b 5424 | 304c 8954 | 2428 4c8b | 5424 404c 
  0x00007ffbbc678210: 8954 2430 

  0x00007ffbbc678214: ;   {runtime_call UncommonTrapBlob}
  0x00007ffbbc678214: c5f8 77e8 

  0x00007ffbbc678218: ; ImmutableOopMap {rbp=Oop [16]=Oop [24]=Oop [40]=Oop [48]=Oop [60]=NarrowOop [72]=Oop }
                      ;*invokevirtual clone {reexecute=1 rethrow=0 return_oop=0}
                      ; - (reexecute) java.security.CodeSource::getCertificates@11 (line 205)
                      ; - java.lang.ClassLoader::checkCerts@34 (line 1168)
                      ; - java.lang.ClassLoader::preDefineClass@113 (line 917)
                      ; - java.lang.ClassLoader::defineClass@4 (line 1025)
                      ; - java.security.SecureClassLoader::defineClass@12 (line 150)
  0x00007ffbbc678218: 6423 7aff 

  0x00007ffbbc67821c: ;   {other}
  0x00007ffbbc67821c: 0f1f 8400 | 8c39 007b | be97 ffff | ff48 ff74 | 2418 488f | 4424 1090 

  0x00007ffbbc678234: ;   {runtime_call UncommonTrapBlob}
  0x00007ffbbc678234: c5f8 77e8 

  0x00007ffbbc678238: ; ImmutableOopMap {[8]=Oop [16]=Oop [32]=NarrowOop }
                      ;*invokevirtual clone {reexecute=1 rethrow=0 return_oop=0}
                      ; - (reexecute) java.security.CodeSource::getCertificates@11 (line 205)
                      ; - java.lang.ClassLoader::postDefineClass@24 (line 937)
                      ; - java.lang.ClassLoader::defineClass@37 (line 1028)
                      ; - java.security.SecureClassLoader::defineClass@12 (line 150)
  0x00007ffbbc678238: 4423 7aff 

  0x00007ffbbc67823c: ;   {other}
  0x00007ffbbc67823c: 0f1f 8400 | ac39 007c | be97 ffff | ff4c 8b54 | 2410 4c89 | 5424 084c | 8b54 2440 | 4c89 5424 
  0x00007ffbbc67825c: 3866 6690 

  0x00007ffbbc678260: ;   {runtime_call UncommonTrapBlob}
  0x00007ffbbc678260: c5f8 77e8 

  0x00007ffbbc678264: ; ImmutableOopMap {rbp=Oop [8]=Oop [24]=Oop [32]=Oop [48]=Oop [56]=Oop [88]=Oop }
                      ;*invokevirtual clone {reexecute=1 rethrow=0 return_oop=0}
                      ; - (reexecute) java.security.CodeSource::getCertificates@86 (line 217)
                      ; - java.lang.ClassLoader::checkCerts@34 (line 1168)
                      ; - java.lang.ClassLoader::preDefineClass@113 (line 917)
                      ; - java.lang.ClassLoader::defineClass@4 (line 1025)
                      ; - java.security.SecureClassLoader::defineClass@12 (line 150)
  0x00007ffbbc678264: 1823 7aff 

  0x00007ffbbc678268: ;   {other}
  0x00007ffbbc678268: 0f1f 8400 | d839 007d | be97 ffff | ff48 8b6c | 2418 4c8b | 5424 104c | 8954 2408 

  0x00007ffbbc678284: ;   {runtime_call UncommonTrapBlob}
  0x00007ffbbc678284: c5f8 77e8 

  0x00007ffbbc678288: ; ImmutableOopMap {rbp=Oop [8]=Oop [40]=Oop }
                      ;*invokevirtual clone {reexecute=1 rethrow=0 return_oop=0}
                      ; - (reexecute) java.security.CodeSource::getCertificates@86 (line 217)
                      ; - java.lang.ClassLoader::postDefineClass@24 (line 937)
                      ; - java.lang.ClassLoader::defineClass@37 (line 1028)
                      ; - java.security.SecureClassLoader::defineClass@12 (line 150)
  0x00007ffbbc678288: f422 7aff 

  0x00007ffbbc67828c: ;   {other}
  0x00007ffbbc67828c: 0f1f 8400 | fc39 007e | e9a9 0000 | 00e9 a400 | 0000 6690 | e99d 0000 | 00e9 9800 | 0000 e993 
  0x00007ffbbc6782ac: 0000 00e9 | 8e00 0000 | e989 0000 | 00e9 8400 | 0000 6690 | e97d 0000 | 00e9 7800 | 0000 e973 
  0x00007ffbbc6782cc: 0000 00e9 | 6e00 0000 | e969 0000 | 00e9 6400 | 0000 6690 | e95d 0000 | 00e9 5800 | 0000 e953 
  0x00007ffbbc6782ec: 0000 00e9 | 4e00 0000 | e949 0000 | 00e9 4400 | 0000 6690 | e93d 0000 | 00e9 3800 | 0000 e933 
  0x00007ffbbc67830c: 0000 00e9 | 2e00 0000 | e929 0000 | 00e9 2400 | 0000 6690 | e91d 0000 | 00e9 1800 | 0000 e913 
  0x00007ffbbc67832c: 0000 00e9 | 0e00 0000 | eb0c eb0a | eb08 eb06 | eb04 6690 | eb00 488b | f0e9 afda 

  0x00007ffbbc678348: ;   {internal_word}
  0x00007ffbbc678348: ffff 49ba | 695a 67bc | fb7f 0000 | 4d89 9760 

  0x00007ffbbc678358: ;   {runtime_call SafepointBlob}
  0x00007ffbbc678358: 0400 00e9 | a010 7aff 

  0x00007ffbbc678360: ;   {runtime_call StubRoutines (final stubs)}
  0x00007ffbbc678360: e89b 0e78 | ffe9 74ca | ffff f4f4 | f4f4 f4f4 
[Stub Code]
  0x00007ffbbc678370: ;   {no_reloc}
  0x00007ffbbc678370: 48bb c064 | 0653 fb7f 

  0x00007ffbbc678378: ;   {runtime_call I2C/C2I adapters}
  0x00007ffbbc678378: 0000 e98c 

  0x00007ffbbc67837c: ;   {static_stub}
  0x00007ffbbc67837c: 5679 ff48 | bb00 0000 | 0000 0000 

  0x00007ffbbc678388: ;   {runtime_call nmethod}
  0x00007ffbbc678388: 00e9 fbff 

  0x00007ffbbc67838c: ;   {static_stub}
  0x00007ffbbc67838c: ffff 48bb | 0000 0000 | 0000 0000 

  0x00007ffbbc678398: ;   {runtime_call nmethod}
  0x00007ffbbc678398: e9fb ffff 

  0x00007ffbbc67839c: ;   {static_stub}
  0x00007ffbbc67839c: ff48 bb00 | 0000 0000 

  0x00007ffbbc6783a4: ;   {runtime_call nmethod}
  0x00007ffbbc6783a4: 0000 00e9 | fbff ffff 

  0x00007ffbbc6783ac: ;   {static_stub}
  0x00007ffbbc6783ac: 48bb 0000 | 0000 0000 

  0x00007ffbbc6783b4: ;   {runtime_call nmethod}
  0x00007ffbbc6783b4: 0000 e9fb 

  0x00007ffbbc6783b8: ;   {static_stub}
  0x00007ffbbc6783b8: ffff ff48 | bb00 0000 | 0000 0000 

  0x00007ffbbc6783c4: ;   {runtime_call nmethod}
  0x00007ffbbc6783c4: 00e9 fbff 

  0x00007ffbbc6783c8: ;   {static_stub}
  0x00007ffbbc6783c8: ffff 48bb | 0000 0000 | 0000 0000 

  0x00007ffbbc6783d4: ;   {runtime_call nmethod}
  0x00007ffbbc6783d4: e9fb ffff 

  0x00007ffbbc6783d8: ;   {static_stub}
  0x00007ffbbc6783d8: ff48 bb00 | 0000 0000 

  0x00007ffbbc6783e0: ;   {runtime_call nmethod}
  0x00007ffbbc6783e0: 0000 00e9 | fbff ffff 

  0x00007ffbbc6783e8: ;   {static_stub}
  0x00007ffbbc6783e8: 48bb 0000 | 0000 0000 

  0x00007ffbbc6783f0: ;   {runtime_call nmethod}
  0x00007ffbbc6783f0: 0000 e9fb 

  0x00007ffbbc6783f4: ;   {static_stub}
  0x00007ffbbc6783f4: ffff ff48 | bb80 2340 | 53fb 7f00 

  0x00007ffbbc678400: ;   {runtime_call I2C/C2I adapters}
  0x00007ffbbc678400: 00e9 8929 

  0x00007ffbbc678404: ;   {static_stub}
  0x00007ffbbc678404: 77ff 48bb | 0000 0000 | 0000 0000 

  0x00007ffbbc678410: ;   {runtime_call nmethod}
  0x00007ffbbc678410: e9fb ffff 

  0x00007ffbbc678414: ;   {static_stub}
  0x00007ffbbc678414: ff48 bb00 | 0000 0000 

  0x00007ffbbc67841c: ;   {runtime_call nmethod}
  0x00007ffbbc67841c: 0000 00e9 | fbff ffff 

  0x00007ffbbc678424: ;   {static_stub}
  0x00007ffbbc678424: 48bb 0000 | 0000 0000 

  0x00007ffbbc67842c: ;   {runtime_call nmethod}
  0x00007ffbbc67842c: 0000 e9fb 

  0x00007ffbbc678430: ;   {static_stub}
  0x00007ffbbc678430: ffff ff48 | bb00 0000 | 0000 0000 

  0x00007ffbbc67843c: ;   {runtime_call nmethod}
  0x00007ffbbc67843c: 00e9 fbff 

  0x00007ffbbc678440: ;   {static_stub}
  0x00007ffbbc678440: ffff 48bb | 0000 0000 | 0000 0000 

  0x00007ffbbc67844c: ;   {runtime_call nmethod}
  0x00007ffbbc67844c: e9fb ffff 

  0x00007ffbbc678450: ;   {static_stub}
  0x00007ffbbc678450: ff48 bb00 | 0000 0000 

  0x00007ffbbc678458: ;   {runtime_call nmethod}
  0x00007ffbbc678458: 0000 00e9 | fbff ffff 

  0x00007ffbbc678460: ;   {static_stub}
  0x00007ffbbc678460: 48bb 0000 | 0000 0000 

  0x00007ffbbc678468: ;   {runtime_call nmethod}
  0x00007ffbbc678468: 0000 e9fb 

  0x00007ffbbc67846c: ;   {static_stub}
  0x00007ffbbc67846c: ffff ff48 | bb00 0000 | 0000 0000 

  0x00007ffbbc678478: ;   {runtime_call nmethod}
  0x00007ffbbc678478: 00e9 fbff 

  0x00007ffbbc67847c: ;   {static_stub}
  0x00007ffbbc67847c: ffff 48bb | 0000 0000 | 0000 0000 

  0x00007ffbbc678488: ;   {runtime_call nmethod}
  0x00007ffbbc678488: e9fb ffff 

  0x00007ffbbc67848c: ;   {static_stub}
  0x00007ffbbc67848c: ff48 bb00 | 0000 0000 

  0x00007ffbbc678494: ;   {runtime_call nmethod}
  0x00007ffbbc678494: 0000 00e9 | fbff ffff 

  0x00007ffbbc67849c: ;   {static_stub}
  0x00007ffbbc67849c: 48bb 0000 | 0000 0000 

  0x00007ffbbc6784a4: ;   {runtime_call nmethod}
  0x00007ffbbc6784a4: 0000 e9fb 

  0x00007ffbbc6784a8: ;   {static_stub}
  0x00007ffbbc6784a8: ffff ff48 | bb00 0000 | 0000 0000 

  0x00007ffbbc6784b4: ;   {runtime_call nmethod}
  0x00007ffbbc6784b4: 00e9 fbff 

  0x00007ffbbc6784b8: ;   {runtime_call ExceptionBlob}
  0x00007ffbbc6784b8: ffff e9c1 | 777d ffe8 | 0000 0000 | 4883 2c24 

  0x00007ffbbc6784c8: ;   {runtime_call DeoptimizationBlob}
  0x00007ffbbc6784c8: 05e9 d223 | 7aff f4f4 
[/MachCode]


Compiled method (c2) 172116 9505   !   4       java.security.AccessController::doPrivileged (26 bytes)
 total in heap  [0x00007ffbbc6a6490,0x00007ffbbc6b21b8] = 48424
 relocation     [0x00007ffbbc6a65e8,0x00007ffbbc6a6c78] = 1680
 main code      [0x00007ffbbc6a6c80,0x00007ffbbc6ad988] = 27912
 stub code      [0x00007ffbbc6ad988,0x00007ffbbc6adbb0] = 552
 oops           [0x00007ffbbc6adbb0,0x00007ffbbc6adc10] = 96
 metadata       [0x00007ffbbc6adc10,0x00007ffbbc6ae080] = 1136
 scopes data    [0x00007ffbbc6ae080,0x00007ffbbc6b0bd8] = 11096
 scopes pcs     [0x00007ffbbc6b0bd8,0x00007ffbbc6b1958] = 3456
 dependencies   [0x00007ffbbc6b1958,0x00007ffbbc6b1a00] = 168
 handler table  [0x00007ffbbc6b1a00,0x00007ffbbc6b20a8] = 1704
 nul chk table  [0x00007ffbbc6b20a8,0x00007ffbbc6b21b8] = 272

[Constant Pool (empty)]

[MachCode]
[Verified Entry Point]
  # {method} {0x00007ffb5346c878} 'doPrivileged' '(Ljava/security/PrivilegedExceptionAction;Ljava/security/AccessControlContext;)Ljava/lang/Object;' in 'java/security/AccessController'
  # parm0:    rsi:rsi   = 'java/security/PrivilegedExceptionAction'
  # parm1:    rdx:rdx   = 'java/security/AccessControlContext'
  #           [sp+0x110]  (sp of caller)
  0x00007ffbbc6a6c80: 8984 2400 | c0fe ff55 | 4881 ec00 | 0100 0090 | 4181 7f20 | 1f00 0000 | 0f85 e06c | 0000 488b 
  0x00007ffbbc6a6ca0: ea48 8974 | 2418 6690 

  0x00007ffbbc6a6ca8: ;   {static_call}
  0x00007ffbbc6a6ca8: c5f8 77e8 

  0x00007ffbbc6a6cac: ; ImmutableOopMap {rbp=Oop [24]=Oop }
                      ;*invokestatic getCallerClass {reexecute=0 rethrow=0 return_oop=1}
                      ; - java.security.AccessController::doPrivileged@0 (line 711)
  0x00007ffbbc6a6cac: 3096 cdff 

  0x00007ffbbc6a6cb0: ;   {other}
  0x00007ffbbc6a6cb0: 0f1f 8400 | 2008 0000 | 4889 4424 | 3866 6690 | 4885 ed0f | 84ec 3300 | 0048 8bf5 

  0x00007ffbbc6a6ccc: ;   {static_call}
  0x00007ffbbc6a6ccc: c5f8 77e8 

  0x00007ffbbc6a6cd0: ; ImmutableOopMap {rbp=Oop [24]=Oop [56]=Oop }
                      ;*invokestatic ensureMaterializedForStackWalk {reexecute=0 rethrow=0 return_oop=0}
                      ; - java.security.AccessController::executePrivileged@5 (line 805)
                      ; - java.security.AccessController::doPrivileged@13 (line 714)
  0x00007ffbbc6a6cd0: ec9c cdff 

  0x00007ffbbc6a6cd4: ;   {other}
  0x00007ffbbc6a6cd4: 0f1f 8400 | 4408 0001 | 488b fd4c | 8b54 2418 

  0x00007ffbbc6a6ce4: ; implicit exception: dispatches to 0x00007ffbbc6ac764
  0x00007ffbbc6a6ce4: 458b 5a08 

  0x00007ffbbc6a6ce8: ;   {metadata('java/net/URLClassLoader$1')}
  0x00007ffbbc6a6ce8: 4181 fb88 | 8304 010f | 85f7 2e00 | 004d 8bf2 | 418b 4e0c | 0f1f 4000 

  0x00007ffbbc6a6d00: ; implicit exception: dispatches to 0x00007ffbbc6ac77c
  0x00007ffbbc6a6d00: 440f be59 | 1045 85db | 0f85 e93a | 0000 448b | 4114 418b | 500c 488b | f185 d20f | 1f44 0000 
  0x00007ffbbc6a6d20: 0f86 8527 | 0000 448d | 52ff 443b | d20f 8309 | 3800 0044 | 8d5a fd4d | 8be8 660f | 1f44 0000 
  0x00007ffbbc6a6d40: 4180 7810 | 2e75 0733 | ede9 8000 | 0000 4183 | fb01 0f8e | 2d27 0000 | 41b9 0100 | 0000 418b 
  0x00007ffbbc6a6d60: e9c4 e1f9 | 6ec6 c4c1 | 796e ca44 | 895c 2418 | 4863 dd45 | 0fbe 5c18 | 100f 1f80 | 0000 0000 
  0x00007ffbbc6a6d80: 4183 fb2e | 0f84 3500 | 0000 450f | be54 1811 | 4183 fa2e | 7427 450f | be5c 1812 | 0f1f 4000 
  0x00007ffbbc6a6da0: 4183 fb2e | 7505 83c5 | 02eb 1441 | 0fbe 7418 | 1383 fe2e | 0f85 f701 | 0000 83c5 | 02ff c5c4 
  0x00007ffbbc6a6dc0: e1f9 7ec6 | c4c1 797e | ca44 8b5c | 2418 3bea | 0f8d d526 | 0000 6666 | 0f1f 8400 | 0000 0000 
  0x00007ffbbc6a6de0: 81fa 0000 

  0x00007ffbbc6a6de4: ;   {no_reloc}
  0x00007ffbbc6a6de4: 1000 0f87 | 7931 0000 | 4c89 6c24 | 5044 895c | 2448 4489 | 5424 2448 | 8974 2440 | 4489 4424 
  0x00007ffbbc6a6e04: 3489 4c24 | 304c 8974 | 2428 4889 | 7c24 184d | 8b8f b801 | 0000 8954 | 2420 4c63 | d249 83c2 
  0x00007ffbbc6a6e24: 1749 83e2 | f84d 8bd9 | 4d03 da4d | 3b9f c801 | 0000 0f83 | 5431 0000 | 4d89 9fb8 | 0100 0041 
  0x00007ffbbc6a6e44: 0f0d 8b00 | 0100 0049 | c701 0100 | 0000 410f | 0d8b 4001 

  0x00007ffbbc6a6e58: ;   {metadata({type array byte})}
  0x00007ffbbc6a6e58: 0000 41c7 | 4108 6822 | 0000 448b | d241 8951 | 0c41 0f0d | 8b80 0100 | 0085 ed0f | 8ed2 0000 
  0x00007ffbbc6a6e78: 008d 4dff | 0f1f 4000 | 413b ca0f | 839b 3700 | 0045 85d2 | 0f86 9237 | 0000 498b | d141 8bfa 
  0x00007ffbbc6a6e98: 448b 5424 | 3445 0fbe | 5210 4588 | 5110 83f9 | 010f 8ea1 | 3700 0041 | b901 0000 | 0044 8bd5 
  0x00007ffbbc6a6eb8: 452b d141 | ffca 4533 | db41 3bc9 | 450f 4cd3 | 4181 fad0 | 0700 0041 | b8d0 0700 | 0045 0f47 
  0x00007ffbbc6a6ed8: d045 03d1 | 0f1f 4000 | 4963 d944 | 8b5c 2434 | 450f be44 | 1b10 4488 | 441a 1044 | 8b44 2434 
  0x00007ffbbc6a6ef8: 450f be5c | 1811 4488 | 5c1a 1141 | 83c1 0245 | 3bca 7cd4 | 4d8b 9750 

  0x00007ffbbc6a6f10: ; ImmutableOopMap {rdx=Oop [24]=Oop [40]=Oop [48]=NarrowOop [52]=NarrowOop [56]=Oop [64]=Oop [80]=Oop }
                      ;*goto {reexecute=1 rethrow=0 return_oop=0}
                      ; - (reexecute) java.lang.StringLatin1::replace@76 (line 305)
                      ; - java.lang.String::replace@18 (line 2933)
                      ; - java.net.URLClassLoader$1::run@8 (line 423)
                      ; - java.net.URLClassLoader$1::run@1 (line 421)
                      ; - java.security.AccessController::executePrivileged@29 (line 809)
                      ; - java.security.AccessController::doPrivileged@13 (line 714)
                      ;   {poll}
  0x00007ffbbc6a6f10: 0400 0041 | 8502 443b | c97c 9a0f | 1f44 0000 | 443b cd7d | 2066 6690 | 4d63 d144 | 8b5c 2434 
  0x00007ffbbc6a6f30: 470f be5c | 1310 4688 | 5c12 1041 | ffc1 6690 | 443b cd7c | e344 8bd7 | 4c8b ca41 | 3bea 0f8d 
  0x00007ffbbc6a6f50: 8601 0000 | 413b ea0f | 839b 3600 | 0044 8b5c | 2424 453b | da0f 838d | 3600 0044 | 8d45 0148 
  0x00007ffbbc6a6f70: 63cd 448b | 5c24 3441 | 0fbe 5c0b | 1066 6690 | 83fb 2e0f | 846b 2000 | 0041 885c | 0910 8d4d 
  0x00007ffbbc6a6f90: 0141 3bc8 | 7d04 8be9 | ebd5 660f | 1f44 0000 | 3b4c 2448 | 0f8d 0801 | 0000 ffc5 | e9d5 0000 
  0x00007ffbbc6a6fb0: 0044 8bd2 | 452b d141 | 83c2 fd44 | 8b5c 2418 | 33c0 453b | d944 0f4c | d041 81fa | a00f 0000 
  0x00007ffbbc6a6fd0: 41bb a00f | 0000 450f | 47d3 4503 | d18d 5d04 | 413b da0f | 8dac 2c00 | 008b ebe9 | 80fd ffff 
  0x00007ffbbc6a6ff0: b92f 0000 | 0066 6666 | 0f1f 8400 | 0000 0000 | 4388 4c01 | 1383 c504 | 3bef 0f8d | 6100 0000 
  0x00007ffbbc6a7010: ;   {no_reloc}
  0x00007ffbbc6a7010: 4c63 c543 | 0fbe 5c03 | 1083 fb2e | 0f1f 4000 | 0f84 3600 | 0000 4388 | 5c01 1043 | 0fbe 5c03 
  0x00007ffbbc6a7030: 1183 fb2e | 0f84 2900 | 0000 4388 | 5c01 1143 | 0fbe 5c03 | 1283 fb2e | 7420 4388 | 5c01 1243 
  0x00007ffbbc6a7050: 0fbe 4c03 | 1383 f92e | 75a6 eb94 | bb2f 0000 | 00eb c3bb | 2f00 0000 | ebd0 bb2f | 0000 00eb 
  0x00007ffbbc6a7070: d94d 8b87 

  0x00007ffbbc6a7074: ; ImmutableOopMap {r11=NarrowOop r9=Oop [24]=Oop [40]=Oop [56]=Oop [64]=Oop [80]=Oop }
                      ;*goto {reexecute=1 rethrow=0 return_oop=0}
                      ; - (reexecute) java.lang.StringLatin1::replace@113 (line 312)
                      ; - java.lang.String::replace@18 (line 2933)
                      ; - java.net.URLClassLoader$1::run@8 (line 423)
                      ; - java.net.URLClassLoader$1::run@1 (line 421)
                      ; - java.security.AccessController::executePrivileged@29 (line 809)
                      ; - java.security.AccessController::doPrivileged@13 (line 714)
  0x00007ffbbc6a7074: 5004 0000 

  0x00007ffbbc6a7078: ;   {poll}
  0x00007ffbbc6a7078: 4185 000f | 1f44 0000 | 3b6c 2448 | 7d2e 418b | fa2b fd83 | c7fd 8b4c | 2448 4533 | c03b cd41 
  0x00007ffbbc6a7098: 0f4c f881 | ffa0 0f00 | 0041 b8a0 | 0f00 0041 | 0f47 f803 | fde9 5eff | ffff 8be9 | 413b ea7d 
  0x00007ffbbc6a70b8: 2166 6690 | 4c63 c543 | 0fbe 5c03 | 1083 fb2e | 0f84 301f | 0000 4388 | 5c01 10ff | c541 3bea 
  0x00007ffbbc6a70d8: 7ce2 498b | 9fb8 0100 | 004c 8bd3 | 4983 c218 | 4d3b 97c8 | 0100 000f | 83c8 2e00 | 004d 8997 
  0x00007ffbbc6a70f8: b801 0000 | 410f 0d8a | 0001 0000 | 48c7 0301 | 0000 004c | 8bd3 4983 

  0x00007ffbbc6a7110: ;   {metadata('java/lang/String')}
  0x00007ffbbc6a7110: c210 c743 | 0840 e700 | 0044 8963 | 0cc5 fdef | c0c4 c179 | d602 4d8b | d144 8953 | 1448 8b7c 
  0x00007ffbbc6a7130: 2418 4c8b | 7424 2845 | 8b59 0c0f | 1f44 0000 | 4585 db0f | 861f 3400 | 000f be53 | 10c4 c26a 
  0x00007ffbbc6a7150: f7eb 4863 | c583 fa01 | 0f84 4a37 | 0000 6690 | 85ed 0f8c | bc36 0000 | 4c8d 4006 | 458b d045 
  0x00007ffbbc6a7170: 85d2 0f8c | d036 0000 | 498b c848 | c1f9 208b | c9c4 4271 | f7d2 4585 | d20f 8c51 | 3700 0041 
  0x00007ffbbc6a7190: 81fa 0000 | 1000 0f87 | 7433 0000 | 4963 ca90 | 4181 fa00 | 0010 000f | 87fc 2c00 | 004d 8baf 
  0x00007ffbbc6a71b0: b801 0000 | 4883 c117 | 4883 e1f8 | 498b f548 | 03f1 493b | b7c8 0100 | 000f 83da | 2c00 0049 
  0x00007ffbbc6a71d0: 89b7 b801 | 0000 0f0d | 8e00 0100 | 0049 c745 | 0001 0000 | 000f 0d8e | 4001 0000 

  0x00007ffbbc6a71ec: ;   {metadata({type array byte})}
  0x00007ffbbc6a71ec: 41c7 4508 | 6822 0000 | 4589 550c | 0f0d 8e80 | 0100 008d | 7506 443b | d60f 827d | 3300 004c 
  0x00007ffbbc6a720c: 63c5 85ed | 0f8f ff17 | 0000 43c6 | 4405 102e | 43c6 4405 | 1163 43c6 | 4405 126c | 43c6 4405 
  0x00007ffbbc6a722c: 1361 43c6 | 4405 1473 | 43c6 4405 | 1573 85d2 | 0f1f 4000 | 0f85 2a36 | 0000 453b | d30f 8271 
  0x00007ffbbc6a724c: 3300 0045 | 85db 7638 | 498b f548 | 83c6 1049 | 83c1 1049 | 63d3 4883 | fa20 0f87 | 8317 0000 
  0x00007ffbbc6a726c: 49ba ffff | ffff ffff | ffff c442 | e8f5 d2c4 | c1fb 92fa | 62d1 7faf | 6f01 62f1 | 7f2f 7f06 
  0x00007ffbbc6a728c: 498b 97b8 | 0100 004c | 8bd2 4983 | c218 660f | 1f44 0000 | 4d3b 97c8 | 0100 000f | 8378 2c00 
  0x00007ffbbc6a72ac: 004d 8997 | b801 0000 | 410f 0d8a | 0001 0000 | 48c7 0201 

  0x00007ffbbc6a72c0: ;   {metadata('java/lang/String')}
  0x00007ffbbc6a72c0: 0000 00c7 | 4208 40e7 | 0000 4489 | 620c 4489 | 6210 4d8b | d544 8952 | 1445 8b56 | 1066 6690 
  0x00007ffbbc6a72e0: ; implicit exception: dispatches to 0x00007ffbbc6ac7bc
  0x00007ffbbc6a72e0: 458b 5a54 | 4585 db0f | 842b 3200 | 0049 8bee | 4889 7c24 | 4049 8bf3 | 33c9 6690 

  0x00007ffbbc6a72fc: ;   {optimized virtual_call}
  0x00007ffbbc6a72fc: c5f8 77e8 

  0x00007ffbbc6a7300: ; ImmutableOopMap {rbp=Oop [56]=Oop [64]=Oop }
                      ;*invokevirtual getResource {reexecute=0 rethrow=0 return_oop=1}
                      ; - java.net.URLClassLoader$1::run@26 (line 424)
                      ; - java.net.URLClassLoader$1::run@1 (line 421)
                      ; - java.security.AccessController::executePrivileged@29 (line 809)
                      ; - java.security.AccessController::doPrivileged@13 (line 714)
  0x00007ffbbc6a7300: 3c24 e5ff 

  0x00007ffbbc6a7304: ;   {other}
  0x00007ffbbc6a7304: 0f1f 8400 | 740e 0004 | 4885 c00f | 8448 0e00 | 004c 8bd5 | 458b 4210 | 418b 5a0c | 4585 c00f 
  0x00007ffbbc6a7324: 84ef 3500 | 0044 8bf3 | 418b d84c | 8be8 4c89 | 5424 48c5 | f877 49ba | 30eb 04d1 | fb7f 0000 
  0x00007ffbbc6a7344: ;   {other}
  0x00007ffbbc6a7344: 41ff d20f | 1f84 0000 | 0000 0048 | 8944 2450 

  0x00007ffbbc6a7354: ; implicit exception: dispatches to 0x00007ffbbc6ac7e0
  0x00007ffbbc6a7354: 418b 4e14 

  0x00007ffbbc6a7358: ; implicit exception: dispatches to 0x00007ffbbc6ac810
  0x00007ffbbc6a7358: 8b71 0c45 | 0fbe 4610 | c4e2 3af7 | c644 8d50 | ff45 85c0 | 0f85 fa3d | 0000 448d | 4eff 453b 
  0x00007ffbbc6a7378: ca45 0f4f | ca4d 8bde | 4c8b c148 | 8bfb 4585 | c97c 2f0f | 1f44 0000 | 443b ce0f | 83fa 3000 
  0x00007ffbbc6a7398: 000f 1f80 | 0000 0000 | 4280 7c09 | 102e 7418 | 4d8b 9750 | 0400 0041 

  0x00007ffbbc6a73b0: ; ImmutableOopMap {r11=Oop r8=Oop rcx=NarrowOop rbx=NarrowOop rdi=Oop r13=Oop r14=NarrowOop [56]=Oop [64]=Oop [72]=Oop }
                      ;*goto {reexecute=1 rethrow=0 return_oop=0}
                      ; - (reexecute) java.lang.StringLatin1::lastIndexOf@35 (line 285)
                      ; - java.lang.String::lastIndexOf@13 (line 2573)
                      ; - java.lang.String::lastIndexOf@8 (line 2535)
                      ; - java.net.URLClassLoader::defineClass@7 (line 486)
                      ; - java.net.URLClassLoader$1::run@43 (line 427)
                      ; - java.net.URLClassLoader$1::run@1 (line 421)
                      ; - java.security.AccessController::executePrivileged@29 (line 809)
                      ; - java.security.AccessController::doPrivileged@13 (line 714)
                      ;   {poll}
  0x00007ffbbc6a73b0: ffc9 4185 | 0245 85c9 | 7dd6 41b9 | ffff ffff | 458b 5508 

  0x00007ffbbc6a73c4: ;   {metadata('jdk/internal/loader/URLClassPath$JarLoader$2')}
  0x00007ffbbc6a73c4: 4181 fa40 | ea20 000f | 85e8 2000 | 0049 8bd5 | 448b 5220 | 0f1f 8400 | 0000 0000 

  0x00007ffbbc6a73e0: ; implicit exception: dispatches to 0x00007ffbbc6ac844
  0x00007ffbbc6a73e0: 458b 521c | 4489 9424 | 9800 0000 | 4889 7c24 | 204c 8944 | 2458 4c89 | 5c24 2889 | 7424 188b 
  0x00007ffbbc6a7400: e944 89b4 | 24a0 0000 | 0089 9c24 | 9c00 0000 | 4c89 6c24 | 3041 83f9 | ff0f 8436 | 2200 0090 
  0x00007ffbbc6a7420: 4585 c90f | 8c9f 3d00 | 0044 3bc8 | 0f8f 463e | 0000 443b | c80f 844a | 1c00 000f | 1f44 0000 
  0x00007ffbbc6a7440: 4585 c90f | 8405 2700 | 0044 894c | 241c 4d8b | 9fb8 0100 | 004d 8bd3 | 4983 c218 | 0f1f 4000 
  0x00007ffbbc6a7460: 4d3b 97c8 | 0100 000f | 83a7 2e00 | 004d 8997 | b801 0000 | 410f 0d8a | 0001 0000 | 49c7 0301 
  0x00007ffbbc6a7480: 0000 004d | 8bc3 4983 

  0x00007ffbbc6a7488: ;   {metadata('java/lang/String')}
  0x00007ffbbc6a7488: c010 41c7 | 4308 40e7 | 0000 4589 | 630c c5fd | efc0 c4c1 | 79d6 0044 | 8bd5 4d8d | 4210 8b6c 
  0x00007ffbbc6a74a8: 241c 3b6c | 2418 0f84 | de1b 0000 | 0f1f 8400 | 0000 0000 | 6666 6690 | 81fd 0000 | 1000 0f87 
  0x00007ffbbc6a74c8: a835 0000 | 4c89 4424 | 704c 895c | 2468 896c | 2460 458b | ca4c 63c5 | 8b6c 2418 | 3b6c 2460 
  0x00007ffbbc6a74e8: 448b 5424 | 6041 0f4f | ea44 8b5c | 2418 443b | dd0f 8281 | 3600 0090 | 443b d50f | 8277 3600 
  0x00007ffbbc6a7508: 0049 83c0 | 174c 8944 | 2478 4d8b | d049 83e2 | f84c 8994 | 2480 0000 | 0044 8b5c | 2460 4181 
  0x00007ffbbc6a7528: fb00 0010 | 000f 8705 | 2e00 0049 | 8b9f b801 | 0000 4c8b | db4d 03da | 4d3b 9fc8 | 0100 000f 
  0x00007ffbbc6a7548: 83eb 2d00 | 004d 899f | b801 0000 | 410f 0d8b | 0001 0000 | 48c7 0301 | 0000 0041 | 0f0d 8b40 
  0x00007ffbbc6a7568: ;   {metadata({type array byte})}
  0x00007ffbbc6a7568: 0100 00c7 | 4308 6822 | 0000 448b | 5424 6044 | 8953 0c41 | 0f0d 8b80 | 0100 004c | 8bd3 4983 
  0x00007ffbbc6a7588: c210 4d8b | ca4c 8b44 | 2478 49c1 | e803 85ed | 0f84 f234 | 0000 6690 | 3b6c 2460 | 0f8c c424 
  0x00007ffbbc6a75a8: 0000 488b | 9424 8000 | 0000 4883 | c2f0 48c1 | ea03 488b | 7c24 7049 | 8bf2 c5f8 | 7749 ba80 
  0x00007ffbbc6a75c8: 5adf bbfb | 7f00 0041 

  0x00007ffbbc6a75d0: ;   {other}
  0x00007ffbbc6a75d0: ffd2 0f1f | 8400 0000 | 0000 660f | 1f44 0000 | 4180 7f40 | 000f 85eb | 2300 004c | 8b44 2468 
  0x00007ffbbc6a75f0: 4d8b d84c | 8bd3 4589 | 5014 4c8b | d34d 33d3 | 49c1 ea14 | 4d85 d274 | 2049 c1eb | 0948 bf00 
  0x00007ffbbc6a7610: e099 b3fb | 7f00 0049 | 03fb 660f | 1f44 0000 | 803f 020f | 85ee 2300 | 0045 8860 | 104c 8984 
  0x00007ffbbc6a7630: 24a8 0000 | 004c 8b5c | 2430 458b | 4308 6690 

  0x00007ffbbc6a7640: ;   {metadata('jdk/internal/loader/URLClassPath$JarLoader$2')}
  0x00007ffbbc6a7640: 4181 f840 | ea20 000f | 8578 1f00 | 004c 895c | 2458 4c89 

  0x00007ffbbc6a7654: ;   {oop(a 'java/lang/Class'{0x00000000ffe8c958} = 'jdk/internal/access/SharedSecrets')}
  0x00007ffbbc6a7654: 5c24 6049 | ba58 c9e8 | ff00 0000 | 0045 8b82 | d400 0000 

  0x00007ffbbc6a7668: ; implicit exception: dispatches to 0x00007ffbbc6acc54
  0x00007ffbbc6a7668: 458b 5008 | 458b 5b20 

  0x00007ffbbc6a7670: ; implicit exception: dispatches to 0x00007ffbbc6ac88c
  0x00007ffbbc6a7670: 418b 6b18 | 0f1f 8400 | 0000 0000 | 6666 6690 

  0x00007ffbbc6a7680: ;   {metadata('java/util/jar/JavaUtilJarAccessImpl')}
  0x00007ffbbc6a7680: 4181 fab0 | 0d31 000f | 8503 3300 | 0044 8b45 | 084c 8bd5 | 4c89 5424 | 684c 8b5c | 2468 488d 
  0x00007ffbbc6a76a0: 9c24 e000 | 0000 498b | 03a8 020f | 8523 0000 | 0048 83c8 | 0148 8903 | f049 0fb1 | 1b0f 8437 
  0x00007ffbbc6a76c0: 0000 0048 | 2bc4 4825 | 07f0 ffff | 4889 03e9 | 2400 0000 | 4c8b d048 | 33c0 f04d | 0fb1 7a3e 
  0x00007ffbbc6a76e0: 48c7 0303 | 0000 0074 | 114c 3bf8 | 7515 49ff | 8286 0000 | 0048 33c0 | 7509 49ff | 8748 0500 
  0x00007ffbbc6a7700: 0033 c00f | 85cb 3200 | 0044 3b65 | 3075 0e44 | 0fb6 5d12 | 4585 db0f | 8575 1c00 | 0066 6690 
  0x00007ffbbc6a7720: 443b 6530 | 0f85 e724 | 0000 4c8b | 5c24 6848 | 8d84 24e0 | 0000 0048 | 8338 000f | 8479 0000 
  0x00007ffbbc6a7740: 004d 8b13 | 41f6 c202 | 0f84 6200 | 0000 4983 | ba86 0000 | 0000 7409 | 49ff 8a86 | 0000 00eb 
  0x00007ffbbc6a7760: 4b49 8b82 | 9600 0000 | 490b 828e | 0000 0075 | 0a49 c742 | 3e00 0000 | 00eb 3d49 

  0x00007ffbbc6a777c: ;   {no_reloc}
  0x00007ffbbc6a777c: 83ba 9e00 | 0000 0074 | 2248 33c0 | 49c7 423e | 0000 0000 | f083 0424 | 0049 83ba | 9e00 0000 
  0x00007ffbbc6a779c: 0075 0df0 | 4d0f b17a | 3e75 0583 | c801 eb0c | a800 eb08 | 4c8b 10f0 | 4d0f b113 | 750a 49ff 
  0x00007ffbbc6a77bc: 8f48 0500 | 0045 33d2 | 0f85 3432 | 0000 4c8b | 4424 6045 | 8b50 2041 | 8b6a 1844 | 8b55 080f 
  0x00007ffbbc6a77dc: 1f44 0000 

  0x00007ffbbc6a77e0: ;   {metadata('java/util/jar/JarFile')}
  0x00007ffbbc6a77e0: 4181 fa60 | dd16 000f | 853f 3200 | 0048 8bf5 | 498b e890 

  0x00007ffbbc6a77f4: ;   {optimized virtual_call}
  0x00007ffbbc6a77f4: c5f8 77e8 

  0x00007ffbbc6a77f8: ; ImmutableOopMap {rbp=Oop [32]=Oop [40]=Oop [56]=Oop [64]=Oop [72]=Oop [88]=Oop [152]=NarrowOop [156]=NarrowOop [160]=NarrowOop [168]=Oop }
                      ;*invokevirtual getManifestFromReference {reexecute=0 rethrow=0 return_oop=1}
                      ; - java.util.jar.JarFile::getManifest@1 (line 405)
                      ; - jdk.internal.loader.URLClassPath$JarLoader$2::getManifest@22 (line 853)
                      ; - java.net.URLClassLoader::defineClass@34 (line 491)
                      ; - java.net.URLClassLoader$1::run@43 (line 427)
                      ; - java.net.URLClassLoader$1::run@1 (line 421)
                      ; - java.security.AccessController::executePrivileged@29 (line 809)
                      ; - java.security.AccessController::doPrivileged@13 (line 714)
  0x00007ffbbc6a77f8: 8405 e2ff 

  0x00007ffbbc6a77fc: ;   {other}
  0x00007ffbbc6a77fc: 0f1f 8400 | 6c13 0006 | 4c8b 5c24 | 5848 8bc8 | 448b 8424 | 9c00 0000 | 458b 4838 | 4585 c90f 
  0x00007ffbbc6a781c: 1f44 0000 | 0f84 2631 | 0000 488b | 9c24 a800 | 0000 8b43 | 0c85 c00f | 84cf 1700 | 0045 8b51 
  0x00007ffbbc6a783c: 2866 6690 | 4585 d20f | 8491 1a00 | 0048 894c | 2468 4889 | 9c24 8000 | 0000 4489 | 8424 9c00 
  0x00007ffbbc6a785c: 0000 4c89 | 5c24 3045 | 8b5a 0c45 | 85db 0f86 | a439 0000 | 448b c041 | c1e8 1044 | 33c0 41ff 
  0x00007ffbbc6a787c: cb41 81e0 | ffff ff7f | 4489 8424 | 8800 0000 | 4523 d84d | 63db 478b | 5c9a 1044 | 899c 248c 
  0x00007ffbbc6a789c: 0000 0090 | 4585 db0f | 84bc 0800 | 0045 8b5b | 0c44 8b84 | 248c 0000 | 004d 8bd0 | 4c89 9424 
  0x00007ffbbc6a78bc: 9000 0000 | 443b 9c24 | 8800 0000 | 0f84 4101 | 0000 4585 | db0f 8c4e | 2900 0049 | b900 e099 
  0x00007ffbbc6a78dc: b3fb 7f00 | 004c 8b94 | 2490 0000 | 0045 8b5a | 1845 85db | 751f 4c8b | 5c24 3044 

  0x00007ffbbc6a78f8: ;   {no_reloc}
  0x00007ffbbc6a78f8: 8b84 249c | 0000 0048 | 8b9c 2480 | 0000 0048 | 8b4c 2468 | e96b 0800 | 004d 8bd3 | 4c89 8c24 
  0x00007ffbbc6a7918: d800 0000 | 4c89 9424 | 9000 0000 | 458b 520c | 4d8b 9f50 

  0x00007ffbbc6a792c: ; ImmutableOopMap {[32]=Oop [40]=Oop [48]=Oop [56]=Oop [64]=Oop [72]=Oop [104]=Oop [128]=Oop [144]=Oop [152]=NarrowOop [156]=NarrowOop [160]=NarrowOop }
                      ;*if_icmpne {reexecute=1 rethrow=0 return_oop=0}
                      ; - (reexecute) java.util.concurrent.ConcurrentHashMap::get@127 (line 946)
                      ; - java.lang.ClassLoader::getDefinedPackage@13 (line 2263)
                      ; - java.net.URLClassLoader::getAndVerifyPackage@2 (line 457)
                      ; - java.net.URLClassLoader::defineClass@46 (line 492)
                      ; - java.net.URLClassLoader$1::run@43 (line 427)
                      ; - java.net.URLClassLoader$1::run@1 (line 421)
                      ; - java.security.AccessController::executePrivileged@29 (line 809)
                      ; - java.security.AccessController::doPrivileged@13 (line 714)
                      ;   {poll}
  0x00007ffbbc6a792c: 0400 0041 | 8503 6666 | 0f1f 8400 | 0000 0000 | 6666 6690 | 443b 9424 | 8800 0000 | 743d 4c8b 
  0x00007ffbbc6a794c: 9424 9000 | 0000 458b | 5218 4585 | d275 2a4c | 8b5c 2430 | 448b 8424 | 9c00 0000 | 4c8b 8c24 
  0x00007ffbbc6a796c: d800 0000 | 488b 9c24 | 8000 0000 | 488b 4c24 | 6866 6690 | e9f7 0700 | 00eb 954c | 8b94 2490 
  0x00007ffbbc6a798c: 0000 0041 | 8b6a 104c | 8bd5 4c8b | 9c24 8000 | 0000 6690 | 4d3b d374 | 4085 ed0f | 844b 4700 
  0x00007ffbbc6a79ac: 0048 8bd5 | 498b f348 | 8b6c 2440 

  0x00007ffbbc6a79b8: ;   {optimized virtual_call}
  0x00007ffbbc6a79b8: c5f8 77e8 

  0x00007ffbbc6a79bc: ; ImmutableOopMap {rbp=Oop [32]=Oop [40]=Oop [48]=Oop [56]=Oop [64]=Oop [72]=Oop [104]=Oop [128]=Oop [144]=Oop [152]=NarrowOop [156]=NarrowOop [160]=NarrowOop }
                      ;*invokevirtual equals {reexecute=0 rethrow=0 return_oop=0}
                      ; - java.util.concurrent.ConcurrentHashMap::get@149 (line 947)
                      ; - java.lang.ClassLoader::getDefinedPackage@13 (line 2263)
                      ; - java.net.URLClassLoader::getAndVerifyPackage@2 (line 457)
                      ; - java.net.URLClassLoader::defineClass@46 (line 492)
                      ; - java.net.URLClassLoader$1::run@43 (line 427)
                      ; - java.net.URLClassLoader$1::run@1 (line 421)
                      ; - java.security.AccessController::executePrivileged@29 (line 809)
                      ; - java.security.AccessController::doPrivileged@13 (line 714)
  0x00007ffbbc6a79bc: 609e 2100 

  0x00007ffbbc6a79c0: ;   {other}
  0x00007ffbbc6a79c0: 0f1f 8400 | 3015 0008 | 4d8b 9750 

  0x00007ffbbc6a79cc: ; ImmutableOopMap {rbp=Oop [32]=Oop [40]=Oop [48]=Oop [56]=Oop [64]=Oop [72]=Oop [104]=Oop [128]=Oop [144]=Oop [152]=NarrowOop [156]=NarrowOop [160]=NarrowOop }
                      ;*ifeq {reexecute=1 rethrow=0 return_oop=0}
                      ; - (reexecute) java.util.concurrent.ConcurrentHashMap::get@152 (line 947)
                      ; - java.lang.ClassLoader::getDefinedPackage@13 (line 2263)
                      ; - java.net.URLClassLoader::getAndVerifyPackage@2 (line 457)
                      ; - java.net.URLClassLoader::defineClass@46 (line 492)
                      ; - java.net.URLClassLoader$1::run@43 (line 427)
                      ; - java.net.URLClassLoader$1::run@1 (line 421)
                      ; - java.security.AccessController::executePrivileged@29 (line 809)
                      ; - java.security.AccessController::doPrivileged@13 (line 714)
                      ;   {poll}
  0x00007ffbbc6a79cc: 0400 0041 | 8502 85c0 | 750f 4c8b | 8c24 d800 | 0000 6690 | e9fc feff | ff4c 8b94 | 2490 0000 
  0x00007ffbbc6a79ec: 0041 8b6a | 1485 ed0f | 8495 2600 | 004c 8b94 | 2480 0000 | 0045 0fb6 | 4a11 418b | 420c e9dc 
  0x00007ffbbc6a7a0c: 0000 0041 | 8b68 104c | 8bd5 4c3b | d30f 8495 | 0000 0090 | 85ed 0f84 | 6742 0000 | 488b d548 
  0x00007ffbbc6a7a2c: 8bf3 488b | 6c24 4090 

  0x00007ffbbc6a7a34: ;   {optimized virtual_call}
  0x00007ffbbc6a7a34: c5f8 77e8 

  0x00007ffbbc6a7a38: ; ImmutableOopMap {rbp=Oop [32]=Oop [40]=Oop [48]=Oop [56]=Oop [64]=Oop [72]=Oop [104]=Oop [128]=Oop [140]=NarrowOop [144]=Oop [152]=NarrowOop [156]=NarrowOop [160]=NarrowOop }
                      ;*invokevirtual equals {reexecute=0 rethrow=0 return_oop=0}
                      ; - java.util.concurrent.ConcurrentHashMap::get@73 (line 940)
                      ; - java.lang.ClassLoader::getDefinedPackage@13 (line 2263)
                      ; - java.net.URLClassLoader::getAndVerifyPackage@2 (line 457)
                      ; - java.net.URLClassLoader::defineClass@46 (line 492)
                      ; - java.net.URLClassLoader$1::run@43 (line 427)
                      ; - java.net.URLClassLoader$1::run@1 (line 421)
                      ; - java.security.AccessController::executePrivileged@29 (line 809)
                      ; - java.security.AccessController::doPrivileged@13 (line 714)
  0x00007ffbbc6a7a38: e49d 2100 

  0x00007ffbbc6a7a3c: ;   {other}
  0x00007ffbbc6a7a3c: 0f1f 8400 | ac15 000a | 85c0 756c | be45 ffff | ff4c 8b54 | 2438 4c89 | 5424 184c | 8b54 2448 
  0x00007ffbbc6a7a5c: 4c89 5424 | 204c 8b54 | 2450 4c89 | 5424 384c | 8b94 2480 | 0000 004c | 8954 2448 | 4c8b 5424 
  0x00007ffbbc6a7a7c: 684c 8954 | 2450 448b | 9c24 9c00 | 0000 4489 | 9c24 8000 | 0000 4489 | 9c24 8400 | 0000 8984 
  0x00007ffbbc6a7a9c: 2490 0000 | 0066 6690 

  0x00007ffbbc6a7aa4: ;   {runtime_call UncommonTrapBlob}
  0x00007ffbbc6a7aa4: c5f8 77e8 

  0x00007ffbbc6a7aa8: ; ImmutableOopMap {rbp=Oop [24]=Oop [32]=Oop [48]=Oop [72]=Oop [80]=Oop [128]=NarrowOop [132]=NarrowOop [140]=NarrowOop [152]=NarrowOop [160]=NarrowOop }
                      ;*ifeq {reexecute=1 rethrow=0 return_oop=0}
                      ; - (reexecute) java.util.concurrent.ConcurrentHashMap::get@76 (line 940)
                      ; - java.lang.ClassLoader::getDefinedPackage@13 (line 2263)
                      ; - java.net.URLClassLoader::getAndVerifyPackage@2 (line 457)
                      ; - java.net.URLClassLoader::defineClass@46 (line 492)
                      ; - java.net.URLClassLoader$1::run@43 (line 427)
                      ; - java.net.URLClassLoader$1::run@1 (line 421)
                      ; - java.security.AccessController::executePrivileged@29 (line 809)
                      ; - java.security.AccessController::doPrivileged@13 (line 714)
  0x00007ffbbc6a7aa8: d42a 77ff 

  0x00007ffbbc6a7aac: ;   {other}
  0x00007ffbbc6a7aac: 0f1f 8400 | 1c16 000b | 448b 9c24 | 8c00 0000 | 418b 6b14 | 85ed 0f84 | fd21 0000 | 4c8b 9424 
  0x00007ffbbc6a7acc: 8000 0000 | 418b 420c | 450f b64a | 1149 ba00 | e099 b3fb | 7f00 004c | 8994 24d8 | 0000 0044 
  0x00007ffbbc6a7aec: ;   {metadata('java/lang/Package')}
  0x00007ffbbc6a7aec: 8b5d 0841 | 81fb 30ba | 0100 0f85 | f44a 0000 | 4c8b 9424 | 8000 0000 | 458b 5a14 

  0x00007ffbbc6a7b08: ; implicit exception: dispatches to 0x00007ffbbc6acb34
  0x00007ffbbc6a7b08: 458b 430c | 4c8b d541 | 8b4a 1089 | 8c24 8800 | 0000 660f | 1f44 0000 | 4585 c00f | 862f 3300 
  0x00007ffbbc6a7b28: 0044 8b84 | 249c 0000 | 0045 8b50 | 3844 8994 | 248c 0000 | 0066 6690 | 4585 d20f | 844b 3200 
  0x00007ffbbc6a7b48: 0085 c00f | 8418 1600 | 0044 8b9c | 248c 0000 | 0045 8b5b | 2866 6690 

  0x00007ffbbc6a7b60: ; implicit exception: dispatches to 0x00007ffbbc6aa2b0
  0x00007ffbbc6a7b60: 458b 530c | 4585 d20f | 86ef 3900 | 0044 8bc0 | 41c1 e810 | 4433 c041 | ffca 4181 | e0ff ffff 
  0x00007ffbbc6a7b80: 7f44 8984 | 248c 0000 | 0045 23d0 | 4d63 d247 | 8b5c 9310 | 4489 9c24 | 9000 0000 | 0f1f 4000 
  0x00007ffbbc6a7ba0: ; implicit exception: dispatches to 0x00007ffbbc6aa2b0
  0x00007ffbbc6a7ba0: 458b 5b0c | 448b 9424 | 9000 0000 | 4c89 9424 | a800 0000 | 453b d80f | 84da 0000 | 0066 6690 
  0x00007ffbbc6a7bc0: 4585 db0f | 8cce 2600 | 004c 8b94 | 24a8 0000 | 0045 8b5a | 1845 85db | 0f84 d226 | 0000 4d8b 
  0x00007ffbbc6a7be0: d34c 8994 | 24a8 0000 | 004c 8b94 

  0x00007ffbbc6a7bec: ;   {no_reloc}
  0x00007ffbbc6a7bec: 24a8 0000 | 0045 8b52 | 0c4d 8b9f 

  0x00007ffbbc6a7bf8: ; ImmutableOopMap {[32]=Oop [40]=Oop [48]=Oop [56]=Oop [64]=Oop [72]=Oop [104]=Oop [128]=Oop [136]=NarrowOop [152]=NarrowOop [156]=NarrowOop [160]=NarrowOop [168]=Oop }
                      ;*if_icmpne {reexecute=1 rethrow=0 return_oop=0}
                      ; - (reexecute) java.util.concurrent.ConcurrentHashMap::get@127 (line 946)
                      ; - java.lang.ClassLoader::definePackage@47 (line 2125)
                      ; - java.lang.ClassLoader::getDefinedPackage@32 (line 2267)
                      ; - java.net.URLClassLoader::getAndVerifyPackage@2 (line 457)
                      ; - java.net.URLClassLoader::defineClass@46 (line 492)
                      ; - java.net.URLClassLoader$1::run@43 (line 427)
                      ; - java.net.URLClassLoader$1::run@1 (line 421)
                      ; - java.security.AccessController::executePrivileged@29 (line 809)
                      ; - java.security.AccessController::doPrivileged@13 (line 714)
  0x00007ffbbc6a7bf8: 5004 0000 

  0x00007ffbbc6a7bfc: ;   {poll}
  0x00007ffbbc6a7bfc: 4185 0390 | 443b 9424 | 8c00 0000 | 7422 4c8b | 9424 a800 | 0000 458b | 5a18 4585 | db0f 8491 
  0x00007ffbbc6a7c1c: 2600 004d | 8bd3 4c89 | 9424 a800 | 0000 ebbd | 4c8b 9424 | a800 0000 | 418b 6a10 | 4c8b d54c 
  0x00007ffbbc6a7c3c: 8b9c 2480 | 0000 004d | 3bd3 7436 | 85ed 0f84 | 0844 0000 | 488b d549 | 8bf3 488b | 6c24 4090 
  0x00007ffbbc6a7c5c: ;   {optimized virtual_call}
  0x00007ffbbc6a7c5c: c5f8 77e8 

  0x00007ffbbc6a7c60: ; ImmutableOopMap {rbp=Oop [32]=Oop [40]=Oop [48]=Oop [56]=Oop [64]=Oop [72]=Oop [104]=Oop [128]=Oop [136]=NarrowOop [152]=NarrowOop [156]=NarrowOop [160]=NarrowOop [168]=Oop }
                      ;*invokevirtual equals {reexecute=0 rethrow=0 return_oop=0}
                      ; - java.util.concurrent.ConcurrentHashMap::get@149 (line 947)
                      ; - java.lang.ClassLoader::definePackage@47 (line 2125)
                      ; - java.lang.ClassLoader::getDefinedPackage@32 (line 2267)
                      ; - java.net.URLClassLoader::getAndVerifyPackage@2 (line 457)
                      ; - java.net.URLClassLoader::defineClass@46 (line 492)
                      ; - java.net.URLClassLoader$1::run@43 (line 427)
                      ; - java.net.URLClassLoader$1::run@1 (line 421)
                      ; - java.security.AccessController::executePrivileged@29 (line 809)
                      ; - java.security.AccessController::doPrivileged@13 (line 714)
  0x00007ffbbc6a7c60: bc9b 2100 

  0x00007ffbbc6a7c64: ;   {other}
  0x00007ffbbc6a7c64: 0f1f 8400 | d417 000d | 4d8b 9750 

  0x00007ffbbc6a7c70: ; ImmutableOopMap {rbp=Oop [32]=Oop [40]=Oop [48]=Oop [56]=Oop [64]=Oop [72]=Oop [104]=Oop [128]=Oop [136]=NarrowOop [152]=NarrowOop [156]=NarrowOop [160]=NarrowOop [168]=Oop }
                      ;*ifeq {reexecute=1 rethrow=0 return_oop=0}
                      ; - (reexecute) java.util.concurrent.ConcurrentHashMap::get@152 (line 947)
                      ; - java.lang.ClassLoader::definePackage@47 (line 2125)
                      ; - java.lang.ClassLoader::getDefinedPackage@32 (line 2267)
                      ; - java.net.URLClassLoader::getAndVerifyPackage@2 (line 457)
                      ; - java.net.URLClassLoader::defineClass@46 (line 492)
                      ; - java.net.URLClassLoader$1::run@43 (line 427)
                      ; - java.net.URLClassLoader$1::run@1 (line 421)
                      ; - java.security.AccessController::executePrivileged@29 (line 809)
                      ; - java.security.AccessController::doPrivileged@13 (line 714)
                      ;   {poll}
  0x00007ffbbc6a7c70: 0400 0041 | 8502 85c0 | 0f84 4bff | ffff 4c8b | 9424 a800 | 0000 418b | 6a14 85ed | 0f85 d600 
  0x00007ffbbc6a7c90: 0000 e919 | 2600 0044 | 8b9c 2490 | 0000 0041 | 8b6b 104c | 8bd5 4c8b | 9c24 8000 | 0000 4d3b 
  0x00007ffbbc6a7cb0: d30f 8499 | 0000 0085 | ed0f 8431 | 4000 0048 | 8bd5 498b | f348 8b6c | 2440 6690 

  0x00007ffbbc6a7ccc: ;   {optimized virtual_call}
  0x00007ffbbc6a7ccc: c5f8 77e8 

  0x00007ffbbc6a7cd0: ; ImmutableOopMap {rbp=Oop [32]=Oop [40]=Oop [48]=Oop [56]=Oop [64]=Oop [72]=Oop [104]=Oop [128]=Oop [136]=NarrowOop [144]=NarrowOop [152]=NarrowOop [156]=NarrowOop [160]=NarrowOop [168]=Oop }
                      ;*invokevirtual equals {reexecute=0 rethrow=0 return_oop=0}
                      ; - java.util.concurrent.ConcurrentHashMap::get@73 (line 940)
                      ; - java.lang.ClassLoader::definePackage@47 (line 2125)
                      ; - java.lang.ClassLoader::getDefinedPackage@32 (line 2267)
                      ; - java.net.URLClassLoader::getAndVerifyPackage@2 (line 457)
                      ; - java.net.URLClassLoader::defineClass@46 (line 492)
                      ; - java.net.URLClassLoader$1::run@43 (line 427)
                      ; - java.net.URLClassLoader$1::run@1 (line 421)
                      ; - java.security.AccessController::executePrivileged@29 (line 809)
                      ; - java.security.AccessController::doPrivileged@13 (line 714)
  0x00007ffbbc6a7cd0: 4c9b 2100 

  0x00007ffbbc6a7cd4: ;   {other}
  0x00007ffbbc6a7cd4: 0f1f 8400 | 4418 000f | 0f1f 4000 | 85c0 756c | be45 ffff | ff4c 8b54 | 2438 4c89 | 5424 184c 
  0x00007ffbbc6a7cf4: 8b54 2448 | 4c89 5424 | 204c 8b54 | 2450 4c89 | 5424 384c | 8b94 2480 | 0000 004c | 8954 2448 
  0x00007ffbbc6a7d14: 4c8b 5424 | 684c 8954 | 2450 448b | 9424 9c00 | 0000 4489 | 9424 8000 | 0000 4489 | 9424 8400 
  0x00007ffbbc6a7d34: 0000 8984 | 2494 0000 | 0066 6690 

  0x00007ffbbc6a7d40: ;   {runtime_call UncommonTrapBlob}
  0x00007ffbbc6a7d40: c5f8 77e8 

  0x00007ffbbc6a7d44: ; ImmutableOopMap {rbp=Oop [24]=Oop [32]=Oop [48]=Oop [72]=Oop [80]=Oop [128]=NarrowOop [132]=NarrowOop [136]=NarrowOop [144]=NarrowOop [152]=NarrowOop [160]=NarrowOop }
                      ;*ifeq {reexecute=1 rethrow=0 return_oop=0}
                      ; - (reexecute) java.util.concurrent.ConcurrentHashMap::get@76 (line 940)
                      ; - java.lang.ClassLoader::definePackage@47 (line 2125)
                      ; - java.lang.ClassLoader::getDefinedPackage@32 (line 2267)
                      ; - java.net.URLClassLoader::getAndVerifyPackage@2 (line 457)
                      ; - java.net.URLClassLoader::defineClass@46 (line 492)
                      ; - java.net.URLClassLoader$1::run@43 (line 427)
                      ; - java.net.URLClassLoader$1::run@1 (line 421)
                      ; - java.security.AccessController::executePrivileged@29 (line 809)
                      ; - java.security.AccessController::doPrivileged@13 (line 714)
  0x00007ffbbc6a7d44: 3828 77ff 

  0x00007ffbbc6a7d48: ;   {other}
  0x00007ffbbc6a7d48: 0f1f 8400 | b818 0010 | 448b 9c24 | 9000 0000 | 418b 6b14 | 0f1f 4000 | 85ed 0f84 | 4825 0000 
  0x00007ffbbc6a7d68: 448b 5d08 

  0x00007ffbbc6a7d6c: ;   {metadata('java/lang/Package')}
  0x00007ffbbc6a7d6c: 4181 fb30 | ba01 000f | 85db 4800 | 004c 8bcd | 458b 5110 

  0x00007ffbbc6a7d80: ; implicit exception: dispatches to 0x00007ffbbc6acb6c
  0x00007ffbbc6a7d80: 458b 5a1c | 4585 db0f | 853b 3800 | 0045 8b59 | 1441 8b6b | 2485 ed0f | 85ba 3a00 | 004c 8b5c 
  0x00007ffbbc6a7da0: 2468 4d85 | db0f 8402 

  0x00007ffbbc6a7da8: ;   {oop(a 'java/lang/Class'{0x00000000ffe8c958} = 'jdk/internal/access/SharedSecrets')}
  0x00007ffbbc6a7da8: 0600 0049 | ba58 c9e8 | ff00 0000 | 0045 8b82 | d400 0000 | 0f1f 4000 

  0x00007ffbbc6a7dc0: ; implicit exception: dispatches to 0x00007ffbbc6acd2c
  0x00007ffbbc6a7dc0: 418b 4808 | 894c 2418 | 4489 8424 | a400 0000 | 4c89 4c24 | 684c 895c | 2470 4c8b | 9424 8000 
  0x00007ffbbc6a7de0: 0000 450f | be52 1045 | 85d2 0f85 | 4038 0000 | 4c8b 9424 | 8000 0000 | 458b 5214 | 4489 9424 
  0x00007ffbbc6a7e00: 8800 0000 

  0x00007ffbbc6a7e04: ; implicit exception: dispatches to 0x00007ffbbc6acbdc
  0x00007ffbbc6a7e04: 458b 5a0c | 4489 9c24 | a800 0000 | 4d8b d04c | 8954 2458 | 448b 9424 | a800 0000 | 4585 d20f 
  0x00007ffbbc6a7e24: 868f 1b00 | 0045 8d5a | ff44 895c | 241c 6666 | 0f1f 8400 | 0000 0000 | 6666 6690 | 443b 9c24 
  0x00007ffbbc6a7e44: a800 0000 | 0f83 972f | 0000 448b | 9c24 a800 | 0000 4183 | c3fd 4489 | 5c24 6044 | 8b94 2488 
  0x00007ffbbc6a7e64: 0000 004c | 8954 2478 | 448b 9c24 | 8800 0000 | 4180 7b10 | 2e75 0a33 | ed66 6690 | e973 0000 
  0x00007ffbbc6a7e84: 0044 8b54 | 2460 4183 | fa01 0f8e | e61a 0000 | 41b9 0100 | 0000 418b | e966 6690 | 4c63 c544 
  0x00007ffbbc6a7ea4: 8b9c 2488 

  0x00007ffbbc6a7ea8: ;   {no_reloc}
  0x00007ffbbc6a7ea8: 0000 0047 | 0fbe 5403 | 1041 83fa | 2e0f 843d | 0000 0045 | 8bd3 470f | be5c 0211 | 4183 fb2e 
  0x00007ffbbc6a7ec8: 742c 470f | be54 0212 | 4183 fa2e | 7505 83c5 | 02eb 1d44 | 8b94 2488 | 0000 0047 | 0fbe 5c02 
  0x00007ffbbc6a7ee8: 1341 83fb | 2e0f 8529 | 0200 0083 | c502 ffc5 | 0f1f 8400 | 0000 0000 | 3bac 24a8 | 0000 000f 
  0x00007ffbbc6a7f08: 8dab 1a00 | 0044 8b9c | 24a8 0000 | 0066 6666 | 0f1f 8400 | 0000 0000 | 4181 fb00 | 0010 000f 
  0x00007ffbbc6a7f28: 87cc 2400 | 004d 8b87 | b801 0000 | 4d63 d349 | 83c2 1749 | 83e2 f84d | 8bd8 4d03 | da4d 3b9f 
  0x00007ffbbc6a7f48: c801 0000 | 0f83 a724 | 0000 4d89 | 9fb8 0100 | 0041 0f0d | 8b00 0100 | 0049 c700 | 0100 0000 
  0x00007ffbbc6a7f68: 410f 0d8b | 4001 0000 

  0x00007ffbbc6a7f70: ;   {metadata({type array byte})}
  0x00007ffbbc6a7f70: 41c7 4008 | 6822 0000 | 448b 9424 | a800 0000 | 4589 500c | 410f 0d8b | 8001 0000 | 4c89 8424 
  0x00007ffbbc6a7f90: 9000 0000 | 85ed 0f8e | e900 0000 | 8d4d ff90 | 3b8c 24a8 | 0000 000f | 831b 3300 | 0044 8b9c 
  0x00007ffbbc6a7fb0: 24a8 0000 | 0045 85db | 0f86 0a33 | 0000 448b | 9424 8800 | 0000 450f | be5a 1045 | 8858 1083 
  0x00007ffbbc6a7fd0: f901 0f8e | 8033 0000 | 41b9 0100 | 0000 8bdd | 412b d9ff | cb45 33c0 | 413b c941 | 0f4c d881 
  0x00007ffbbc6a7ff0: fbd0 0700 | 0041 bbd0 | 0700 0041 | 0f47 db41 | 03d9 4d63 | d144 8b84 | 2488 0000 | 0047 0fbe 
  0x00007ffbbc6a8010: 4410 104c | 8b9c 2490 | 0000 0047 | 8844 1310 | 448b 9c24 | 8800 0000 | 470f be5c | 1311 4c8b 
  0x00007ffbbc6a8030: 8424 9000 | 0000 4788 | 5c10 1141 | 83c1 0290 | 443b cb7c | bd4d 8b97 

  0x00007ffbbc6a8048: ; ImmutableOopMap {r8=Oop [32]=Oop [40]=Oop [48]=Oop [56]=Oop [64]=Oop [72]=Oop [88]=Oop [104]=Oop [112]=Oop [120]=Oop [128]=Oop [136]=NarrowOop [144]=Oop [152]=NarrowOop [156]=NarrowOop [160]=NarrowOop [164]=NarrowOop }
                      ;*goto {reexecute=1 rethrow=0 return_oop=0}
                      ; - (reexecute) java.lang.StringLatin1::replace@76 (line 305)
                      ; - java.lang.String::replace@18 (line 2933)
                      ; - java.net.URLClassLoader::isSealed@9 (line 601)
                      ; - java.net.URLClassLoader::getAndVerifyPackage@68 (line 469)
                      ; - java.net.URLClassLoader::defineClass@46 (line 492)
                      ; - java.net.URLClassLoader$1::run@43 (line 427)
                      ; - java.net.URLClassLoader$1::run@1 (line 421)
                      ; - java.security.AccessController::executePrivileged@29 (line 809)
                      ; - java.security.AccessController::doPrivileged@13 (line 714)
  0x00007ffbbc6a8048: 5004 0000 

  0x00007ffbbc6a804c: ;   {poll}
  0x00007ffbbc6a804c: 4185 0244 | 3bc9 7c8a | 443b cd7d | 2c66 6690 | 4d63 d144 | 8b84 2488 | 0000 0047 | 0fbe 5c10 
  0x00007ffbbc6a806c: 104c 8b84 | 2490 0000 | 0047 885c | 1010 41ff | c166 6690 | 443b cd7c | d73b ac24 | a800 0000 
  0x00007ffbbc6a808c: 0f8d 390b | 0000 6666 | 0f1f 8400 | 0000 0000 | 6666 6690 | 3bac 24a8 | 0000 000f | 833f 3000 
  0x00007ffbbc6a80ac: 0044 8b54 | 241c 6666 | 0f1f 8400 | 0000 0000 | 6666 6690 | 443b 9424 | a800 0000 | 0f83 1e30 
  0x00007ffbbc6a80cc: 0000 448d | 5501 4c63 | dd44 8b8c | 2488 0000 | 0047 0fbe | 4419 1041 | 83f8 2e0f | 8471 1000 
  0x00007ffbbc6a80ec: 004c 8b8c | 2490 0000 | 0047 8844 | 1910 448d | 5d01 6690 | 453b da7d | 0541 8beb | ebc8 443b 
  0x00007ffbbc6a810c: 5c24 600f | 8d75 0a00 | 00ff c5e9 | 0e0a 0000 | 8b9c 24a8 | 0000 0041 | 2bd9 83c3 | fd44 8b54 
  0x00007ffbbc6a812c: 2460 4533 | c045 3bd1 | 410f 4cd8 | 81fb a00f | 0000 41b8 | a00f 0000 | 410f 47d8 

  0x00007ffbbc6a8148: ;   {no_reloc}
  0x00007ffbbc6a8148: 4103 d98d | 4d04 3bcb | 0f8d 131f | 0000 8be9 | e943 fdff | ff33 c090 | e927 0800 | 0049 b900 
  0x00007ffbbc6a8168: e099 b3fb | 7f00 004c | 8b5c 2430 | 448b 8424 | 9c00 0000 | 448b 9424 | 9800 0000 

  0x00007ffbbc6a8184: ;   {metadata('java/lang/IllegalArgumentException')}
  0x00007ffbbc6a8184: 498b fa48 | bdd0 c506 | 53fb 7f00 | 0048 85c9 | 0f84 5f14 | 0000 4889 | 7c24 6848 | 894c 2418 
  0x00007ffbbc6a81a4: 4889 5c24 | 604c 894c | 2458 4489 | 8424 9c00 | 0000 4c89 | 5c24 3048 | 8b74 2420 | 488b d34c 
  0x00007ffbbc6a81c4: 8bc7 6690 

  0x00007ffbbc6a81c8: ;   {optimized virtual_call}
  0x00007ffbbc6a81c8: c5f8 77e8 

  0x00007ffbbc6a81cc: ; ImmutableOopMap {[24]=Oop [32]=Oop [40]=Oop [48]=Oop [56]=Oop [64]=Oop [72]=Oop [96]=Oop [104]=Oop [152]=NarrowOop [156]=NarrowOop [160]=NarrowOop }
                      ;*invokevirtual definePackage {reexecute=0 rethrow=0 return_oop=1}
                      ; - java.net.URLClassLoader::defineClass@64 (line 495)
                      ; - java.net.URLClassLoader$1::run@43 (line 427)
                      ; - java.net.URLClassLoader$1::run@1 (line 421)
                      ; - java.security.AccessController::executePrivileged@29 (line 809)
                      ; - java.security.AccessController::doPrivileged@13 (line 714)
  0x00007ffbbc6a81cc: 30ef 5ff8 

  0x00007ffbbc6a81d0: ;   {other}
  0x00007ffbbc6a81d0: 0f1f 8400 | 401d 0012 | 4c8b 4424 | 5866 6690 | e9d0 0100 | 004c 8b54 | 2418 458b | 5a0c 418b 
  0x00007ffbbc6a81f0: 6b0c 448b | 5d08 6666 | 0f1f 8400 | 0000 0000 

  0x00007ffbbc6a8200: ;   {metadata('java/util/LinkedHashMap')}
  0x00007ffbbc6a8200: 4181 fb38 | c10f 000f | 85ab 3600 | 004c 8bc5 | 418b 4824 | 85c9 0f84 | 9101 0000 | 8b69 0c90 
  0x00007ffbbc6a8220: 85ed 0f86 | 0039 0000 

  0x00007ffbbc6a8228: ;   {oop(a 'java/util/jar/Attributes$Name'{0x00000000ffed0220})}
  0x00007ffbbc6a8228: ffcd 49bb | 2002 edff | 0000 0000 | 458b 5b0c | 418b dbc1 | eb10 4133 | db23 eb8b | 6ca9 1085 
  0x00007ffbbc6a8248: ed0f 845e | 0100 008b | 4d0c 488b | fd3b cb0f | 859f 1000 | 0044 8b4d 

  0x00007ffbbc6a8260: ;   {oop(a 'java/util/jar/Attributes$Name'{0x00000000ffed0220})}
  0x00007ffbbc6a8260: 1041 81f9 | 2002 edff | 744d 4889 | 7c24 7089 | 5c24 604c | 8944 2458 | 4c89 5424 | 1849 8bd1 
  0x00007ffbbc6a8280: ;   {oop(a 'java/util/jar/Attributes$Name'{0x00000000ffed0220})}
  0x00007ffbbc6a8280: 48be 2002 | edff 0000 | 0000 6690 

  0x00007ffbbc6a828c: ;   {optimized virtual_call}
  0x00007ffbbc6a828c: c5f8 77e8 

  0x00007ffbbc6a8290: ; ImmutableOopMap {rbp=NarrowOop [24]=Oop [32]=Oop [40]=Oop [48]=Oop [56]=Oop [64]=Oop [72]=Oop [88]=Oop [104]=Oop [112]=Oop [128]=Oop [152]=NarrowOop [156]=NarrowOop [160]=NarrowOop }
                      ;*invokevirtual equals {reexecute=0 rethrow=0 return_oop=0}
                      ; - java.util.HashMap::getNode@63 (line 578)
                      ; - java.util.LinkedHashMap::get@2 (line 536)
                      ; - java.util.jar.Attributes::get@5 (line 106)
                      ; - java.util.jar.Attributes::getValue@2 (line 142)
                      ; - java.net.URLClassLoader::isSealed@58 (line 608)
                      ; - java.net.URLClassLoader::getAndVerifyPackage@68 (line 469)
                      ; - java.net.URLClassLoader::defineClass@46 (line 492)
                      ; - java.net.URLClassLoader$1::run@43 (line 427)
                      ; - java.net.URLClassLoader$1::run@1 (line 421)
                      ; - java.security.AccessController::executePrivileged@29 (line 809)
                      ; - java.security.AccessController::doPrivileged@13 (line 714)
  0x00007ffbbc6a8290: ec94 76ff 

  0x00007ffbbc6a8294: ;   {other}
  0x00007ffbbc6a8294: 0f1f 8400 | 041e 0013 | 0f1f 4000 | 85c0 0f84 | 4110 0000 | 4c8b 5424 | 184c 8b44 | 2458 488b 
  0x00007ffbbc6a82b4: 7c24 7045 | 0fb6 4830 | 0f1f 4000 | 4585 c90f | 8593 2100 | 008b 6f14 | 85ed 0f84 | d900 0000 
  0x00007ffbbc6a82d4: 448b 5d08 | 0f1f 8400 | 0000 0000 

  0x00007ffbbc6a82e0: ;   {metadata('java/lang/String')}
  0x00007ffbbc6a82e0: 4181 fb40 | e700 000f | 85cb 4300 | 004c 8bdd 

  0x00007ffbbc6a82f0: ;   {oop("true"{0x00000000ffe51bc0})}
  0x00007ffbbc6a82f0: 49b8 c01b | e5ff 0000 | 0000 660f | 1f44 0000 | 4d3b d80f | 84d4 3700 | 0045 8b4b | 1445 8b41 
  0x00007ffbbc6a8310: 0c41 0fbe | 6b10 c4c2 | 52f7 c80f | 1f44 0000 | 83f9 040f | 8584 0000 | 004c 63d9 | 4983 c3fc 
  0x00007ffbbc6a8330: 4d85 db0f | 8ce7 3a00 | 0085 ed0f | 1f44 0000 | 0f85 863a | 0000 4585 | c00f 862d | 3800 0041 
  0x00007ffbbc6a8350: 83f8 020f | 8623 3800 | 0041 0fbe | 4910 6690 | 83f9 740f | 84fc 0f00 | 00be 7400 | 0000 41bb 
  0x00007ffbbc6a8370: 0100 0000 | 448b c141 | 8bd3 418b | d949 8bca | 81e6 df00 | 0000 448b | ce44 8d56 | bf41 83fa 
  0x00007ffbbc6a8390: 1a0f 83ed | 3a00 0045 | 8bd0 4181 | e2df 0000 | 0044 8bc6 | 413b f20f | 8443 3b00 | 004c 8b84 
  0x00007ffbbc6a83b0: 24d8 0000 | 004c 8b54 | 2430 488d | 9c24 e000 | 0000 498b | 02a8 020f | 8523 0000 | 0048 83c8 
  0x00007ffbbc6a83d0: 0148 8903 | f049 0fb1 | 1a0f 8437 | 0000 0048 | 2bc4 4825 | 07f0 ffff | 4889 03e9 

  0x00007ffbbc6a83ec: ;   {no_reloc}
  0x00007ffbbc6a83ec: 2400 0000 | 4c8b d848 | 33c0 f04d | 0fb1 7b3e | 48c7 0303 | 0000 0074 | 114c 3bf8 | 7515 49ff 
  0x00007ffbbc6a840c: 8386 0000 | 0048 33c0 | 7509 49ff | 8748 0500 | 0033 c090 | 0f85 ea27 | 0000 458b | 5a08 453b 
  0x00007ffbbc6a842c: 620c 0f85 | bf00 0000 | 0f1f 8400 | 0000 0000 | 6666 6690 

  0x00007ffbbc6a8440: ;   {metadata('jdk/internal/loader/URLClassPath$JarLoader$2')}
  0x00007ffbbc6a8440: 4181 fb40 | ea20 000f | 8518 1200 | 004d 8bca | 418b 5920 

  0x00007ffbbc6a8454: ; implicit exception: dispatches to 0x00007ffbbc6acca8
  0x00007ffbbc6a8454: 8b4b 1841 | 8b69 1c85 | c966 6690 | 0f84 5a30 | 0000 4489 | 5c24 204c | 8944 2418 | 4c89 5424 
  0x00007ffbbc6a8474: 3048 8bf1 | 488b d54c | 894c 2458 | 4c89 4c24 | 6066 6690 

  0x00007ffbbc6a8488: ;   {optimized virtual_call}
  0x00007ffbbc6a8488: c5f8 77e8 

  0x00007ffbbc6a848c: ; ImmutableOopMap {[40]=Oop [48]=Oop [56]=Oop [64]=Oop [72]=Oop [88]=Oop [96]=Oop [152]=NarrowOop [156]=NarrowOop [160]=NarrowOop }
                      ;*invokevirtual getInputStream {reexecute=0 rethrow=0 return_oop=1}
                      ; - jdk.internal.loader.URLClassPath$JarLoader$2::getInputStream@11 (line 848)
                      ; - jdk.internal.loader.Resource::cachedInputStream@9 (line 77)
                      ; - jdk.internal.loader.Resource::getByteBuffer@1 (line 163)
                      ; - java.net.URLClassLoader::defineClass@132 (line 511)
                      ; - java.net.URLClassLoader$1::run@43 (line 427)
                      ; - java.net.URLClassLoader$1::run@1 (line 421)
                      ; - java.security.AccessController::executePrivileged@29 (line 809)
                      ; - java.security.AccessController::doPrivileged@13 (line 714)
  0x00007ffbbc6a848c: f0d2 f0ff 

  0x00007ffbbc6a8490: ;   {other}
  0x00007ffbbc6a8490: 0f1f 8400 | 0020 0014 | 488b d80f | 1f44 0000 | 4180 7f40 | 000f 856a | 1800 004c | 8b54 2430 
  0x00007ffbbc6a84b0: 4d8b da4c | 8bcb 4589 | 4a0c 4c8b | c34d 33c3 | 49c1 e814 | 4d85 c074 | 2048 85db | 741b 49c1 
  0x00007ffbbc6a84d0: eb09 48bf | 00e0 99b3 | fb7f 0000 | 4903 fb90 | 803f 020f | 8566 1800 | 004c 8b44 | 2418 448b 
  0x00007ffbbc6a84f0: 5c24 2041 | 8b6a 0c48 | 8d84 24e0 | 0000 0048 | 8338 000f | 8479 0000 | 004d 8b0a | 41f6 c102 
  0x00007ffbbc6a8510: 0f84 6200 | 0000 4983 | b986 0000 | 0000 7409 | 49ff 8986 | 0000 00eb | 4b49 8b81 | 9600 0000 
  0x00007ffbbc6a8530: 490b 818e | 0000 0075 | 0a49 c741 | 3e00 0000 | 00eb 3d49 | 83b9 9e00 | 0000 0074 | 2248 33c0 
  0x00007ffbbc6a8550: 49c7 413e | 0000 0000 | f083 0424 | 0049 83b9 | 9e00 0000 | 0075 0df0 | 4d0f b179 | 3e75 0583 
  0x00007ffbbc6a8570: c801 eb0c | a800 eb08 | 4c8b 08f0 | 4d0f b10a | 750a 49ff | 8f48 0500 | 0045 33c9 

  0x00007ffbbc6a858c: ;   {no_reloc}
  0x00007ffbbc6a858c: 0f85 b326 | 0000 8b4d 

  0x00007ffbbc6a8594: ;   {metadata('sun/nio/ByteBuffered')}
  0x00007ffbbc6a8594: 0848 b8f0 | db35 53fb | 7f00 0048 | be00 0000 | 53fb 7f00 | 0048 03f1 | 4c8b 4e20 | 4c3b c80f 
  0x00007ffbbc6a85b4: 844c 2500 | 0048 8b7e | 288b 0f48 | 83c7 0848 | 85c0 f248 | af0f 8504 | 0000 0048 | 8946 200f 
  0x00007ffbbc6a85d4: 842c 2500 | 000f 1f80 | 0000 0000 

  0x00007ffbbc6a85e0: ;   {metadata('jdk/internal/loader/URLClassPath$JarLoader$2')}
  0x00007ffbbc6a85e0: 4181 fb40 | ea20 000f | 8589 0f00 | 004c 8944 | 2418 4c89 | 5424 304c | 8954 2458 | 498b f290 
  0x00007ffbbc6a8600: ;   {optimized virtual_call}
  0x00007ffbbc6a8600: c5f8 77e8 

  0x00007ffbbc6a8604: ; ImmutableOopMap {[40]=Oop [48]=Oop [56]=Oop [64]=Oop [72]=Oop [88]=Oop [152]=NarrowOop [156]=NarrowOop [160]=NarrowOop }
                      ;*invokespecial getBytes {reexecute=0 rethrow=0 return_oop=1}
                      ; - jdk.internal.loader.URLClassPath$JarLoader$2::getBytes@1 (line 862)
                      ; - java.net.URLClassLoader::defineClass@179 (line 519)
                      ; - java.net.URLClassLoader$1::run@43 (line 427)
                      ; - java.net.URLClassLoader$1::run@1 (line 421)
                      ; - java.security.AccessController::executePrivileged@29 (line 809)
                      ; - java.security.AccessController::doPrivileged@13 (line 714)
  0x00007ffbbc6a8604: 98ca ecff 

  0x00007ffbbc6a8608: ;   {other}
  0x00007ffbbc6a8608: 0f1f 8400 | 7821 0015 

  0x00007ffbbc6a8610: ; implicit exception: dispatches to 0x00007ffbbc6aca00
  0x00007ffbbc6a8610: 8b50 0c85 | d20f 86fd | 2d00 008d | 6aff 6690 | 3bea 0f83 | a025 0000 | 4889 4424 | 6048 8bf0 
  0x00007ffbbc6a8630: 4883 c610 | 33ff c5f8 | 7749 ba20 | 3fdc bbfb | 7f00 0041 

  0x00007ffbbc6a8644: ;   {other}
  0x00007ffbbc6a8644: ffd2 0f1f | 8400 0000 | 0000 4c8b | 5424 5845 | 8b52 1c4d | 8b52 1844 | 8bd8 6690 | 4d3b da0f 
  0x00007ffbbc6a8664: 8507 2e00 | 004c 8b5c | 2430 458b | 4308 6666 | 0f1f 8400 | 0000 0000 | 6666 6690 

  0x00007ffbbc6a8680: ;   {metadata('jdk/internal/loader/URLClassPath$JarLoader$2')}
  0x00007ffbbc6a8680: 4181 f840 | ea20 000f | 8521 0f00 | 004c 8b54 | 2430 418b | 6a1c 448b | 4508 660f | 1f44 0000 
  0x00007ffbbc6a86a0: ;   {metadata('java/util/jar/JarFile$JarFileEntry')}
  0x00007ffbbc6a86a0: 4181 f868 | e530 000f | 85a9 2600 | 004c 8bc5 | 418b 6864 

  0x00007ffbbc6a86b4: ; implicit exception: dispatches to 0x00007ffbbc6acaa8
  0x00007ffbbc6a86b4: 440f b655 | 120f 1f80 | 0000 0000 | 443b 6530 | 7509 4585 | d20f 8570 | 0d00 0045 | 8b50 5c45 
  0x00007ffbbc6a86d4: 85d2 0f85 | 7c1a 0000 | 458b 4864 

  0x00007ffbbc6a86e0: ; implicit exception: dispatches to 0x00007ffbbc6acaf0
  0x00007ffbbc6a86e0: 418b 6930 | 85ed 0f85 | d019 0000 | 33ed 498b | 87b8 0100 | 004c 8bd0 | 4983 c228 | 0f1f 4000 
  0x00007ffbbc6a8700: 4d3b 97c8 | 0100 000f | 8358 1c00 | 004d 8997 | b801 0000 | 410f 0d8a | 0001 0000 | 48c7 0001 
  0x00007ffbbc6a8720: 0000 004c | 8bd0 4983 

  0x00007ffbbc6a8728: ;   {metadata('java/security/CodeSource')}
  0x00007ffbbc6a8728: c210 c740 | 08c0 5c00 | 0044 8960 | 0cc5 fdef | c041 b807 | 0000 00c4 | c178 92f8 | 62d1 fe2f 
  0x00007ffbbc6a8748: 7f02 448b | 9424 9800 | 0000 4489 | 500c 4585 | d20f 8466 | 2c00 0048 | 8944 2420 | 4c89 5c24 
  0x00007ffbbc6a8768: 3049 8bf2 

  0x00007ffbbc6a876c: ;   {static_call}
  0x00007ffbbc6a876c: c5f8 77e8 

  0x00007ffbbc6a8770: ; ImmutableOopMap {rbp=Oop [32]=Oop [40]=Oop [48]=Oop [56]=Oop [64]=Oop [72]=Oop [96]=Oop [156]=NarrowOop [160]=NarrowOop }
                      ;*invokestatic urlNoFragString {reexecute=0 rethrow=0 return_oop=1}
                      ; - java.security.CodeSource::<init>@30 (line 123)
                      ; - java.net.URLClassLoader::defineClass@198 (line 522)
                      ; - java.net.URLClassLoader$1::run@43 (line 427)
                      ; - java.net.URLClassLoader$1::run@1 (line 421)
                      ; - java.security.AccessController::executePrivileged@29 (line 809)
                      ; - java.security.AccessController::doPrivileged@13 (line 714)
  0x00007ffbbc6a8770: 2c12 0500 

  0x00007ffbbc6a8774: ;   {other}
  0x00007ffbbc6a8774: 0f1f 8400 | e422 0016 | 488b d890 | 4180 7f40 | 000f 85d2 | 1300 004c | 8b44 2420 | 4c8b d345 
  0x00007ffbbc6a8794: 8950 204c | 8bd3 4d8b | d84d 33d3 | 49c1 ea14 | 4d85 d274 | 2048 85db | 741b 49c1 | eb09 48bf 
  0x00007ffbbc6a87b4: 00e0 99b3 | fb7f 0000 | 4903 fb90 | 803f 020f | 85cc 1300 | 0048 85ed | 0f85 de15 | 0000 4c89 
  0x00007ffbbc6a87d4: 4424 68c5 | f877 49ba | 30eb 04d1 | fb7f 0000 

  0x00007ffbbc6a87e4: ;   {other}
  0x00007ffbbc6a87e4: 41ff d20f | 1f84 0000 | 0000 0048 | 2b44 2450 | 4889 4424 

  0x00007ffbbc6a87f8: ;   {oop(a 'jdk/internal/perf/PerfCounter'{0x000000008008b400})}
  0x00007ffbbc6a87f8: 5049 bb00 | b408 8000 | 0000 0048 | 8d9c 24e0 | 0000 0049 | 8b03 a802 | 0f85 2300 | 0000 4883 
  0x00007ffbbc6a8818: c801 4889 | 03f0 490f | b11b 0f84 | 3700 0000 | 482b c448 | 2507 f0ff | ff48 8903 | e924 0000 
  0x00007ffbbc6a8838: 004c 8bd0 | 4833 c0f0 | 4d0f b17a | 3e48 c703 | 0300 0000 | 7411 4c3b | f875 1549 | ff82 8600 
  0x00007ffbbc6a8858: 0000 4833 | c075 0949 | ff87 4805 | 0000 33c0 | 0f85 1724 

  0x00007ffbbc6a886c: ;   {oop(a 'jdk/internal/perf/PerfCounter'{0x000000008008b400})}
  0x00007ffbbc6a886c: 0000 49ba | 00b4 0880 | 0000 0000 | 458b 4a10 | 0f1f 4000 

  0x00007ffbbc6a8880: ; implicit exception: dispatches to 0x00007ffbbc6ac9a0
  0x00007ffbbc6a8880: 418b 6924 | 85ed 0f85 | 2524 0000 | 418b 691c | 85ed 0f8c | 5424 0000 | 85ed 660f | 1f44 0000 
  0x00007ffbbc6a88a0: 0f84 a222 | 0000 4d8b | 5110 4c8b | 5c24 504d 

  0x00007ffbbc6a88b0: ;   {oop(a 'jdk/internal/perf/PerfCounter'{0x000000008008b400})}
  0x00007ffbbc6a88b0: 011a 49bb | 00b4 0880 | 0000 0000 | 488d 8424 | e000 0000 | 4883 3800 | 0f84 7900 | 0000 4d8b 
  0x00007ffbbc6a88d0: 1341 f6c2 | 020f 8462 | 0000 0049 | 83ba 8600 | 0000 0074 | 0949 ff8a | 8600 0000 | eb4b 498b 
  0x00007ffbbc6a88f0: 8296 0000 | 0049 0b82 | 8e00 0000 | 750a 49c7 | 423e 0000 | 0000 eb3d | 4983 ba9e | 0000 0000 
  0x00007ffbbc6a8910: 7422 4833 | c049 c742 | 3e00 0000 | 00f0 8304 | 2400 4983 | ba9e 0000 | 0000 750d | f04d 0fb1 
  0x00007ffbbc6a8930: 7a3e 7505 | 83c8 01eb | 0ca8 00eb | 084c 8b10 | f04d 0fb1 | 1375 0a49 | ff8f 4805 | 0000 4533 
  0x00007ffbbc6a8950: d20f 85cd | 2300 0048 | 8b4c 2460 | 0f1f 4000 

  0x00007ffbbc6a8960: ; implicit exception: dispatches to 0x00007ffbbc6ac9d0
  0x00007ffbbc6a8960: 448b 490c | 448b 9424 | 9c00 0000 | 498b f248 | 8b54 2428 | 4533 c048 | 8b7c 2468 

  0x00007ffbbc6a897c: ;   {optimized virtual_call}
  0x00007ffbbc6a897c: c5f8 77e8 

  0x00007ffbbc6a8980: ; ImmutableOopMap {[48]=Oop [56]=Oop [64]=Oop [72]=Oop }
                      ;*invokevirtual defineClass {reexecute=0 rethrow=0 return_oop=1}
                      ; - java.net.URLClassLoader::defineClass@220 (line 524)
                      ; - java.net.URLClassLoader$1::run@43 (line 427)
                      ; - java.net.URLClassLoader$1::run@1 (line 421)
                      ; - java.security.AccessController::executePrivileged@29 (line 809)
                      ; - java.security.AccessController::doPrivileged@13 (line 714)
  0x00007ffbbc6a8980: 3cc4 fcff 

  0x00007ffbbc6a8984: ;   {other}
  0x00007ffbbc6a8984: 0f1f 8400 | f424 0017 | c5f8 7748 | 81c4 0001 | 0000 5d49 | 3ba7 d004 | 0000 0f82 | 3d00 0000 
  0x00007ffbbc6a89a4: 498b ff40 | f6c4 0f0f | 8412 0000 | 0048 83ec 

  0x00007ffbbc6a89b4: ;   {runtime_call SharedRuntime::enable_stack_reserved_zone(JavaThread*)}
  0x00007ffbbc6a89b4: 08e8 b69b | a514 4883 | c408 e905 

  0x00007ffbbc6a89c0: ;   {runtime_call SharedRuntime::enable_stack_reserved_zone(JavaThread*)}
  0x00007ffbbc6a89c0: 0000 00e8 | a89b a514 

  0x00007ffbbc6a89c8: ;   {runtime_call delayed StackOverflowError throw_exception}
  0x00007ffbbc6a89c8: e9b3 0872 

  0x00007ffbbc6a89cc: ;   {external_word}
  0x00007ffbbc6a89cc: ff48 bf06 | 6745 d1fb | 7f00 0048 

  0x00007ffbbc6a89d8: ;   {runtime_call MacroAssembler::debug64(char*, long, long*)}
  0x00007ffbbc6a89d8: 83e4 f0e8 | 300c 8914 

  0x00007ffbbc6a89e0: ;   {poll_return}
  0x00007ffbbc6a89e0: f449 3ba7 | 4804 0000 | 0f87 7a4f | 0000 c348 | 8bdf 498b | f9c5 f877 | 49ba c039 | dfbb fb7f 
  0x00007ffbbc6a8a00: 0000 41ff 

  0x00007ffbbc6a8a04: ;   {other}
  0x00007ffbbc6a8a04: d20f 1f84 | 0000 0000 | 0048 8bfb | e977 e8ff | ff43 c644 | 0515 7343 | c644 0514 | 7343 c644 
  0x00007ffbbc6a8a24: 0513 6143 | c644 0512 | 6c43 c644 | 0511 6343 | c644 0510 | 2ee9 fce7 | ffff 41bb | 2f00 0000 
  0x00007ffbbc6a8a44: 0f1f 8400 | 0000 0000 | 6666 6690 | 4c8b 9424 | 9000 0000 | 4788 5c02 | 1383 c504 | 413b e90f 
  0x00007ffbbc6a8a64: 8da9 0000 | 004c 63c5 | 448b 9c24 | 8800 0000 | 470f be5c | 0310 660f | 1f44 0000 | 4183 fb2e 
  0x00007ffbbc6a8a84: 0f84 6c00 | 0000 4c8b | 9424 9000 | 0000 4788 | 5c02 1044 | 8b94 2488 | 0000 0047 | 0fbe 5c02 
  0x00007ffbbc6a8aa4: 1141 83fb | 2e0f 8453 | 0000 004c | 8b94 2490 | 0000 0047 | 885c 0211 | 448b 9c24 | 8800 0000 
  0x00007ffbbc6a8ac4: 470f be5c | 0312 4183 | fb2e 0f84 | 3600 0000 | 4788 5c02 | 1244 8b94 | 2488 0000 | 0047 0fbe 
  0x00007ffbbc6a8ae4: 5c02 1341 | 83fb 2e0f | 855f ffff | ffe9 48ff | ffff 41bb | 2f00 0000 | 0f1f 4000 | eb88 41bb 
  0x00007ffbbc6a8b04: ;   {no_reloc}
  0x00007ffbbc6a8b04: 2f00 0000 | eba5 41bb | 2f00 0000 | ebc2 4d8b | 9750 0400 

  0x00007ffbbc6a8b18: ; ImmutableOopMap {[32]=Oop [40]=Oop [48]=Oop [56]=Oop [64]=Oop [72]=Oop [88]=Oop [104]=Oop [112]=Oop [120]=Oop [128]=Oop [136]=NarrowOop [144]=Oop [152]=NarrowOop [156]=NarrowOop [160]=NarrowOop [164]=NarrowOop }
                      ;*goto {reexecute=1 rethrow=0 return_oop=0}
                      ; - (reexecute) java.lang.StringLatin1::replace@113 (line 312)
                      ; - java.lang.String::replace@18 (line 2933)
                      ; - java.net.URLClassLoader::isSealed@9 (line 601)
                      ; - java.net.URLClassLoader::getAndVerifyPackage@68 (line 469)
                      ; - java.net.URLClassLoader::defineClass@46 (line 492)
                      ; - java.net.URLClassLoader$1::run@43 (line 427)
                      ; - java.net.URLClassLoader$1::run@1 (line 421)
                      ; - java.security.AccessController::executePrivileged@29 (line 809)
                      ; - java.security.AccessController::doPrivileged@13 (line 714)
                      ;   {poll}
  0x00007ffbbc6a8b18: 0041 8502 | 0f1f 4000 | 3b6c 2460 | 0f8d 6300 | 0000 448b | 8c24 a800 | 0000 442b | cd41 83c1 
  0x00007ffbbc6a8b38: fd44 8b54 | 2460 4533 | c044 3bd5 | 450f 4cc8 | 4181 f9a0 | 0f00 0041 | bba0 0f00 | 0045 0f47 
  0x00007ffbbc6a8b58: cb44 03cd | 0f1f 4000 | e904 ffff | ff49 baff | ffff ffff | ffff ffc4 | 42e8 f5d2 | c4c1 fb92 
  0x00007ffbbc6a8b78: fa62 f17f | af6f 0762 | f17f 2f7f | 06e9 7802 | 0000 418b | eb3b ac24 | a800 0000 | 7d35 6690 
  0x00007ffbbc6a8b98: 4c63 d544 | 8b84 2488 | 0000 0047 | 0fbe 5c10 | 1041 83fb | 2e0f 841c | 0700 004c | 8b84 2490 
  0x00007ffbbc6a8bb8: 0000 0047 | 885c 1010 | ffc5 3bac | 24a8 0000 | 007c cd4d | 8b8f b801 | 0000 4d8b | d149 83c2 
  0x00007ffbbc6a8bd8: 180f 1f80 | 0000 0000 | 4d3b 97c8 | 0100 000f | 8338 1800 | 004d 8997 | b801 0000 | 410f 0d8a 
  0x00007ffbbc6a8bf8: 0001 0000 | 49c7 0101 | 0000 004d | 8bd1 4983 

  0x00007ffbbc6a8c08: ;   {metadata('java/lang/String')}
  0x00007ffbbc6a8c08: c210 41c7 | 4108 40e7 | 0000 4589 | 610c c5fd | efc0 c4c1 | 79d6 024c | 8b84 2490 | 0000 004d 
  0x00007ffbbc6a8c28: 8bd8 4589 | 5914 458b | 500c 4585 | d20f 8681 | 2200 0044 | 8994 2490 | 0000 004c | 898c 2488 
  0x00007ffbbc6a8c48: 0000 004c | 8944 2478 | 450f be59 | 1044 899c | 2494 0000 | 00c4 6222 | f794 2490 | 0000 0044 
  0x00007ffbbc6a8c68: 8994 24a8 | 0000 004d | 63d2 4c89 | 9424 b000 | 0000 660f | 1f44 0000 | 4183 fb01 | 0f84 7e2c 
  0x00007ffbbc6a8c88: 0000 448b | 9c24 a800 | 0000 4585 | db0f 8ce9 | 2900 004c | 8b84 24b0 | 0000 0049 | 83c0 0141 
  0x00007ffbbc6a8ca8: 8be8 85ed | 0f8c 362a | 0000 4d8b | d049 c1fa | 2045 8bd2 | c462 29f7 | dd44 899c | 24ac 0000 
  0x00007ffbbc6a8cc8: 0045 85db | 0f8c 9a2c | 0000 6666 | 0f1f 8400 | 0000 0000 | 6666 6690 | 4181 fb00 | 0010 000f 
  0x00007ffbbc6a8ce8: 87ef 2000 | 004d 63d3 | 4181 fb00 | 0010 000f | 8791 1600 | 004d 8b8f | b801 0000 | 4983 c217 
  0x00007ffbbc6a8d08: ;   {no_reloc}
  0x00007ffbbc6a8d08: 4983 e2f8 | 4d8b d94d | 03da 6666 | 0f1f 8400 | 0000 0000 | 6666 6690 | 4d3b 9fc8 | 0100 000f 
  0x00007ffbbc6a8d28: 8361 1600 | 004d 899f | b801 0000 | 410f 0d8b | 0001 0000 | 49c7 0101 | 0000 0041 | 0f0d 8b40 
  0x00007ffbbc6a8d48: ;   {metadata({type array byte})}
  0x00007ffbbc6a8d48: 0100 0041 | c741 0868 | 2200 008b | ac24 ac00 | 0000 4189 | 690c 410f | 0d8b 8001 | 0000 4c89 
  0x00007ffbbc6a8d68: 8c24 b800 | 0000 448b | 9424 a800 | 0000 41ff | c244 8b9c | 24ac 0000 | 0045 3bda | 0f82 8e21 
  0x00007ffbbc6a8d88: 0000 4d8b | d144 8b8c | 24a8 0000 | 0043 c644 | 0a10 2f44 | 8b94 2494 | 0000 0045 | 85d2 0f85 
  0x00007ffbbc6a8da8: 9029 0000 | 443b 9c24 | 9000 0000 | 0f82 f621 | 0000 448b | 9c24 9000 | 0000 4585 | db76 3b48 
  0x00007ffbbc6a8dc8: 8bb4 24b8 | 0000 0048 | 83c6 1048 | 8b7c 2478 | 4883 c710 | 4963 d390 | 4883 fa20 | 0f86 7bfd 
  0x00007ffbbc6a8de8: ffff c5f8 | 7749 bac0 | 39df bbfb | 7f00 0041 

  0x00007ffbbc6a8df8: ;   {other}
  0x00007ffbbc6a8df8: ffd2 0f1f | 8400 0000 | 0000 498b | 87b8 0100 | 004c 8bd0 | 4983 c218 | 4d3b 97c8 | 0100 000f 
  0x00007ffbbc6a8e18: 83a8 1500 | 004d 8997 | b801 0000 | 410f 0d8a | 0001 0000 | 48c7 0001 

  0x00007ffbbc6a8e30: ;   {metadata('java/lang/String')}
  0x00007ffbbc6a8e30: 0000 00c7 | 4008 40e7 | 0000 4489 | 600c 4489 | 6010 4c8b | 9424 b800 | 0000 4489 | 5014 4c8b 
  0x00007ffbbc6a8e50: c844 8b54 | 2418 6666 | 0f1f 8400 | 0000 0000 

  0x00007ffbbc6a8e60: ;   {metadata('java/util/jar/JavaUtilJarAccessImpl')}
  0x00007ffbbc6a8e60: 4181 fab0 | 0d31 000f | 85c7 2100 | 004c 8b54 | 2470 418b | 6a10 448b | 4508 660f | 1f44 0000 
  0x00007ffbbc6a8e80: ;   {metadata('java/util/HashMap')}
  0x00007ffbbc6a8e80: 4181 f850 | d208 000f | 850b 2200 | 004c 8bdd | 418b 7b24 | 85ff 0f84 | 4ef3 ffff | 8b4f 0c90 
  0x00007ffbbc6a8ea0: 85c9 0f86 | 302b 0000 | 458b 590c | ffc9 4585 | db0f 8413 | 0300 0045 | 8bc3 41c1 | e810 4533 
  0x00007ffbbc6a8ec0: c341 23c8 | 8b7c 8f10 | 85ff 0f84 | 1af3 ffff | 8b5f 0c48 | 8bef 413b | d80f 8588 | 0300 0044 
  0x00007ffbbc6a8ee0: 8b5f 1049 | 8bd3 493b | d174 4789 | 7c24 6444 | 8944 2460 | 4c89 4c24 | 584c 8954 | 2418 498b 
  0x00007ffbbc6a8f00: f14c 8b94 | 2480 0000 | 004c 8954 | 2478 6690 

  0x00007ffbbc6a8f10: ;   {optimized virtual_call}
  0x00007ffbbc6a8f10: c5f8 77e8 

  0x00007ffbbc6a8f14: ; ImmutableOopMap {rbp=Oop [24]=Oop [32]=Oop [40]=Oop [48]=Oop [56]=Oop [64]=Oop [72]=Oop [88]=Oop [100]=NarrowOop [104]=Oop [120]=Oop [128]=Oop [152]=NarrowOop [156]=NarrowOop [160]=NarrowOop }
                      ;*invokevirtual equals {reexecute=0 rethrow=0 return_oop=0}
                      ; - java.util.HashMap::getNode@63 (line 578)
                      ; - java.util.HashMap::get@2 (line 564)
                      ; - java.util.jar.Manifest::getAttributes@5 (line 160)
                      ; - java.util.jar.Manifest::getTrustedAttributes@2 (line 177)
                      ; - java.util.jar.JavaUtilJarAccessImpl::getTrustedAttributes@2 (line 38)
                      ; - java.net.URLClassLoader::isSealed@18 (line 601)
                      ; - java.net.URLClassLoader::getAndVerifyPackage@68 (line 469)
                      ; - java.net.URLClassLoader::defineClass@46 (line 492)
                      ; - java.net.URLClassLoader$1::run@43 (line 427)
                      ; - java.net.URLClassLoader$1::run@1 (line 421)
                      ; - java.security.AccessController::executePrivileged@29 (line 809)
                      ; - java.security.AccessController::doPrivileged@13 (line 714)
  0x00007ffbbc6a8f14: 6888 76ff 

  0x00007ffbbc6a8f18: ;   {other}
  0x00007ffbbc6a8f18: 0f1f 8400 | 882a 0019 | 85c0 0f84 | 2c03 0000 | 4c8b 5424 | 184c 8b4c | 2458 8b6d | 1485 ed0f 
  0x00007ffbbc6a8f38: 84ad f2ff | ff44 8b45 

  0x00007ffbbc6a8f40: ;   {metadata('java/util/jar/Attributes')}
  0x00007ffbbc6a8f40: 0841 81f8 | 38c7 1600 | 0f85 ba37 | 0000 458b | 4214 4585 | c00f 84b2 | 2500 004c | 894c 2478 
  0x00007ffbbc6a8f60: 4c89 5424 | 7049 8bf0 | 498b d14c | 8b54 2430 | 4c89 5424 | 184c 8b94 | 2480 0000 | 004c 8954 
  0x00007ffbbc6a8f80: 2458 4c8b | 5424 704c | 8954 2460 

  0x00007ffbbc6a8f8c: ;   {optimized virtual_call}
  0x00007ffbbc6a8f8c: c5f8 77e8 

  0x00007ffbbc6a8f90: ; ImmutableOopMap {rbp=Oop [24]=Oop [32]=Oop [40]=Oop [48]=Oop [56]=Oop [64]=Oop [72]=Oop [88]=Oop [96]=Oop [104]=Oop [112]=Oop [120]=Oop [128]=Oop [152]=NarrowOop [156]=NarrowOop [160]=NarrowOop }
                      ;*invokevirtual isTrustedManifestEntry {reexecute=0 rethrow=0 return_oop=0}
                      ; - java.util.jar.Manifest::getTrustedAttributes@22 (line 178)
                      ; - java.util.jar.JavaUtilJarAccessImpl::getTrustedAttributes@2 (line 38)
                      ; - java.net.URLClassLoader::isSealed@18 (line 601)
                      ; - java.net.URLClassLoader::getAndVerifyPackage@68 (line 469)
                      ; - java.net.URLClassLoader::defineClass@46 (line 492)
                      ; - java.net.URLClassLoader$1::run@43 (line 427)
                      ; - java.net.URLClassLoader$1::run@1 (line 421)
                      ; - java.security.AccessController::executePrivileged@29 (line 809)
                      ; - java.security.AccessController::doPrivileged@13 (line 714)
  0x00007ffbbc6a8f90: ec87 76ff 

  0x00007ffbbc6a8f94: ;   {other}
  0x00007ffbbc6a8f94: 0f1f 8400 | 042b 001a | 0f1f 4000 | 85c0 0f85 | 6025 0000 | be3f 0000 | 0048 8b6c | 2440 4c8b 
  0x00007ffbbc6a8fb4: 5424 384c | 8954 2418 | 4c8b 5424 | 484c 8954 | 2420 4c8b | 5424 504c | 8954 2438 | 4c8b 5424 
  0x00007ffbbc6a8fd4: 604c 8954 | 2450 4c8b | 5424 684c | 8954 2460 

  0x00007ffbbc6a8fe4: ;   {runtime_call UncommonTrapBlob}
  0x00007ffbbc6a8fe4: c5f8 77e8 

  0x00007ffbbc6a8fe8: ; ImmutableOopMap {rbp=Oop [24]=Oop [32]=Oop [48]=Oop [80]=Oop [88]=Oop [96]=Oop [120]=Oop [152]=NarrowOop [156]=NarrowOop [160]=NarrowOop }
                      ;*new {reexecute=0 rethrow=0 return_oop=0}
                      ; - java.util.jar.Manifest::getTrustedAttributes@28 (line 179)
                      ; - java.util.jar.JavaUtilJarAccessImpl::getTrustedAttributes@2 (line 38)
                      ; - java.net.URLClassLoader::isSealed@18 (line 601)
                      ; - java.net.URLClassLoader::getAndVerifyPackage@68 (line 469)
                      ; - java.net.URLClassLoader::defineClass@46 (line 492)
                      ; - java.net.URLClassLoader$1::run@43 (line 427)
                      ; - java.net.URLClassLoader$1::run@1 (line 421)
                      ; - java.security.AccessController::executePrivileged@29 (line 809)
                      ; - java.security.AccessController::doPrivileged@13 (line 714)
  0x00007ffbbc6a8fe8: 9415 77ff 

  0x00007ffbbc6a8fec: ;   {other}
  0x00007ffbbc6a8fec: 0f1f 8400 | 5c2b 001b | bb2f 0000 | 00e9 8bdf | ffff bb2f | 0000 00e9 | c6e0 ffff | 0fb6 7b11 
  0x00007ffbbc6a900c: 85ff 0f85 | 950d 0000 | 0fbe 7b10 | 85ff 660f | 1f44 0000 | 0f85 322d | 0000 4489 | 4c24 1c48 
  0x00007ffbbc6a902c: 894c 2460 | 4489 4424 | 184c 895c | 2430 448b | 5b14 498b | e949 8bf3 

  0x00007ffbbc6a9044: ;   {static_call}
  0x00007ffbbc6a9044: c5f8 77e8 

  0x00007ffbbc6a9048: ; ImmutableOopMap {rbp=Oop [24]=NarrowOop [28]=NarrowOop [32]=Oop [40]=Oop [48]=Oop [56]=Oop [64]=Oop [72]=Oop [96]=Oop [152]=NarrowOop [160]=NarrowOop [168]=Oop }
                      ;*invokestatic hashCode {reexecute=0 rethrow=0 return_oop=0}
                      ; - java.lang.String::hashCode@27 (line 2369)
                      ; - java.util.concurrent.ConcurrentHashMap::get@1 (line 936)
                      ; - java.lang.ClassLoader::getDefinedPackage@13 (line 2263)
                      ; - java.net.URLClassLoader::getAndVerifyPackage@2 (line 457)
                      ; - java.net.URLClassLoader::defineClass@46 (line 492)
                      ; - java.net.URLClassLoader$1::run@43 (line 427)
                      ; - java.net.URLClassLoader$1::run@1 (line 421)
                      ; - java.security.AccessController::executePrivileged@29 (line 809)
                      ; - java.security.AccessController::doPrivileged@13 (line 714)
  0x00007ffbbc6a9048: 74dc e3ff 

  0x00007ffbbc6a904c: ;   {other}
  0x00007ffbbc6a904c: 0f1f 8400 | bc2b 001c | 85c0 0f84 | 920c 0000 | 488b 9c24 | a800 0000 | 8943 0c4c | 8b5c 2430 
  0x00007ffbbc6a906c: 448b 4424 | 1848 8b4c | 2460 448b | 4c24 1c0f | 1f44 0000 | e9b4 e7ff | ff4c 899c | 24a8 0000 
  0x00007ffbbc6a908c: 00e9 a3e5 | ffff 4c89 | 4424 704c | 895c 2468 | 4489 5424 | 6048 636c | 2418 4889 | 6c24 788b 
  0x00007ffbbc6a90ac: 6c24 1881 | fd00 0010 | 000f 8729 | 1400 004d | 8b97 b801 | 0000 4d8b | c24c 8b5c | 2478 4983 
  0x00007ffbbc6a90cc: c317 4983 | e3f8 4d03 | d366 6666 | 0f1f 8400 | 0000 0000 | 4d3b 97c8 | 0100 000f | 83f7 1300 
  0x00007ffbbc6a90ec: 004d 8997 | b801 0000 | 410f 0d8a | 0001 0000 | 49c7 0001 | 0000 0041 | 0f0d 8a40 

  0x00007ffbbc6a9108: ;   {metadata({type array byte})}
  0x00007ffbbc6a9108: 0100 0041 | c740 0868 | 2200 0041 | 8968 0c41 | 0f0d 8a80 | 0100 004d | 8bd0 498b | f248 83c6 
  0x00007ffbbc6a9128: 1049 8bda | 4c8b 5424 | 7849 83c2 | 0749 c1ea | 0348 8b7c | 2470 498b | d2c5 f877 | 49ba 805a 
  0x00007ffbbc6a9148: dfbb fb7f | 0000 41ff 

  0x00007ffbbc6a9150: ;   {other}
  0x00007ffbbc6a9150: d20f 1f84 | 0000 0000 | 00e9 7ce4 | ffff 41b8 | 2f00 0000 | e984 efff | ff45 85c9 | 0f85 b30e 
  0x00007ffbbc6a9170: 0000 4c8b | 9424 8000 | 0000 450f | be42 1090 | 4585 c00f | 85cf 2d00 | 0049 8bf3 | 448b 9c24 
  0x00007ffbbc6a9190: 8c00 0000 | 498b eb4c | 8b94 2480 | 0000 004c | 8954 2470 

  0x00007ffbbc6a91a4: ;   {static_call}
  0x00007ffbbc6a91a4: c5f8 77e8 

  0x00007ffbbc6a91a8: ; ImmutableOopMap {rbp=Oop [32]=Oop [40]=Oop [48]=Oop [56]=Oop [64]=Oop [72]=Oop [104]=Oop [112]=Oop [128]=Oop [136]=NarrowOop [140]=NarrowOop [152]=NarrowOop [156]=NarrowOop [160]=NarrowOop }
                      ;*invokestatic hashCode {reexecute=0 rethrow=0 return_oop=0}
                      ; - java.lang.String::hashCode@27 (line 2369)
                      ; - java.util.concurrent.ConcurrentHashMap::get@1 (line 936)
                      ; - java.lang.ClassLoader::definePackage@47 (line 2125)
                      ; - java.lang.ClassLoader::getDefinedPackage@32 (line 2267)
                      ; - java.net.URLClassLoader::getAndVerifyPackage@2 (line 457)
                      ; - java.net.URLClassLoader::defineClass@46 (line 492)
                      ; - java.net.URLClassLoader$1::run@43 (line 427)
                      ; - java.net.URLClassLoader$1::run@1 (line 421)
                      ; - java.security.AccessController::executePrivileged@29 (line 809)
                      ; - java.security.AccessController::doPrivileged@13 (line 714)
  0x00007ffbbc6a91a8: d48f 76ff 

  0x00007ffbbc6a91ac: ;   {other}
  0x00007ffbbc6a91ac: 0f1f 8400 | 1c2d 001d | 85c0 0f84 | 2d0e 0000 | 4c8b 5424 | 7041 8942 | 0ce9 87e9 | ffff 450f 
  0x00007ffbbc6a91cc: b659 1145 | 85db 0f85 | 540e 0000 | 450f be59 | 1066 6690 | 4585 db0f | 85df 2d00 | 0089 4c24 
  0x00007ffbbc6a91ec: 644c 8954 | 2418 458b | 5114 4c89 | 4c24 5848 | 8bef 897c | 2460 498b | f266 6690 

  0x00007ffbbc6a9208: ;   {static_call}
  0x00007ffbbc6a9208: c5f8 77e8 

  0x00007ffbbc6a920c: ; ImmutableOopMap {rbp=Oop [24]=Oop [32]=Oop [40]=Oop [48]=Oop [56]=Oop [64]=Oop [72]=Oop [88]=Oop [96]=NarrowOop [104]=Oop [128]=Oop [152]=NarrowOop [156]=NarrowOop [160]=NarrowOop }
                      ;*invokestatic hashCode {reexecute=0 rethrow=0 return_oop=0}
                      ; - java.lang.String::hashCode@27 (line 2369)
                      ; - java.util.HashMap::hash@9 (line 338)
                      ; - java.util.HashMap::getNode@23 (line 576)
                      ; - java.util.HashMap::get@2 (line 564)
                      ; - java.util.jar.Manifest::getAttributes@5 (line 160)
                      ; - java.util.jar.Manifest::getTrustedAttributes@2 (line 177)
                      ; - java.util.jar.JavaUtilJarAccessImpl::getTrustedAttributes@2 (line 38)
                      ; - java.net.URLClassLoader::isSealed@18 (line 601)
                      ; - java.net.URLClassLoader::getAndVerifyPackage@68 (line 469)
                      ; - java.net.URLClassLoader::defineClass@46 (line 492)
                      ; - java.net.URLClassLoader$1::run@43 (line 427)
                      ; - java.net.URLClassLoader$1::run@1 (line 421)
                      ; - java.security.AccessController::executePrivileged@29 (line 809)
                      ; - java.security.AccessController::doPrivileged@13 (line 714)
  0x00007ffbbc6a920c: 708f 76ff 

  0x00007ffbbc6a9210: ;   {other}
  0x00007ffbbc6a9210: 0f1f 8400 | 802d 001e | 85c0 660f | 1f44 0000 | 0f84 d40d | 0000 4c8b | 4c24 5841 | 8941 0c44 
  0x00007ffbbc6a9230: 8bd0 41c1 | ea10 4433 | d08b 4c24 | 6441 23ca | 458b da4c | 8b54 2418 | 8b7c 2460 | 458b c3e9 
  0x00007ffbbc6a9250: 70fc ffff | 4c8b 5424 | 184c 8b4c | 2458 448b | 4424 608b | 7c24 648b | 4f18 85c9 | 0f84 78ef 
  0x00007ffbbc6a9270: ffff 8b5f | 0866 6666 | 0f1f 8400 | 0000 0000 

  0x00007ffbbc6a9280: ;   {metadata('java/util/HashMap$TreeNode')}
  0x00007ffbbc6a9280: 81fb a898 | 1a00 0f85 | 3a01 0000 | 4c89 4c24 | 584c 8954 | 2418 488b | f541 8bd0 | 498b c948 
  0x00007ffbbc6a92a0: 8b6c 2440 

  0x00007ffbbc6a92a4: ;   {optimized virtual_call}
  0x00007ffbbc6a92a4: c5f8 77e8 

  0x00007ffbbc6a92a8: ; ImmutableOopMap {rbp=Oop [24]=Oop [32]=Oop [40]=Oop [48]=Oop [56]=Oop [64]=Oop [72]=Oop [88]=Oop [104]=Oop [128]=Oop [152]=NarrowOop [156]=NarrowOop [160]=NarrowOop }
                      ;*invokevirtual getTreeNode {reexecute=0 rethrow=0 return_oop=1}
                      ; - java.util.HashMap::getNode@95 (line 582)
                      ; - java.util.HashMap::get@2 (line 564)
                      ; - java.util.jar.Manifest::getAttributes@5 (line 160)
                      ; - java.util.jar.Manifest::getTrustedAttributes@2 (line 177)
                      ; - java.util.jar.JavaUtilJarAccessImpl::getTrustedAttributes@2 (line 38)
                      ; - java.net.URLClassLoader::isSealed@18 (line 601)
                      ; - java.net.URLClassLoader::getAndVerifyPackage@68 (line 469)
                      ; - java.net.URLClassLoader::defineClass@46 (line 492)
                      ; - java.net.URLClassLoader$1::run@43 (line 427)
                      ; - java.net.URLClassLoader$1::run@1 (line 421)
                      ; - java.security.AccessController::executePrivileged@29 (line 809)
                      ; - java.security.AccessController::doPrivileged@13 (line 714)
  0x00007ffbbc6a92a8: d484 76ff 

  0x00007ffbbc6a92ac: ;   {other}
  0x00007ffbbc6a92ac: 0f1f 8400 | 1c2e 001f | 4885 c00f | 8428 efff | ff48 8be8 | 4c8b 5424 | 184c 8b4c | 2458 e963 
  0x00007ffbbc6a92cc: fcff ff41 | bb2f 0000 | 00e9 d9f8 | ffff 49b9 | 00e0 99b3 | fb7f 0000 | e993 eeff | ff4c 8b54 
  0x00007ffbbc6a92ec: 2418 4c8b | 4424 588b | 5c24 6048 | 8b7c 2470 | 448b 4d18 | 4585 c90f | 84a4 f0ff | ff8b 4d08 
  0x00007ffbbc6a930c: ;   {metadata('java/util/HashMap$TreeNode')}
  0x00007ffbbc6a930c: 81f9 a898 | 1a00 0f85 | cd01 0000 | 4c89 4424 | 1849 8bea | 488b f78b 

  0x00007ffbbc6a9324: ;   {oop(a 'java/util/jar/Attributes$Name'{0x00000000ffed0220})}
  0x00007ffbbc6a9324: d348 b920 | 02ed ff00 | 0000 004c | 8b94 2480 | 0000 004c | 8954 2478 

  0x00007ffbbc6a933c: ;   {optimized virtual_call}
  0x00007ffbbc6a933c: c5f8 77e8 

  0x00007ffbbc6a9340: ; ImmutableOopMap {rbp=Oop [24]=Oop [32]=Oop [40]=Oop [48]=Oop [56]=Oop [64]=Oop [72]=Oop [104]=Oop [120]=Oop [128]=Oop [152]=NarrowOop [156]=NarrowOop [160]=NarrowOop }
                      ;*invokevirtual getTreeNode {reexecute=0 rethrow=0 return_oop=1}
                      ; - java.util.HashMap::getNode@95 (line 582)
                      ; - java.util.LinkedHashMap::get@2 (line 536)
                      ; - java.util.jar.Attributes::get@5 (line 106)
                      ; - java.util.jar.Attributes::getValue@2 (line 142)
                      ; - java.net.URLClassLoader::isSealed@58 (line 608)
                      ; - java.net.URLClassLoader::getAndVerifyPackage@68 (line 469)
                      ; - java.net.URLClassLoader::defineClass@46 (line 492)
                      ; - java.net.URLClassLoader$1::run@43 (line 427)
                      ; - java.net.URLClassLoader$1::run@1 (line 421)
                      ; - java.security.AccessController::executePrivileged@29 (line 809)
                      ; - java.security.AccessController::doPrivileged@13 (line 714)
  0x00007ffbbc6a9340: 3c84 76ff 

  0x00007ffbbc6a9344: ;   {other}
  0x00007ffbbc6a9344: 0f1f 8400 | b42e 0020 | 4885 c00f | 8458 f0ff | ff4c 8bd5 | 4c8b 4424 | 1848 8bf8 | e952 efff 
  0x00007ffbbc6a9364: ff41 83f8 | 030f 863a | 2e00 0045 | 0fbe 5911 | 4183 fb72 | 0f84 5b02 | 0000 be72 | 0000 00bb 
  0x00007ffbbc6a9384: 0200 0000 | 458b c38b | d3e9 e8ef | ffff 4489 | 4424 7448 | 8b74 2468 | ba01 0000 | 0066 6690 
  0x00007ffbbc6a93a4: ;   {optimized virtual_call}
  0x00007ffbbc6a93a4: c5f8 77e8 

  0x00007ffbbc6a93a8: ; ImmutableOopMap {rbp=NarrowOop [32]=Oop [40]=Oop [56]=Oop [64]=Oop [72]=Oop [88]=Oop [96]=Oop [104]=Oop [152]=NarrowOop [156]=NarrowOop [160]=NarrowOop [168]=Oop }
                      ;*invokevirtual getManifestName {reexecute=0 rethrow=0 return_oop=1}
                      ; - java.util.zip.ZipFile$1::getManifestName@2 (line 1129)
                      ; - java.util.jar.JarFile::maybeInstantiateVerifier@20 (line 722)
                      ; - java.util.jar.JarFile::ensureInitialization@1 (line 1064)
                      ; - java.util.jar.JavaUtilJarAccessImpl::ensureInitialization@1 (line 42)
                      ; - jdk.internal.loader.URLClassPath$JarLoader$2::getManifest@10 (line 852)
                      ; - java.net.URLClassLoader::defineClass@34 (line 491)
                      ; - java.net.URLClassLoader$1::run@43 (line 427)
                      ; - java.net.URLClassLoader$1::run@1 (line 421)
                      ; - java.security.AccessController::executePrivileged@29 (line 809)
                      ; - java.security.AccessController::doPrivileged@13 (line 714)
  0x00007ffbbc6a93a8: d44a 42f8 

  0x00007ffbbc6a93ac: ;   {other}
  0x00007ffbbc6a93ac: 0f1f 8400 | 1c2f 0021 | 4885 c00f | 8579 0c00 | 0044 8865 | 12e9 57e3 | ffff 488b | e9eb 284c 
  0x00007ffbbc6a93cc: 8b54 2418 | 4c8b 4c24 | 5844 8b44 | 2460 498b | 9750 0400 | 0044 8b5d 

  0x00007ffbbc6a93e4: ; ImmutableOopMap {r10=Oop r11=NarrowOop r9=Oop [32]=Oop [40]=Oop [48]=Oop [56]=Oop [64]=Oop [72]=Oop [104]=Oop [128]=Oop [152]=NarrowOop [156]=NarrowOop [160]=NarrowOop }
                      ;*ifnonnull {reexecute=1 rethrow=0 return_oop=0}
                      ; - (reexecute) java.util.HashMap::getNode@145 (line 587)
                      ; - java.util.HashMap::get@2 (line 564)
                      ; - java.util.jar.Manifest::getAttributes@5 (line 160)
                      ; - java.util.jar.Manifest::getTrustedAttributes@2 (line 177)
                      ; - java.util.jar.JavaUtilJarAccessImpl::getTrustedAttributes@2 (line 38)
                      ; - java.net.URLClassLoader::isSealed@18 (line 601)
                      ; - java.net.URLClassLoader::getAndVerifyPackage@68 (line 469)
                      ; - java.net.URLClassLoader::defineClass@46 (line 492)
                      ; - java.net.URLClassLoader$1::run@43 (line 427)
                      ; - java.net.URLClassLoader$1::run@1 (line 421)
                      ; - java.security.AccessController::executePrivileged@29 (line 809)
                      ; - java.security.AccessController::doPrivileged@13 (line 714)
                      ;   {poll}
  0x00007ffbbc6a93e4: 1885 0245 | 85db 0f84 | faed ffff | 498b eb8b | 5d0c 413b | d875 df8b | 4d10 488b | d149 3bd1 
  0x00007ffbbc6a9404: 0f84 28fb | ffff 4489 | 4424 604c | 894c 2458 | 4c89 5424 | 1849 8bf1 

  0x00007ffbbc6a941c: ;   {optimized virtual_call}
  0x00007ffbbc6a941c: c5f8 77e8 

  0x00007ffbbc6a9420: ; ImmutableOopMap {rbp=Oop [24]=Oop [32]=Oop [40]=Oop [48]=Oop [56]=Oop [64]=Oop [72]=Oop [88]=Oop [104]=Oop [128]=Oop [152]=NarrowOop [156]=NarrowOop [160]=NarrowOop }
                      ;*invokevirtual equals {reexecute=0 rethrow=0 return_oop=0}
                      ; - java.util.HashMap::getNode@128 (line 585)
                      ; - java.util.HashMap::get@2 (line 564)
                      ; - java.util.jar.Manifest::getAttributes@5 (line 160)
                      ; - java.util.jar.Manifest::getTrustedAttributes@2 (line 177)
                      ; - java.util.jar.JavaUtilJarAccessImpl::getTrustedAttributes@2 (line 38)
                      ; - java.net.URLClassLoader::isSealed@18 (line 601)
                      ; - java.net.URLClassLoader::getAndVerifyPackage@68 (line 469)
                      ; - java.net.URLClassLoader::defineClass@46 (line 492)
                      ; - java.net.URLClassLoader$1::run@43 (line 427)
                      ; - java.net.URLClassLoader$1::run@1 (line 421)
                      ; - java.security.AccessController::executePrivileged@29 (line 809)
                      ; - java.security.AccessController::doPrivileged@13 (line 714)
  0x00007ffbbc6a9420: 5c83 76ff 

  0x00007ffbbc6a9424: ;   {other}
  0x00007ffbbc6a9424: 0f1f 8400 | 942f 0023 | 85c0 749b | 4c8b 5424 | 184c 8b4c | 2458 e9f3 | faff ff4c | 8944 2458 
  0x00007ffbbc6a9444: 4c8b d54c | 8954 2420 | 498b f2ba | 0100 0000 

  0x00007ffbbc6a9454: ;   {optimized virtual_call}
  0x00007ffbbc6a9454: c5f8 77e8 

  0x00007ffbbc6a9458: ; ImmutableOopMap {rbp=NarrowOop [32]=Oop [40]=Oop [48]=Oop [56]=Oop [64]=Oop [72]=Oop [88]=Oop [96]=Oop [152]=NarrowOop [156]=NarrowOop [160]=NarrowOop }
                      ;*invokevirtual getManifestName {reexecute=0 rethrow=0 return_oop=1}
                      ; - java.util.zip.ZipFile$1::getManifestName@2 (line 1129)
                      ; - java.util.jar.JarFile::maybeInstantiateVerifier@20 (line 722)
                      ; - java.util.jar.JarFile$JarFileEntry::getCodeSigners@4 (line 670)
                      ; - jdk.internal.loader.URLClassPath$JarLoader$2::getCodeSigners@4 (line 858)
                      ; - java.net.URLClassLoader::defineClass@185 (line 521)
                      ; - java.net.URLClassLoader$1::run@43 (line 427)
                      ; - java.net.URLClassLoader$1::run@1 (line 421)
                      ; - java.security.AccessController::executePrivileged@29 (line 809)
                      ; - java.security.AccessController::doPrivileged@13 (line 714)
  0x00007ffbbc6a9458: 2483 76ff 

  0x00007ffbbc6a945c: ;   {other}
  0x00007ffbbc6a945c: 0f1f 8400 | cc2f 0024 | 4885 c00f | 85e5 0d00 | 0044 8865 | 124c 8b5c | 2430 4c8b | 4424 580f 
  0x00007ffbbc6a947c: 1f44 0000 | e94a f2ff | ffbb 0100 | 0000 3bda | 7d1d 6690 | 410f be44 | 1810 83f8 | 2e75 0a8b 
  0x00007ffbbc6a949c: eb66 6690 | e929 d9ff | ffff c33b | da7c e54d | 8bd8 4d8b | cb48 8bde | e97e dcff | ff0f 1f80 
  0x00007ffbbc6a94bc: 0000 0000 

  0x00007ffbbc6a94c0: ;   {metadata('jdk/internal/loader/URLClassPath$FileLoader$1')}
  0x00007ffbbc6a94c0: 4181 fa30 | fd54 010f | 8537 2d00 | 0049 8bd5 | 448b 521c 

  0x00007ffbbc6a94d4: ; implicit exception: dispatches to 0x00007ffbbc6ace24
  0x00007ffbbc6a94d4: 458b 520c | 4489 9424 | 9800 0000 | e907 dfff | ff49 8bf9 | eb28 4c8b | d54c 8b44 | 2418 8b5c 
  0x00007ffbbc6a94f4: 2458 488b | 7c24 6049 | 8b8f 5004 | 0000 8b57 

  0x00007ffbbc6a9504: ; ImmutableOopMap {r10=Oop r8=Oop rdx=NarrowOop [32]=Oop [40]=Oop [48]=Oop [56]=Oop [64]=Oop [72]=Oop [104]=Oop [128]=Oop [152]=NarrowOop [156]=NarrowOop [160]=NarrowOop }
                      ;*ifnonnull {reexecute=1 rethrow=0 return_oop=0}
                      ; - (reexecute) java.util.HashMap::getNode@145 (line 587)
                      ; - java.util.LinkedHashMap::get@2 (line 536)
                      ; - java.util.jar.Attributes::get@5 (line 106)
                      ; - java.util.jar.Attributes::getValue@2 (line 142)
                      ; - java.net.URLClassLoader::isSealed@58 (line 608)
                      ; - java.net.URLClassLoader::getAndVerifyPackage@68 (line 469)
                      ; - java.net.URLClassLoader::defineClass@46 (line 492)
                      ; - java.net.URLClassLoader$1::run@43 (line 427)
                      ; - java.net.URLClassLoader$1::run@1 (line 421)
                      ; - java.security.AccessController::executePrivileged@29 (line 809)
                      ; - java.security.AccessController::doPrivileged@13 (line 714)
                      ;   {poll}
  0x00007ffbbc6a9504: 1885 0185 | d20f 849e | eeff ff48 | 8bfa 8b4f | 0c3b cb75 | e244 8b5f | 1066 6690 

  0x00007ffbbc6a9520: ;   {oop(a 'java/util/jar/Attributes$Name'{0x00000000ffed0220})}
  0x00007ffbbc6a9520: 4181 fb20 | 02ed ff0f | 848a edff | ff48 897c | 2460 895c | 2458 4c89 | 4424 1849 | 8bea 498b 
  0x00007ffbbc6a9540: ;   {oop(a 'java/util/jar/Attributes$Name'{0x00000000ffed0220})}
  0x00007ffbbc6a9540: d348 be20 | 02ed ff00 | 0000 0090 

  0x00007ffbbc6a954c: ;   {optimized virtual_call}
  0x00007ffbbc6a954c: c5f8 77e8 

  0x00007ffbbc6a9550: ; ImmutableOopMap {rbp=Oop [24]=Oop [32]=Oop [40]=Oop [48]=Oop [56]=Oop [64]=Oop [72]=Oop [96]=Oop [104]=Oop [128]=Oop [152]=NarrowOop [156]=NarrowOop [160]=NarrowOop }
                      ;*invokevirtual equals {reexecute=0 rethrow=0 return_oop=0}
                      ; - java.util.HashMap::getNode@128 (line 585)
                      ; - java.util.LinkedHashMap::get@2 (line 536)
                      ; - java.util.jar.Attributes::get@5 (line 106)
                      ; - java.util.jar.Attributes::getValue@2 (line 142)
                      ; - java.net.URLClassLoader::isSealed@58 (line 608)
                      ; - java.net.URLClassLoader::getAndVerifyPackage@68 (line 469)
                      ; - java.net.URLClassLoader::defineClass@46 (line 492)
                      ; - java.net.URLClassLoader$1::run@43 (line 427)
                      ; - java.net.URLClassLoader$1::run@1 (line 421)
                      ; - java.security.AccessController::executePrivileged@29 (line 809)
                      ; - java.security.AccessController::doPrivileged@13 (line 714)
  0x00007ffbbc6a9550: 2c82 76ff 

  0x00007ffbbc6a9554: ;   {other}
  0x00007ffbbc6a9554: 0f1f 8400 | c430 0026 | 0f1f 4000 | 85c0 7486 | 4c8b d54c | 8b44 2418 | 488b 7c24 | 60e9 41ed 
  0x00007ffbbc6a9574: ffff 4c89 | 4424 184c | 8954 2430 | 498b f248 | 8b6c 2440 | 6690 c5f8 | 7748 b8ff | ffff ffff 
  0x00007ffbbc6a9594: ;   {virtual_call}
  0x00007ffbbc6a9594: ffff ffe8 

  0x00007ffbbc6a9598: ; ImmutableOopMap {rbp=Oop [40]=Oop [48]=Oop [56]=Oop [64]=Oop [72]=Oop [152]=NarrowOop [156]=NarrowOop [160]=NarrowOop }
                      ;*invokevirtual getBytes {reexecute=0 rethrow=0 return_oop=1}
                      ; - java.net.URLClassLoader::defineClass@179 (line 519)
                      ; - java.net.URLClassLoader$1::run@43 (line 427)
                      ; - java.net.URLClassLoader$1::run@1 (line 421)
                      ; - java.security.AccessController::executePrivileged@29 (line 809)
                      ; - java.security.AccessController::doPrivileged@13 (line 714)
  0x00007ffbbc6a9598: e486 76ff 

  0x00007ffbbc6a959c: ;   {other}
  0x00007ffbbc6a959c: 0f1f 8400 | 0c31 0027 | 4889 4424 | 60e9 bbf0 

  0x00007ffbbc6a95ac: ;   {metadata('jdk/internal/loader/URLClassPath$FileLoader$1')}
  0x00007ffbbc6a95ac: ffff 4181 | f830 fd54 | 010f 8599 | 2c00 0033 | ed66 6690 | e929 f1ff 

  0x00007ffbbc6a95c4: ;   {metadata('jdk/internal/loader/URLClassPath$FileLoader$1')}
  0x00007ffbbc6a95c4: ff41 81f8 | 30fd 5401 | 0f85 c22c | 0000 33c9 | e933 e2ff | ff41 0fbe | 4912 6690 | 83f9 750f 
  0x00007ffbbc6a95e4: 8488 0600 | 00be 7500 | 0000 41bb | 0300 0000 | e97b edff | ff48 897c | 2468 4889 | 5c24 604c 
  0x00007ffbbc6a9604: 894c 2458 | 4489 8424 | 9c00 0000 | 4c89 5c24 | 304c 8b54 | 2420 4c89 | 5424 1849 | 8bf2 488b 
  0x00007ffbbc6a9624: d333 c945 | 33c0 4533 | c933 ff45 | 33d2 4c89 | 1424 4c89 | 5424 084c | 8954 2410 

  0x00007ffbbc6a9640: ;   {optimized virtual_call}
  0x00007ffbbc6a9640: c5f8 77e8 

  0x00007ffbbc6a9644: ; ImmutableOopMap {[24]=Oop [40]=Oop [48]=Oop [56]=Oop [64]=Oop [72]=Oop [96]=Oop [104]=Oop [152]=NarrowOop [156]=NarrowOop [160]=NarrowOop }
                      ;*invokevirtual definePackage {reexecute=0 rethrow=0 return_oop=1}
                      ; - java.net.URLClassLoader::defineClass@81 (line 497)
                      ; - java.net.URLClassLoader$1::run@43 (line 427)
                      ; - java.net.URLClassLoader$1::run@1 (line 421)
                      ; - java.security.AccessController::executePrivileged@29 (line 809)
                      ; - java.security.AccessController::doPrivileged@13 (line 714)
  0x00007ffbbc6a9644: 3881 76ff 

  0x00007ffbbc6a9648: ;   {other}
  0x00007ffbbc6a9648: 0f1f 8400 | b831 0028 | e983 ebff | ff49 b800 | e099 b3fb | 7f00 0090 | e950 edff 

  0x00007ffbbc6a9664: ;   {metadata('jdk/internal/loader/URLClassPath$FileLoader$1')}
  0x00007ffbbc6a9664: ff41 81fb | 30fd 5401 | 0f85 ca2c | 0000 498b | ca49 8b87 | b801 0000 | 4c8b c849 | 83c1 204d 
  0x00007ffbbc6a9684: 3b8f c801 | 0000 0f83 | a823 0000 | 488b e944 | 895c 2420 | 4c89 4424 | 184c 8954 | 2430 4d89 
  0x00007ffbbc6a96a4: 8fb8 0100 | 004c 8bd0 | 4983 c210 | 48c7 0001 | 0000 0041 | 0f0d 8900 

  0x00007ffbbc6a96bc: ;   {metadata('java/io/FileInputStream')}
  0x00007ffbbc6a96bc: 0100 00c7 | 4008 f817 | 0100 4489 | 600c c5fd | efc0 62d1 | fe08 7f02 | 4c8b d84c | 8bc5 8b6d 
  0x00007ffbbc6a96dc: 1849 8b87 | b801 0000 | 4c8b d049 | 83c2 104d | 3b97 c801 | 0000 0f83 | 7123 0000 | 4d89 97b8 
  0x00007ffbbc6a96fc: 0100 0041 | 0f0d 8a00 | 0100 0048 | c700 0100 

  0x00007ffbbc6a970c: ;   {metadata('java/lang/Object')}
  0x00007ffbbc6a970c: 0000 c740 | 0870 0e00 | 0044 8960 | 0c4c 8944 | 2458 4c89 | 5c24 604c | 8b54 2460 | 4c8b d84c 
  0x00007ffbbc6a972c: 8b44 2460 | 4589 581c | 4c8b d84d | 33da 49c1 | eb14 6690 | 4d85 db74 | 1a49 c1ea | 0948 bf00 
  0x00007ffbbc6a974c: e099 b3fb | 7f00 0049 | 03fa 803f | 020f 8586 | 0f00 0090 | 85ed 0f84 | af08 0000 | 448b 5d10 
  0x00007ffbbc6a976c: 4c8b c54d | 8bd3 4d8b | d84c 8954 | 2468 498b | eb66 6690 

  0x00007ffbbc6a9780: ;   {static_call}
  0x00007ffbbc6a9780: c5f8 77e8 

  0x00007ffbbc6a9784: ; ImmutableOopMap {rbp=Oop [40]=Oop [48]=Oop [56]=Oop [64]=Oop [72]=Oop [88]=Oop [96]=Oop [104]=Oop [152]=NarrowOop [156]=NarrowOop [160]=NarrowOop }
                      ;*invokestatic getSecurityManager {reexecute=0 rethrow=0 return_oop=1}
                      ; - java.io.FileInputStream::<init>@28 (line 139)
                      ; - jdk.internal.loader.URLClassPath$FileLoader$1::getInputStream@8 (line 1119)
                      ; - jdk.internal.loader.Resource::cachedInputStream@9 (line 77)
                      ; - jdk.internal.loader.Resource::getByteBuffer@1 (line 163)
                      ; - java.net.URLClassLoader::defineClass@132 (line 511)
                      ; - java.net.URLClassLoader$1::run@43 (line 427)
                      ; - java.net.URLClassLoader$1::run@1 (line 421)
                      ; - java.security.AccessController::executePrivileged@29 (line 809)
                      ; - java.security.AccessController::doPrivileged@13 (line 714)
  0x00007ffbbc6a9784: f889 76ff 

  0x00007ffbbc6a9788: ;   {other}
  0x00007ffbbc6a9788: 0f1f 8400 | f832 0029 | 4885 c074 | 1b48 8bf0 | 488b 5424 | 6866 6690 

  0x00007ffbbc6a97a0: ;   {optimized virtual_call}
  0x00007ffbbc6a97a0: c5f8 77e8 

  0x00007ffbbc6a97a4: ; ImmutableOopMap {rbp=Oop [40]=Oop [48]=Oop [56]=Oop [64]=Oop [72]=Oop [88]=Oop [96]=Oop [104]=Oop [152]=NarrowOop [156]=NarrowOop [160]=NarrowOop }
                      ;*invokevirtual checkRead {reexecute=0 rethrow=0 return_oop=0}
                      ; - java.io.FileInputStream::<init>@38 (line 141)
                      ; - jdk.internal.loader.URLClassPath$FileLoader$1::getInputStream@8 (line 1119)
                      ; - jdk.internal.loader.Resource::cachedInputStream@9 (line 77)
                      ; - jdk.internal.loader.Resource::getByteBuffer@1 (line 163)
                      ; - java.net.URLClassLoader::defineClass@132 (line 511)
                      ; - java.net.URLClassLoader$1::run@43 (line 427)
                      ; - java.net.URLClassLoader$1::run@1 (line 421)
                      ; - java.security.AccessController::executePrivileged@29 (line 809)
                      ; - java.security.AccessController::doPrivileged@13 (line 714)
  0x00007ffbbc6a97a4: d87f 76ff 

  0x00007ffbbc6a97a8: ;   {other}
  0x00007ffbbc6a97a8: 0f1f 8400 | 1833 002a | 4c8b 5424 | 684d 85d2 | 0f84 0e2b | 0000 4c8b | dd4d 85db | 0f84 3a2b 
  0x00007ffbbc6a97c8: 0000 498b | ea49 8bf3 

  0x00007ffbbc6a97d0: ;   {optimized virtual_call}
  0x00007ffbbc6a97d0: c5f8 77e8 

  0x00007ffbbc6a97d4: ; ImmutableOopMap {rbp=Oop [40]=Oop [48]=Oop [56]=Oop [64]=Oop [72]=Oop [88]=Oop [96]=Oop [152]=NarrowOop [156]=NarrowOop [160]=NarrowOop }
                      ;*invokevirtual isInvalid {reexecute=0 rethrow=0 return_oop=0}
                      ; - java.io.FileInputStream::<init>@54 (line 146)
                      ; - jdk.internal.loader.URLClassPath$FileLoader$1::getInputStream@8 (line 1119)
                      ; - jdk.internal.loader.Resource::cachedInputStream@9 (line 77)
                      ; - jdk.internal.loader.Resource::getByteBuffer@1 (line 163)
                      ; - java.net.URLClassLoader::defineClass@132 (line 511)
                      ; - java.net.URLClassLoader$1::run@43 (line 427)
                      ; - java.net.URLClassLoader$1::run@1 (line 421)
                      ; - java.security.AccessController::executePrivileged@29 (line 809)
                      ; - java.security.AccessController::doPrivileged@13 (line 714)
  0x00007ffbbc6a97d4: a87f 76ff 

  0x00007ffbbc6a97d8: ;   {other}
  0x00007ffbbc6a97d8: 0f1f 8400 | 4833 002b | 85c0 0f85 | 982b 0000 | 4d8b 87b8 | 0100 004d | 8bd0 4983 | c228 6666 
  0x00007ffbbc6a97f8: 0f1f 8400 | 0000 0000 | 4d3b 97c8 | 0100 000f | 8388 2200 | 004d 8997 | b801 0000 | 4d8b d849 
  0x00007ffbbc6a9818: 83c3 1849 | c700 0100 | 0000 410f | 0d8a 0001 

  0x00007ffbbc6a9828: ;   {metadata('java/io/FileDescriptor')}
  0x00007ffbbc6a9828: 0000 41c7 | 4008 8022 | 0100 4d8b | d0c5 fdef | c062 d1fe | 087f 034d | 8bca 41c7 | 410c ffff 
  0x00007ffbbc6a9848: ffff 49c7 | 4110 ffff | ffff 4180 | 7f40 000f | 8508 0e00 | 004c 8b44 | 2460 4d8b | d04d 8bd9 
  0x00007ffbbc6a9868: 4589 5810 | 4d8b d94d | 33da 49c1 | eb14 4d85 | db0f 84dc | 0d00 0049 | c1ea 0948 | bf00 e099 
  0x00007ffbbc6a9888: b3fb 7f00 | 0049 03fa | 803f 020f | 859e 0e00 | 0049 8bf1 | 4c89 4424 | 6049 8bd0 

  0x00007ffbbc6a98a4: ;   {optimized virtual_call}
  0x00007ffbbc6a98a4: c5f8 77e8 

  0x00007ffbbc6a98a8: ; ImmutableOopMap {rbp=Oop [40]=Oop [48]=Oop [56]=Oop [64]=Oop [72]=Oop [88]=Oop [96]=Oop [152]=NarrowOop [156]=NarrowOop [160]=NarrowOop }
                      ;*invokevirtual attach {reexecute=0 rethrow=0 return_oop=0}
                      ; - java.io.FileInputStream::<init>@86 (line 150)
                      ; - jdk.internal.loader.URLClassPath$FileLoader$1::getInputStream@8 (line 1119)
                      ; - jdk.internal.loader.Resource::cachedInputStream@9 (line 77)
                      ; - jdk.internal.loader.Resource::getByteBuffer@1 (line 163)
                      ; - java.net.URLClassLoader::defineClass@132 (line 511)
                      ; - java.net.URLClassLoader$1::run@43 (line 427)
                      ; - java.net.URLClassLoader$1::run@1 (line 421)
                      ; - java.security.AccessController::executePrivileged@29 (line 809)
                      ; - java.security.AccessController::doPrivileged@13 (line 714)
  0x00007ffbbc6a98a8: d47e 76ff 

  0x00007ffbbc6a98ac: ;   {other}
  0x00007ffbbc6a98ac: 0f1f 8400 | 1c34 002c | 4180 7f40 | 000f 85ee | 0d00 004c | 8b4c 2460 | 4d8b d148 | 8bcd 4c8b 
  0x00007ffbbc6a98cc: c145 8941 | 144c 8bd9 | 4d33 da49 | c1eb 140f | 1f44 0000 | 4d85 db74 | 1a49 c1ea | 0948 bf00 
  0x00007ffbbc6a98ec: e099 b3fb | 7f00 0049 | 03fa 803f | 020f 8599 | 0e00 0048 | 8be9 4c89 | 4c24 6090 

  0x00007ffbbc6a9908: ;   {static_call}
  0x00007ffbbc6a9908: c5f8 77e8 

  0x00007ffbbc6a990c: ; ImmutableOopMap {rbp=Oop [40]=Oop [48]=Oop [56]=Oop [64]=Oop [72]=Oop [88]=Oop [96]=Oop [152]=NarrowOop [156]=NarrowOop [160]=NarrowOop }
                      ;*invokestatic begin {reexecute=0 rethrow=0 return_oop=0}
                      ; - java.io.FileInputStream::open@0 (line 211)
                      ; - java.io.FileInputStream::<init>@96 (line 152)
                      ; - jdk.internal.loader.URLClassPath$FileLoader$1::getInputStream@8 (line 1119)
                      ; - jdk.internal.loader.Resource::cachedInputStream@9 (line 77)
                      ; - jdk.internal.loader.Resource::getByteBuffer@1 (line 163)
                      ; - java.net.URLClassLoader::defineClass@132 (line 511)
                      ; - java.net.URLClassLoader$1::run@43 (line 427)
                      ; - java.net.URLClassLoader$1::run@1 (line 421)
                      ; - java.security.AccessController::executePrivileged@29 (line 809)
                      ; - java.security.AccessController::doPrivileged@13 (line 714)
  0x00007ffbbc6a990c: 7088 76ff 

  0x00007ffbbc6a9910: ;   {other}
  0x00007ffbbc6a9910: 0f1f 8400 | 8034 002d | 4889 4424 | 6848 8b74 | 2460 488b | d548 8b6c | 2440 6690 

  0x00007ffbbc6a992c: ;   {optimized virtual_call}
  0x00007ffbbc6a992c: c5f8 77e8 

  0x00007ffbbc6a9930: ; ImmutableOopMap {rbp=Oop [40]=Oop [48]=Oop [56]=Oop [64]=Oop [72]=Oop [88]=Oop [96]=Oop [152]=NarrowOop [156]=NarrowOop [160]=NarrowOop }
                      ;*invokevirtual open0 {reexecute=0 rethrow=0 return_oop=0}
                      ; - java.io.FileInputStream::open@6 (line 213)
                      ; - java.io.FileInputStream::<init>@96 (line 152)
                      ; - jdk.internal.loader.URLClassPath$FileLoader$1::getInputStream@8 (line 1119)
                      ; - jdk.internal.loader.Resource::cachedInputStream@9 (line 77)
                      ; - jdk.internal.loader.Resource::getByteBuffer@1 (line 163)
                      ; - java.net.URLClassLoader::defineClass@132 (line 511)
                      ; - java.net.URLClassLoader$1::run@43 (line 427)
                      ; - java.net.URLClassLoader$1::run@1 (line 421)
                      ; - java.security.AccessController::executePrivileged@29 (line 809)
                      ; - java.security.AccessController::doPrivileged@13 (line 714)
  0x00007ffbbc6a9930: 4c7e 76ff 

  0x00007ffbbc6a9934: ;   {other}
  0x00007ffbbc6a9934: 0f1f 8400 | a434 002e | 488b 7424 | 6866 6690 

  0x00007ffbbc6a9944: ;   {static_call}
  0x00007ffbbc6a9944: c5f8 77e8 

  0x00007ffbbc6a9948: ; ImmutableOopMap {rbp=Oop [40]=Oop [48]=Oop [56]=Oop [64]=Oop [72]=Oop [88]=Oop [96]=Oop [152]=NarrowOop [156]=NarrowOop [160]=NarrowOop }
                      ;*invokestatic end {reexecute=0 rethrow=0 return_oop=0}
                      ; - java.io.FileInputStream::open@10 (line 215)
                      ; - java.io.FileInputStream::<init>@96 (line 152)
                      ; - jdk.internal.loader.URLClassPath$FileLoader$1::getInputStream@8 (line 1119)
                      ; - jdk.internal.loader.Resource::cachedInputStream@9 (line 77)
                      ; - jdk.internal.loader.Resource::getByteBuffer@1 (line 163)
                      ; - java.net.URLClassLoader::defineClass@132 (line 511)
                      ; - java.net.URLClassLoader$1::run@43 (line 427)
                      ; - java.net.URLClassLoader$1::run@1 (line 421)
                      ; - java.security.AccessController::executePrivileged@29 (line 809)
                      ; - java.security.AccessController::doPrivileged@13 (line 714)
  0x00007ffbbc6a9948: 3488 76ff 

  0x00007ffbbc6a994c: ;   {other}
  0x00007ffbbc6a994c: 0f1f 8400 | bc34 002f | 4c8b 5424 | 6045 8b5a | 1049 8bf3 

  0x00007ffbbc6a9960: ;   {static_call}
  0x00007ffbbc6a9960: c5f8 77e8 

  0x00007ffbbc6a9964: ; ImmutableOopMap {rbp=Oop [40]=Oop [48]=Oop [56]=Oop [64]=Oop [72]=Oop [88]=Oop [96]=Oop [152]=NarrowOop [156]=NarrowOop [160]=NarrowOop }
                      ;*invokestatic register {reexecute=0 rethrow=0 return_oop=0}
                      ; - java.io.FileInputStream::<init>@103 (line 153)
                      ; - jdk.internal.loader.URLClassPath$FileLoader$1::getInputStream@8 (line 1119)
                      ; - jdk.internal.loader.Resource::cachedInputStream@9 (line 77)
                      ; - jdk.internal.loader.Resource::getByteBuffer@1 (line 163)
                      ; - java.net.URLClassLoader::defineClass@132 (line 511)
                      ; - java.net.URLClassLoader$1::run@43 (line 427)
                      ; - java.net.URLClassLoader$1::run@1 (line 421)
                      ; - java.security.AccessController::executePrivileged@29 (line 809)
                      ; - java.security.AccessController::doPrivileged@13 (line 714)
  0x00007ffbbc6a9964: 1888 76ff 

  0x00007ffbbc6a9968: ;   {other}
  0x00007ffbbc6a9968: 0f1f 8400 | d834 0030 | 488b 5c24 | 60e9 21eb | ffff b901 | 0000 0090 | 3b8c 24a8 | 0000 007d 
  0x00007ffbbc6a9988: 2f66 6690 | 448b 9424 | 8800 0000 | 450f be5c | 0a10 660f | 1f44 0000 | 4183 fb2e | 7507 8be9 
  0x00007ffbbc6a99a8: e94b e5ff | ffff c13b | 8c24 a800 | 0000 7cd4 | 448b 9424 | 8800 0000 | 4d8b da4c | 8b94 2480 
  0x00007ffbbc6a99c8: 0000 004d | 8bc3 4d8b | cae9 58f2 | ffff 4c8b | 4424 6845 | 8b58 1490 | 4585 db0f | 8407 dcff 
  0x00007ffbbc6a99e8: ff4d 8b57 | 2849 8bfb | 4d85 d20f | 846c 1900 | 0048 8b6c | 2468 4d8b | 5f38 4b89 | 7c13 f849 
  0x00007ffbbc6a9a08: 83c2 f84d | 8957 284c | 8bc5 e9d9 | dbff ff4d | 8b57 484d | 8b5f 58f0 | 8344 24c0 | 0080 3f00 
  0x00007ffbbc6a9a28: 0f84 fbdb | ffff 4488 | 274d 85d2 | 7526 498b | d849 8bf7 | c5f8 7749 | ba80 cfaf | d0fb 7f00 
  0x00007ffbbc6a9a48: 0041 ffd2 

  0x00007ffbbc6a9a4c: ;   {other}
  0x00007ffbbc6a9a4c: 0f1f 8400 | 0000 0000 | 4c8b c3e9 | cddb ffff | 4b89 7c13 | f849 83c2 | f84d 8957 | 48e9 bbdb 
  0x00007ffbbc6a9a6c: ffff 4863 | d54c 8d5a | 104d 8bd3 | 4983 e2f8 | 488b fb49 | 03fa 49c1 | eb03 4d8b | d04d 2bd3 
  0x00007ffbbc6a9a8c: 498b ca48 | 33c0 4883 | f908 7f10 | 48ff c978 | 5648 8904 | cf48 ffc9 | 7df7 eb4b | c5fd efc0 
  0x00007ffbbc6a9aac: e90d 0000 | 00c5 fe7f | 07c5 fe7f | 4720 4883 | c740 4883 | e908 7ded | 4883 c104 | 7c0c c5fe 
  0x00007ffbbc6a9acc: 7f07 4883 | c720 4883 | e904 4883 | c104 7e17 | 48c7 c0ff | ffff ffc4 | e2f0 f5c0 | c4e1 fb92 
  0x00007ffbbc6a9aec: f862 f1fe | 2f7f 0748 | 83fa 2077 | 304c 63d5 | 49bb ffff | ffff ffff | ffff c442 | a8f5 dbc4 
  0x00007ffbbc6a9b0c: c1fb 92fb | 4c8b 5424 | 7062 d17f | af6f 024d | 8bd1 62d1 | 7f2f 7f02 | e9b1 daff | ff48 8b7c 
  0x00007ffbbc6a9b2c: 2470 498b | f1c5 f877 | 49ba c039 | dfbb fb7f | 0000 41ff 

  0x00007ffbbc6a9b40: ;   {other}
  0x00007ffbbc6a9b40: d20f 1f84 | 0000 0000 | 00e9 8cda 

  0x00007ffbbc6a9b4c: ;   {oop(""{0x00000000ffe00000})}
  0x00007ffbbc6a9b4c: ffff 49b8 | 0000 e0ff | 0000 0000 | e9d0 daff | ff4c 8b44 | 2420 458b | 5820 4585 | db0f 8421 
  0x00007ffbbc6a9b6c: ecff ff4d | 8b57 2849 | 8bfb 4d85 | d20f 840b | 1800 004d | 8b5f 384b | 897c 13f8 | 4983 c2f8 
  0x00007ffbbc6a9b8c: 4d89 5728 | e9fb ebff | ff4d 8b57 | 584d 8b5f | 48f0 8344 | 24c0 0080 | 3f00 0f84 | 1dec ffff 
  0x00007ffbbc6a9bac: 4488 274d | 85db 7526 | 498b d849 | 8bf7 c5f8 | 7749 ba80 | cfaf d0fb | 7f00 0041 

  0x00007ffbbc6a9bc8: ;   {other}
  0x00007ffbbc6a9bc8: ffd2 0f1f | 8400 0000 | 0000 4c8b | c3e9 efeb | ffff 4b89 | 7c1a f849 | 83c3 f84d | 895f 48e9 
  0x00007ffbbc6a9be8: ddeb ffff | 488b ef49 | 8bf2 c5f8 | 7748 b890 | 8a01 94fb 

  0x00007ffbbc6a9bfc: ;   {virtual_call}
  0x00007ffbbc6a9bfc: 7f00 00e8 

  0x00007ffbbc6a9c00: ; ImmutableOopMap {rbp=Oop [56]=Oop }
                      ;*invokeinterface run {reexecute=0 rethrow=0 return_oop=1}
                      ; - java.security.AccessController::executePrivileged@29 (line 809)
                      ; - java.security.AccessController::doPrivileged@13 (line 714)
  0x00007ffbbc6a9c00: 0c77 84ff 

  0x00007ffbbc6a9c04: ;   {other}
  0x00007ffbbc6a9c04: 0f1f 8400 | 7437 0031 | e97b edff | ff44 0fb6 | 5d11 4585 | db0f 850b | dbff ff90 

  0x00007ffbbc6a9c20: ;   {static_call}
  0x00007ffbbc6a9c20: c5f8 77e8 

  0x00007ffbbc6a9c24: ; ImmutableOopMap {rbp=NarrowOop [32]=Oop [40]=Oop [56]=Oop [64]=Oop [72]=Oop [88]=Oop [96]=Oop [104]=Oop [152]=NarrowOop [156]=NarrowOop [160]=NarrowOop [168]=Oop }
                      ;*invokestatic beginInit {reexecute=0 rethrow=0 return_oop=1}
                      ; - java.util.jar.JarFile::ensureInitialization@31 (line 1069)
                      ; - java.util.jar.JavaUtilJarAccessImpl::ensureInitialization@1 (line 42)
                      ; - jdk.internal.loader.URLClassPath$JarLoader$2::getManifest@10 (line 852)
                      ; - java.net.URLClassLoader::defineClass@34 (line 491)
                      ; - java.net.URLClassLoader$1::run@43 (line 427)
                      ; - java.net.URLClassLoader$1::run@1 (line 421)
                      ; - java.security.AccessController::executePrivileged@29 (line 809)
                      ; - java.security.AccessController::doPrivileged@13 (line 714)
  0x00007ffbbc6a9c24: 323e 0000 

  0x00007ffbbc6a9c28: ;   {other}
  0x00007ffbbc6a9c28: 0f1f 8400 | 9837 0032 | 4889 4424 | 7048 8b74 | 2468 6690 

  0x00007ffbbc6a9c3c: ;   {optimized virtual_call}
  0x00007ffbbc6a9c3c: c5f8 77e8 

  0x00007ffbbc6a9c40: ; ImmutableOopMap {rbp=NarrowOop [32]=Oop [40]=Oop [56]=Oop [64]=Oop [72]=Oop [88]=Oop [96]=Oop [104]=Oop [112]=Oop [152]=NarrowOop [156]=NarrowOop [160]=NarrowOop [168]=Oop }
                      ;*invokevirtual initializeVerifier {reexecute=0 rethrow=0 return_oop=0}
                      ; - java.util.jar.JarFile::ensureInitialization@36 (line 1071)
                      ; - java.util.jar.JavaUtilJarAccessImpl::ensureInitialization@1 (line 42)
                      ; - jdk.internal.loader.URLClassPath$JarLoader$2::getManifest@10 (line 852)
                      ; - java.net.URLClassLoader::defineClass@34 (line 491)
                      ; - java.net.URLClassLoader$1::run@43 (line 427)
                      ; - java.net.URLClassLoader$1::run@1 (line 421)
                      ; - java.security.AccessController::executePrivileged@29 (line 809)
                      ; - java.security.AccessController::doPrivileged@13 (line 714)
  0x00007ffbbc6a9c40: 253e 0000 

  0x00007ffbbc6a9c44: ;   {other}
  0x00007ffbbc6a9c44: 0f1f 8400 | b437 0033 | c645 1101 | 488b 7424 | 7048 8b6c | 2440 6690 

  0x00007ffbbc6a9c5c: ;   {static_call}
  0x00007ffbbc6a9c5c: c5f8 77e8 

  0x00007ffbbc6a9c60: ; ImmutableOopMap {rbp=Oop [32]=Oop [40]=Oop [56]=Oop [64]=Oop [72]=Oop [88]=Oop [96]=Oop [104]=Oop [152]=NarrowOop [156]=NarrowOop [160]=NarrowOop [168]=Oop }
                      ;*invokestatic endInit {reexecute=0 rethrow=0 return_oop=0}
                      ; - java.util.jar.JarFile::ensureInitialization@45 (line 1074)
                      ; - java.util.jar.JavaUtilJarAccessImpl::ensureInitialization@1 (line 42)
                      ; - jdk.internal.loader.URLClassPath$JarLoader$2::getManifest@10 (line 852)
                      ; - java.net.URLClassLoader::defineClass@34 (line 491)
                      ; - java.net.URLClassLoader$1::run@43 (line 427)
                      ; - java.net.URLClassLoader$1::run@1 (line 421)
                      ; - java.security.AccessController::executePrivileged@29 (line 809)
                      ; - java.security.AccessController::doPrivileged@13 (line 714)
  0x00007ffbbc6a9c60: 143e 0000 

  0x00007ffbbc6a9c64: ;   {other}
  0x00007ffbbc6a9c64: 0f1f 8400 | d437 0034 | e9b9 daff | ff45 0fbe | 5913 4183 | fb65 660f | 1f44 0000 | 0f84 571e 
  0x00007ffbbc6a9c84: 0000 be65 | 0000 00bb | 0400 0000 | e9f3 f6ff | ff4d 8b9f | 5004 0000 

  0x00007ffbbc6a9c9c: ; ImmutableOopMap {r8=NarrowOop rcx=NarrowOop rdi=Oop r13=Oop r14=Oop xmm0=Oop [56]=Oop }
                      ;*if_icmpne {reexecute=1 rethrow=0 return_oop=0}
                      ; - (reexecute) java.lang.StringLatin1::replace@28 (line 298)
                      ; - java.lang.String::replace@18 (line 2933)
                      ; - java.net.URLClassLoader$1::run@8 (line 423)
                      ; - java.net.URLClassLoader$1::run@1 (line 421)
                      ; - java.security.AccessController::executePrivileged@29 (line 809)
                      ; - java.security.AccessController::doPrivileged@13 (line 714)
                      ;   {poll}
  0x00007ffbbc6a9c9c: 83c5 0341 | 8503 3b5c | 2418 0f8d | 0417 0000 | 448b cbc4 | e1f9 7ec6 | c4c1 797e | ca44 8b5c 
  0x00007ffbbc6a9cbc: 2418 6690 | e999 d0ff | ff49 b900 | e099 b3fb | 7f00 004c | 8b5c 2430 | 448b 8424 | 9c00 0000 
  0x00007ffbbc6a9cdc: 488b 9c24 | 8000 0000 | 488b 4c24 | 68e9 8ee4 | ffff 488b | 9c24 a800 | 0000 c643 | 1101 33c0 
  0x00007ffbbc6a9cfc: 4c8b 5c24 | 3044 8b44 | 2418 488b | 4c24 6044 | 8b4c 241c | e924 dbff | ff4c 8b54 | 2430 458b 
  0x00007ffbbc6a9d1c: 5a0c 6690 | 4585 db0f | 8487 e7ff | ff4d 8b47 | 2849 8bfb | 4d85 c00f | 847f 1d00 | 004d 8b5f 
  0x00007ffbbc6a9d3c: 384b 897c | 03f8 4983 | c0f8 4d89 | 4728 e961 | e7ff ff4d | 8b5f 484d | 8b47 58f0 | 8344 24c0 
  0x00007ffbbc6a9d5c: 0066 6690 | 803f 000f | 8480 e7ff | ff44 8827 | 4d85 db75 | 2649 8bda | 498b f7c5 | f877 49ba 
  0x00007ffbbc6a9d7c: 80cf afd0 | fb7f 0000 

  0x00007ffbbc6a9d84: ;   {other}
  0x00007ffbbc6a9d84: 41ff d20f | 1f84 0000 | 0000 004c | 8bd3 e952 | e7ff ff4b | 897c 18f8 | 4983 c3f8 | 4d89 5f48 
  0x00007ffbbc6a9da4: e940 e7ff | ff33 c0e9 | 89da ffff | 8b4d 0c4c | 63c9 49c1 | e102 660f | 1f44 0000 | 81f9 0000 
  0x00007ffbbc6a9dc4: 0400 0f87 | fc22 0000 | 498b 9fb8 | 0100 004d | 8d51 1749 | 83e2 f84c | 8bdb 4d03 | da4d 3b9f 
  0x00007ffbbc6a9de4: c801 0000 | 0f83 da22 | 0000 4d89 | 9fb8 0100 | 0041 0f0d | 8b00 0100 | 0048 c703 | 0100 0000 
  0x00007ffbbc6a9e04: 410f 0d8b | 4001 0000 

  0x00007ffbbc6a9e0c: ;   {metadata('java/security/CodeSigner'[])}
  0x00007ffbbc6a9e0c: c743 0848 | f856 0189 | 4b0c 410f | 0d8b 8001 | 0000 4c89 | 4424 584c | 894c 2420 | 488b fd48 
  0x00007ffbbc6a9e2c: 83c7 1048 | 8bf3 4883 | c610 4c8b | 5424 2049 | 83c2 0749 | c1ea 0349 | 8bd2 c5f8 | 7749 ba80 
  0x00007ffbbc6a9e4c: 5adf bbfb | 7f00 0041 

  0x00007ffbbc6a9e54: ;   {other}
  0x00007ffbbc6a9e54: ffd2 0f1f | 8400 0000 | 0000 6690 | 4180 7f40 | 000f 8555 | 1900 004c | 8b44 2458 | 4c8b d345 
  0x00007ffbbc6a9e74: 8950 104d | 8bd0 4c8b | db4d 33da | 49c1 eb14 | 4d85 db74 | 1649 c1ea | 094c 8b4c | 2418 4d03 
  0x00007ffbbc6a9e94: ca41 8039 | 020f 855d | 1900 004c | 8944 2468 | e92e e9ff | ff48 8944 | 2458 8954 | 2450 4489 
  0x00007ffbbc6a9eb4: 5c24 4c44 | 8954 2448 | 4889 5c24 | 404c 894c | 2430 4c89 | 7424 2848 | 897c 2420 

  0x00007ffbbc6a9ed0: ;   {metadata({type array byte})}
  0x00007ffbbc6a9ed0: 48be 6822 | 0053 fb7f | 0000 4c89 | 4424 1841 | 8bd2 6690 

  0x00007ffbbc6a9ee4: ;   {runtime_call _new_array_Java}
  0x00007ffbbc6a9ee4: c5f8 77e8 

  0x00007ffbbc6a9ee8: ; ImmutableOopMap {[32]=Oop [40]=Oop [48]=Oop [56]=Oop [64]=Oop }
                      ;*invokevirtual allocateUninitializedArray0 {reexecute=0 rethrow=0 return_oop=1}
                      ; - jdk.internal.misc.Unsafe::allocateUninitializedArray@51 (line 1380)
                      ; - java.lang.StringConcatHelper::newArray@33 (line 511)
                      ; - java.lang.StringConcatHelper::simpleConcat@61 (line 435)
                      ; - java.lang.String::concat@11 (line 2899)
                      ; - java.net.URLClassLoader$1::run@13 (line 423)
                      ; - java.net.URLClassLoader$1::run@1 (line 421)
                      ; - java.security.AccessController::executePrivileged@29 (line 809)
                      ; - java.security.AccessController::doPrivileged@13 (line 714)
  0x00007ffbbc6a9ee8: 9457 7aff 

  0x00007ffbbc6a9eec: ;   {other}
  0x00007ffbbc6a9eec: 0f1f 8400 | 5c3a 0036 | 488b 7c24 | 204c 8b74 | 2428 4c8b | 4c24 3048 | 8b5c 2440 | 448b 5424 
  0x00007ffbbc6a9f0c: 484c 8be8 | 448b 5c24 | 4c8b 5424 | 5048 8b44 | 2458 6690 | e9da d2ff | ff4c 896c | 2420 4c89 
  0x00007ffbbc6a9f2c: 7424 1848 

  0x00007ffbbc6a9f30: ;   {metadata('java/lang/String')}
  0x00007ffbbc6a9f30: 8bef 48be | 40e7 0053 | fb7f 0000 

  0x00007ffbbc6a9f3c: ;   {runtime_call _new_instance_Java}
  0x00007ffbbc6a9f3c: c5f8 77e8 

  0x00007ffbbc6a9f40: ; ImmutableOopMap {rbp=Oop [24]=Oop [32]=Oop [56]=Oop }
                      ;*new {reexecute=0 rethrow=0 return_oop=1}
                      ; - java.lang.StringConcatHelper::newString@6 (line 400)
                      ; - java.lang.StringConcatHelper::simpleConcat@90 (line 440)
                      ; - java.lang.String::concat@11 (line 2899)
                      ; - java.net.URLClassLoader$1::run@13 (line 423)
                      ; - java.net.URLClassLoader$1::run@1 (line 421)
                      ; - java.security.AccessController::executePrivileged@29 (line 809)
                      ; - java.security.AccessController::doPrivileged@13 (line 714)
  0x00007ffbbc6a9f40: 3c5a 7aff 

  0x00007ffbbc6a9f44: ;   {other}
  0x00007ffbbc6a9f44: 0f1f 8400 | b43a 0037 | 488b d048 | 8bfd 4c8b | 7424 184c | 8b6c 2420 | 0f1f 4000 | e96d d3ff 
  0x00007ffbbc6a9f64: ff48 897c | 2418 4c89 | 7424 2889 | 4c24 3044 | 8944 2434 | 8954 2420 | 4889 7424 | 4044 8954 
  0x00007ffbbc6a9f84: 2424 4489 | 5c24 484c | 896c 2450 

  0x00007ffbbc6a9f90: ;   {metadata({type array byte})}
  0x00007ffbbc6a9f90: 48be 6822 | 0053 fb7f | 0000 8b54 | 2420 6690 

  0x00007ffbbc6a9fa0: ;   {runtime_call _new_array_Java}
  0x00007ffbbc6a9fa0: c5f8 77e8 

  0x00007ffbbc6a9fa4: ; ImmutableOopMap {[24]=Oop [40]=Oop [48]=NarrowOop [52]=NarrowOop [56]=Oop [64]=Oop [80]=Oop }
                      ;*invokevirtual allocateUninitializedArray0 {reexecute=0 rethrow=0 return_oop=1}
                      ; - jdk.internal.misc.Unsafe::allocateUninitializedArray@51 (line 1380)
                      ; - java.lang.StringConcatHelper::newArray@33 (line 511)
                      ; - java.lang.StringLatin1::replace@49 (line 304)
                      ; - java.lang.String::replace@18 (line 2933)
                      ; - java.net.URLClassLoader$1::run@8 (line 423)
                      ; - java.net.URLClassLoader$1::run@1 (line 421)
                      ; - java.security.AccessController::executePrivileged@29 (line 809)
                      ; - java.security.AccessController::doPrivileged@13 (line 714)
  0x00007ffbbc6a9fa4: d856 7aff 

  0x00007ffbbc6a9fa8: ;   {other}
  0x00007ffbbc6a9fa8: 0f1f 8400 | 183b 0038 | 448b 5424 | 204c 8bc8 | e9b4 ceff | ff4c 894c 

  0x00007ffbbc6a9fc0: ;   {metadata('java/lang/String')}
  0x00007ffbbc6a9fc0: 2420 48be | 40e7 0053 | fb7f 0000 

  0x00007ffbbc6a9fcc: ;   {runtime_call _new_instance_Java}
  0x00007ffbbc6a9fcc: c5f8 77e8 

  0x00007ffbbc6a9fd0: ; ImmutableOopMap {[24]=Oop [32]=Oop [40]=Oop [56]=Oop [64]=Oop }
                      ;*new {reexecute=0 rethrow=0 return_oop=1}
                      ; - java.lang.StringLatin1::replace@116 (line 313)
                      ; - java.lang.String::replace@18 (line 2933)
                      ; - java.net.URLClassLoader$1::run@8 (line 423)
                      ; - java.net.URLClassLoader$1::run@1 (line 421)
                      ; - java.security.AccessController::executePrivileged@29 (line 809)
                      ; - java.security.AccessController::doPrivileged@13 (line 714)
  0x00007ffbbc6a9fd0: ac59 7aff 

  0x00007ffbbc6a9fd4: ;   {other}
  0x00007ffbbc6a9fd4: 0f1f 8400 | 443b 0039 | 4c8b 4c24 | 2048 8bd8 | e93d d1ff | ff4c 8b54 | 2470 41c6 | 4211 0133 
  0x00007ffbbc6a9ff4: c0e9 57db | ffff 4c8b | 4c24 5841 | c641 1101 | 33c9 4533 | c04c 8b54 | 2418 8b7c | 2460 e9ad 
  0x00007ffbbc6aa014: eeff ff45 | 33db 4533 | d266 6690 | e950 f7ff | ff33 c0e9 | 25db ffff | 33c9 4533 | c0e9 8eee 
  0x00007ffbbc6aa034: ffff 448b | 5424 740f | 1f44 0000 

  0x00007ffbbc6aa040: ;   {metadata('java/util/jar/JarFile')}
  0x00007ffbbc6aa040: 4181 fa60 | dd16 000f | 85be 2300 | 0048 8b74 | 2468 6690 

  0x00007ffbbc6aa054: ;   {optimized virtual_call}
  0x00007ffbbc6aa054: c5f8 77e8 

  0x00007ffbbc6aa058: ; ImmutableOopMap {rbp=NarrowOop [32]=Oop [40]=Oop [56]=Oop [64]=Oop [72]=Oop [88]=Oop [96]=Oop [104]=Oop [152]=NarrowOop [156]=NarrowOop [160]=NarrowOop [168]=Oop }
                      ;*invokevirtual getManifestFromReference {reexecute=0 rethrow=0 return_oop=1}
                      ; - java.util.jar.JarFile::getManifest@1 (line 405)
                      ; - java.util.jar.JarFile::maybeInstantiateVerifier@31 (line 724)
                      ; - java.util.jar.JarFile::ensureInitialization@1 (line 1064)
                      ; - java.util.jar.JavaUtilJarAccessImpl::ensureInitialization@1 (line 42)
                      ; - jdk.internal.loader.URLClassPath$JarLoader$2::getManifest@10 (line 852)
                      ; - java.net.URLClassLoader::defineClass@34 (line 491)
                      ; - java.net.URLClassLoader$1::run@43 (line 427)
                      ; - java.net.URLClassLoader$1::run@1 (line 421)
                      ; - java.security.AccessController::executePrivileged@29 (line 809)
                      ; - java.security.AccessController::doPrivileged@13 (line 714)
  0x00007ffbbc6aa058: 2477 76ff 

  0x00007ffbbc6aa05c: ;   {other}
  0x00007ffbbc6aa05c: 0f1f 8400 | cc3b 003a | e9b4 d6ff | ff4d 8b87 | 5004 0000 

  0x00007ffbbc6aa070: ; ImmutableOopMap {[32]=Oop [40]=Oop [48]=Oop [56]=Oop [64]=Oop [72]=Oop [88]=Oop [104]=Oop [112]=Oop [120]=Oop [128]=Oop [136]=NarrowOop [152]=NarrowOop [156]=NarrowOop [160]=NarrowOop [164]=NarrowOop }
                      ;*if_icmpne {reexecute=1 rethrow=0 return_oop=0}
                      ; - (reexecute) java.lang.StringLatin1::replace@28 (line 298)
                      ; - java.lang.String::replace@18 (line 2933)
                      ; - java.net.URLClassLoader::isSealed@9 (line 601)
                      ; - java.net.URLClassLoader::getAndVerifyPackage@68 (line 469)
                      ; - java.net.URLClassLoader::defineClass@46 (line 492)
                      ; - java.net.URLClassLoader$1::run@43 (line 427)
                      ; - java.net.URLClassLoader$1::run@1 (line 421)
                      ; - java.security.AccessController::executePrivileged@29 (line 809)
                      ; - java.security.AccessController::doPrivileged@13 (line 714)
                      ;   {poll}
  0x00007ffbbc6aa070: 83c5 0341 | 8500 3b4c | 2460 660f | 1f44 0000 | 0f8d f9f8 | ffff 448b | c9e9 0cde | ffff 4c8b 
  0x00007ffbbc6aa090: 5c24 3044 | 8b84 249c | 0000 004c | 8b8c 24d8 | 0000 0048 | 8b9c 2480 | 0000 0048 | 8b4c 2468 
  0x00007ffbbc6aa0b0: e9c7 e0ff | ff33 ffe9 | 23cc ffff | 4c89 4424 | 204c 895c | 2430 498b | f066 6690 

  0x00007ffbbc6aa0cc: ;   {optimized virtual_call}
  0x00007ffbbc6aa0cc: c5f8 77e8 

  0x00007ffbbc6aa0d0: ; ImmutableOopMap {rbp=NarrowOop [32]=Oop [40]=Oop [48]=Oop [56]=Oop [64]=Oop [72]=Oop [96]=Oop [152]=NarrowOop [156]=NarrowOop [160]=NarrowOop }
                      ;*invokevirtual realEntry {reexecute=0 rethrow=0 return_oop=1}
                      ; - java.util.jar.JarFile$JarFileEntry::getCodeSigners@46 (line 675)
                      ; - jdk.internal.loader.URLClassPath$JarLoader$2::getCodeSigners@4 (line 858)
                      ; - java.net.URLClassLoader::defineClass@185 (line 521)
                      ; - java.net.URLClassLoader$1::run@43 (line 427)
                      ; - java.net.URLClassLoader$1::run@1 (line 421)
                      ; - java.security.AccessController::executePrivileged@29 (line 809)
                      ; - java.security.AccessController::doPrivileged@13 (line 714)
  0x00007ffbbc6aa0d0: ac76 76ff 

  0x00007ffbbc6aa0d4: ;   {other}
  0x00007ffbbc6aa0d4: 0f1f 8400 | 443c 003c | 488b f548 | 8bd0 488b | 6c24 4090 

  0x00007ffbbc6aa0e8: ;   {optimized virtual_call}
  0x00007ffbbc6aa0e8: c5f8 77e8 

  0x00007ffbbc6aa0ec: ; ImmutableOopMap {rbp=Oop [32]=Oop [40]=Oop [48]=Oop [56]=Oop [64]=Oop [72]=Oop [96]=Oop [152]=NarrowOop [156]=NarrowOop [160]=NarrowOop }
                      ;*invokevirtual getCodeSigners {reexecute=0 rethrow=0 return_oop=1}
                      ; - java.util.jar.JarFile$JarFileEntry::getCodeSigners@49 (line 675)
                      ; - jdk.internal.loader.URLClassPath$JarLoader$2::getCodeSigners@4 (line 858)
                      ; - java.net.URLClassLoader::defineClass@185 (line 521)
                      ; - java.net.URLClassLoader$1::run@43 (line 427)
                      ; - java.net.URLClassLoader$1::run@1 (line 421)
                      ; - java.security.AccessController::executePrivileged@29 (line 809)
                      ; - java.security.AccessController::doPrivileged@13 (line 714)
  0x00007ffbbc6aa0ec: 9076 76ff 

  0x00007ffbbc6aa0f0: ;   {other}
  0x00007ffbbc6aa0f0: 0f1f 8400 | 603c 003d | 488b d80f | 1f44 0000 | 4180 7f40 | 000f 8548 | 1b00 004c | 8b4c 2420 
  0x00007ffbbc6aa110: 488b cb4c | 8bd1 4589 | 515c 4d8b | d94c 8bc1 | 4d33 c349 | c1e8 144d | 85c0 0f84 | a81a 0000 
  0x00007ffbbc6aa130: 4885 c90f | 8410 1b00 | 0049 c1eb | 0948 bf00 | e099 b3fb | 7f00 0049 | 03fb 803f | 020f 8598 
  0x00007ffbbc6aa150: 1a00 004c | 8b5c 2430 | 458b 420c | 498b ca49 | 63d8 48c1 | e302 4181 | f800 0004 | 000f 87f5 
  0x00007ffbbc6aa170: 1f00 0048 | 894c 2420 | 458b c844 | 8954 2458 | 4c89 5c24 | 3049 8b87 | b801 0000 | 4c8b d348 
  0x00007ffbbc6aa190: 895c 2468 | 4983 c217 | 4983 e2f8 | 4c8b d84d | 03da 4d3b | 9fc8 0100 | 000f 83d0 | 1f00 004d 
  0x00007ffbbc6aa1b0: 899f b801 | 0000 410f | 0d8b 0001 | 0000 48c7 | 0001 0000 | 0041 0f0d | 8b40 0100 

  0x00007ffbbc6aa1cc: ;   {metadata('java/security/CodeSigner'[])}
  0x00007ffbbc6aa1cc: 00c7 4008 | 48f8 5601 | 4489 400c | 410f 0d8b | 8001 0000 | 488b e844 | 8b54 2458 | 498d 7a10 
  0x00007ffbbc6aa1ec: 488b f548 | 83c6 104c | 8b54 2468 | 4983 c207 | 49c1 ea03 | 498b d2c5 | f877 49ba | 805a dfbb 
  0x00007ffbbc6aa20c: fb7f 0000 

  0x00007ffbbc6aa210: ;   {other}
  0x00007ffbbc6aa210: 41ff d20f | 1f84 0000 | 0000 004c | 8b5c 2430 | e9c9 e4ff | ff45 8b58 

  0x00007ffbbc6aa228: ;   {metadata('java/util/concurrent/ConcurrentHashMap$ReservationNode')}
  0x00007ffbbc6aa228: 0841 81fb | f0a8 1700 | 0f85 4322 | 0000 49b9 | 00e0 99b3 | fb7f 0000 | 4c8b 5c24 | 3044 8b84 
  0x00007ffbbc6aa248: 249c 0000 | 00e9 2adf | ffff 448b | 5d08 6666 | 0f1f 8400 | 0000 0000 

  0x00007ffbbc6aa260: ;   {metadata('java/util/jar/JarFile')}
  0x00007ffbbc6aa260: 4181 fb60 | dd16 000f | 856b 2200 | 0048 8b74 | 2420 488b | 6c24 4090 

  0x00007ffbbc6aa278: ;   {optimized virtual_call}
  0x00007ffbbc6aa278: c5f8 77e8 

  0x00007ffbbc6aa27c: ; ImmutableOopMap {rbp=Oop [40]=Oop [48]=Oop [56]=Oop [64]=Oop [72]=Oop [88]=Oop [96]=Oop [152]=NarrowOop [156]=NarrowOop [160]=NarrowOop }
                      ;*invokevirtual getManifestFromReference {reexecute=0 rethrow=0 return_oop=1}
                      ; - java.util.jar.JarFile::getManifest@1 (line 405)
                      ; - java.util.jar.JarFile::maybeInstantiateVerifier@31 (line 724)
                      ; - java.util.jar.JarFile$JarFileEntry::getCodeSigners@4 (line 670)
                      ; - jdk.internal.loader.URLClassPath$JarLoader$2::getCodeSigners@4 (line 858)
                      ; - java.net.URLClassLoader::defineClass@185 (line 521)
                      ; - java.net.URLClassLoader$1::run@43 (line 427)
                      ; - java.net.URLClassLoader$1::run@1 (line 421)
                      ; - java.security.AccessController::executePrivileged@29 (line 809)
                      ; - java.security.AccessController::doPrivileged@13 (line 714)
  0x00007ffbbc6aa27c: 0075 76ff 

  0x00007ffbbc6aa280: ;   {other}
  0x00007ffbbc6aa280: 0f1f 8400 | f03d 003e | 4c8b 5c24 | 304c 8b44 | 2458 e938 | e4ff ff44 | 8b84 2490 | 0000 0045 
  0x00007ffbbc6aa2a0: ;   {metadata('java/util/concurrent/ConcurrentHashMap$ReservationNode')}
  0x00007ffbbc6aa2a0: 8b50 0841 | 81fa f0a8 | 1700 0f85 | 6822 0000 | bef4 ffff | ff48 8b6c | 2440 4c8b | 5424 384c 
  0x00007ffbbc6aa2c0: 8954 2418 | 4c8b 5424 | 484c 8954 | 2420 4c8b | 5424 504c | 8954 2438 | 4c8b 9424 | 8000 0000 
  0x00007ffbbc6aa2e0: 4c89 5424 | 484c 8b54 | 2468 4c89 | 5424 5044 | 8b94 249c | 0000 0044 | 8954 2478 | 4489 5424 
  0x00007ffbbc6aa300: 7c66 6690 

  0x00007ffbbc6aa304: ;   {runtime_call UncommonTrapBlob}
  0x00007ffbbc6aa304: c5f8 77e8 

  0x00007ffbbc6aa308: ; ImmutableOopMap {rbp=Oop [24]=Oop [32]=Oop [48]=Oop [72]=Oop [80]=Oop [120]=NarrowOop [124]=NarrowOop [136]=NarrowOop [152]=NarrowOop [160]=NarrowOop }
                      ;*checkcast {reexecute=0 rethrow=0 return_oop=0}
                      ; - java.lang.ClassLoader::definePackage@50 (line 2125)
                      ; - java.lang.ClassLoader::getDefinedPackage@32 (line 2267)
                      ; - java.net.URLClassLoader::getAndVerifyPackage@2 (line 457)
                      ; - java.net.URLClassLoader::defineClass@46 (line 492)
                      ; - java.net.URLClassLoader$1::run@43 (line 427)
                      ; - java.net.URLClassLoader$1::run@1 (line 421)
                      ; - java.security.AccessController::executePrivileged@29 (line 809)
                      ; - java.security.AccessController::doPrivileged@13 (line 714)
  0x00007ffbbc6aa308: 7402 77ff 

  0x00007ffbbc6aa30c: ;   {other}
  0x00007ffbbc6aa30c: 0f1f 8400 | 7c3e 003f 

  0x00007ffbbc6aa314: ;   {metadata('java/lang/String')}
  0x00007ffbbc6aa314: 48be 40e7 | 0053 fb7f | 0000 6690 

  0x00007ffbbc6aa320: ;   {runtime_call _new_instance_Java}
  0x00007ffbbc6aa320: c5f8 77e8 

  0x00007ffbbc6aa324: ; ImmutableOopMap {rbp=NarrowOop [32]=Oop [40]=Oop [48]=Oop [56]=Oop [64]=Oop [72]=Oop [88]=Oop [152]=NarrowOop [156]=NarrowOop [160]=NarrowOop }
                      ;*new {reexecute=0 rethrow=0 return_oop=1}
                      ; - java.lang.StringLatin1::newString@7 (line 752)
                      ; - java.lang.String::substring@41 (line 2839)
                      ; - java.net.URLClassLoader::defineClass@28 (line 489)
                      ; - java.net.URLClassLoader$1::run@43 (line 427)
                      ; - java.net.URLClassLoader$1::run@1 (line 421)
                      ; - java.security.AccessController::executePrivileged@29 (line 809)
                      ; - java.security.AccessController::doPrivileged@13 (line 714)
  0x00007ffbbc6aa324: 5856 7aff 

  0x00007ffbbc6aa328: ;   {other}
  0x00007ffbbc6aa328: 0f1f 8400 | 983e 0040 | 4c8b d8e9 | 67d1 ffff 

  0x00007ffbbc6aa338: ;   {metadata({type array byte})}
  0x00007ffbbc6aa338: 48be 6822 | 0053 fb7f | 0000 8b54 | 2460 6690 

  0x00007ffbbc6aa348: ;   {runtime_call _new_array_nozero_Java}
  0x00007ffbbc6aa348: c5f8 77e8 

  0x00007ffbbc6aa34c: ; ImmutableOopMap {[32]=Oop [40]=Oop [48]=Oop [56]=Oop [64]=Oop [72]=Oop [88]=Oop [112]=Derived_oop_[88] [104]=Oop [152]=NarrowOop [156]=NarrowOop [160]=NarrowOop }
                      ;*newarray {reexecute=0 rethrow=0 return_oop=1}
                      ; - java.util.Arrays::copyOfRangeByte@10 (line 3863)
                      ; - java.util.Arrays::copyOfRange@13 (line 3854)
                      ; - java.lang.StringLatin1::newString@16 (line 752)
                      ; - java.lang.String::substring@41 (line 2839)
                      ; - java.net.URLClassLoader::defineClass@28 (line 489)
                      ; - java.net.URLClassLoader$1::run@43 (line 427)
                      ; - java.net.URLClassLoader$1::run@1 (line 421)
                      ; - java.security.AccessController::executePrivileged@29 (line 809)
                      ; - java.security.AccessController::doPrivileged@13 (line 714)
  0x00007ffbbc6aa34c: b04f 7aff 

  0x00007ffbbc6aa350: ;   {other}
  0x00007ffbbc6aa350: 0f1f 8400 | c03e 0041 | 488b d80f | 1f44 0000 | e91e d2ff | ff4c 895c 

  0x00007ffbbc6aa368: ;   {metadata('java/security/CodeSource')}
  0x00007ffbbc6aa368: 2420 48be | c05c 0053 | fb7f 0000 

  0x00007ffbbc6aa374: ;   {runtime_call _new_instance_Java}
  0x00007ffbbc6aa374: c5f8 77e8 

  0x00007ffbbc6aa378: ; ImmutableOopMap {rbp=Oop [32]=Oop [40]=Oop [56]=Oop [64]=Oop [72]=Oop [96]=Oop [152]=NarrowOop [156]=NarrowOop [160]=NarrowOop }
                      ;*new {reexecute=0 rethrow=0 return_oop=1}
                      ; - java.net.URLClassLoader::defineClass@190 (line 522)
                      ; - java.net.URLClassLoader$1::run@43 (line 427)
                      ; - java.net.URLClassLoader$1::run@1 (line 421)
                      ; - java.security.AccessController::executePrivileged@29 (line 809)
                      ; - java.security.AccessController::doPrivileged@13 (line 714)
  0x00007ffbbc6aa378: 0456 7aff 

  0x00007ffbbc6aa37c: ;   {other}
  0x00007ffbbc6aa37c: 0f1f 8400 | ec3e 0042 | 4c8b 5c24 | 20e9 bce3 

  0x00007ffbbc6aa38c: ;   {metadata({type array byte})}
  0x00007ffbbc6aa38c: ffff 48be | 6822 0053 | fb7f 0000 | 8b94 24ac | 0000 0048 | 8b6c 2440 | 4c89 8424 | d000 0000 
  0x00007ffbbc6aa3ac: ;   {runtime_call _new_array_Java}
  0x00007ffbbc6aa3ac: c5f8 77e8 

  0x00007ffbbc6aa3b0: ; ImmutableOopMap {rbp=Oop [32]=Oop [40]=Oop [48]=Oop [56]=Oop [64]=Oop [72]=Oop [88]=Oop [104]=Oop [112]=Oop [120]=Oop [128]=Oop [136]=Oop [152]=NarrowOop [156]=NarrowOop [160]=NarrowOop [164]=NarrowOop }
                      ;*invokevirtual allocateUninitializedArray0 {reexecute=0 rethrow=0 return_oop=1}
                      ; - jdk.internal.misc.Unsafe::allocateUninitializedArray@51 (line 1380)
                      ; - java.lang.StringConcatHelper::newArray@33 (line 511)
                      ; - java.lang.StringConcatHelper::simpleConcat@61 (line 435)
                      ; - java.lang.String::concat@11 (line 2899)
                      ; - java.net.URLClassLoader::isSealed@15 (line 601)
                      ; - java.net.URLClassLoader::getAndVerifyPackage@68 (line 469)
                      ; - java.net.URLClassLoader::defineClass@46 (line 492)
                      ; - java.net.URLClassLoader$1::run@43 (line 427)
                      ; - java.net.URLClassLoader$1::run@1 (line 421)
                      ; - java.security.AccessController::executePrivileged@29 (line 809)
                      ; - java.security.AccessController::doPrivileged@13 (line 714)
  0x00007ffbbc6aa3b0: cc52 7aff 

  0x00007ffbbc6aa3b4: ;   {other}
  0x00007ffbbc6aa3b4: 0f1f 8400 | 243f 0043 | 4c8b c890 | e9a1 e9ff 

  0x00007ffbbc6aa3c4: ;   {metadata('java/lang/String')}
  0x00007ffbbc6aa3c4: ff48 be40 | e700 53fb | 7f00 0048 | 8b6c 2458 | 4c8b 9424 | 8000 0000 | 4c89 5424 | 7866 6690 
  0x00007ffbbc6aa3e4: ;   {runtime_call _new_instance_Java}
  0x00007ffbbc6aa3e4: c5f8 77e8 

  0x00007ffbbc6aa3e8: ; ImmutableOopMap {rbp=Oop [32]=Oop [40]=Oop [48]=Oop [56]=Oop [64]=Oop [72]=Oop [104]=Oop [112]=Oop [120]=Oop [128]=Oop [152]=NarrowOop [156]=NarrowOop [160]=NarrowOop [164]=NarrowOop [184]=Oop }
                      ;*new {reexecute=0 rethrow=0 return_oop=1}
                      ; - java.lang.StringConcatHelper::newString@6 (line 400)
                      ; - java.lang.StringConcatHelper::simpleConcat@90 (line 440)
                      ; - java.lang.String::concat@11 (line 2899)
                      ; - java.net.URLClassLoader::isSealed@15 (line 601)
                      ; - java.net.URLClassLoader::getAndVerifyPackage@68 (line 469)
                      ; - java.net.URLClassLoader::defineClass@46 (line 492)
                      ; - java.net.URLClassLoader$1::run@43 (line 427)
                      ; - java.net.URLClassLoader$1::run@1 (line 421)
                      ; - java.security.AccessController::executePrivileged@29 (line 809)
                      ; - java.security.AccessController::doPrivileged@13 (line 714)
  0x00007ffbbc6aa3e8: 9455 7aff 

  0x00007ffbbc6aa3ec: ;   {other}
  0x00007ffbbc6aa3ec: 0f1f 8400 | 5c3f 0044 | e949 eaff 

  0x00007ffbbc6aa3f8: ;   {metadata({type array byte})}
  0x00007ffbbc6aa3f8: ff48 be68 | 2200 53fb | 7f00 008b | 9424 a800 | 0000 6690 

  0x00007ffbbc6aa40c: ;   {runtime_call _new_array_Java}
  0x00007ffbbc6aa40c: c5f8 77e8 

  0x00007ffbbc6aa410: ; ImmutableOopMap {[32]=Oop [40]=Oop [48]=Oop [56]=Oop [64]=Oop [72]=Oop [88]=Oop [104]=Oop [112]=Oop [120]=Oop [128]=Oop [136]=NarrowOop [152]=NarrowOop [156]=NarrowOop [160]=NarrowOop [164]=NarrowOop }
                      ;*invokevirtual allocateUninitializedArray0 {reexecute=0 rethrow=0 return_oop=1}
                      ; - jdk.internal.misc.Unsafe::allocateUninitializedArray@51 (line 1380)
                      ; - java.lang.StringConcatHelper::newArray@33 (line 511)
                      ; - java.lang.StringLatin1::replace@49 (line 304)
                      ; - java.lang.String::replace@18 (line 2933)
                      ; - java.net.URLClassLoader::isSealed@9 (line 601)
                      ; - java.net.URLClassLoader::getAndVerifyPackage@68 (line 469)
                      ; - java.net.URLClassLoader::defineClass@46 (line 492)
                      ; - java.net.URLClassLoader$1::run@43 (line 427)
                      ; - java.net.URLClassLoader$1::run@1 (line 421)
                      ; - java.security.AccessController::executePrivileged@29 (line 809)
                      ; - java.security.AccessController::doPrivileged@13 (line 714)
  0x00007ffbbc6aa410: 6c52 7aff 

  0x00007ffbbc6aa414: ;   {other}
  0x00007ffbbc6aa414: 0f1f 8400 | 843f 0045 | 4c8b c090 | e967 dbff 

  0x00007ffbbc6aa424: ;   {metadata('java/lang/String')}
  0x00007ffbbc6aa424: ff48 be40 | e700 53fb | 7f00 0048 | 8b6c 2440 | 4c8b 9424 | 8000 0000 | 4c89 5424 | 7866 6690 
  0x00007ffbbc6aa444: ;   {runtime_call _new_instance_Java}
  0x00007ffbbc6aa444: c5f8 77e8 

  0x00007ffbbc6aa448: ; ImmutableOopMap {rbp=Oop [32]=Oop [40]=Oop [48]=Oop [56]=Oop [64]=Oop [72]=Oop [88]=Oop [104]=Oop [112]=Oop [120]=Oop [128]=Oop [144]=Oop [152]=NarrowOop [156]=NarrowOop [160]=NarrowOop [164]=NarrowOop }
                      ;*new {reexecute=0 rethrow=0 return_oop=1}
                      ; - java.lang.StringLatin1::replace@116 (line 313)
                      ; - java.lang.String::replace@18 (line 2933)
                      ; - java.net.URLClassLoader::isSealed@9 (line 601)
                      ; - java.net.URLClassLoader::getAndVerifyPackage@68 (line 469)
                      ; - java.net.URLClassLoader::defineClass@46 (line 492)
                      ; - java.net.URLClassLoader$1::run@43 (line 427)
                      ; - java.net.URLClassLoader$1::run@1 (line 421)
                      ; - java.security.AccessController::executePrivileged@29 (line 809)
                      ; - java.security.AccessController::doPrivileged@13 (line 714)
  0x00007ffbbc6aa448: 3455 7aff 

  0x00007ffbbc6aa44c: ;   {other}
  0x00007ffbbc6aa44c: 0f1f 8400 | bc3f 0046 | 4c8b c8e9 | c3e7 ffff | 4889 7c24 | 584c 8954 | 2418 488b | 6c24 2049 
  0x00007ffbbc6aa46c: 8bf0 488b | d766 6690 

  0x00007ffbbc6aa474: ;   {optimized virtual_call}
  0x00007ffbbc6aa474: c5f8 77e8 

  0x00007ffbbc6aa478: ; ImmutableOopMap {rbp=Oop [24]=Oop [40]=Oop [48]=Oop [56]=Oop [64]=Oop [72]=Oop [88]=Oop [104]=Oop [128]=Oop [152]=NarrowOop [156]=NarrowOop [160]=NarrowOop }
                      ;*invokevirtual afterNodeAccess {reexecute=0 rethrow=0 return_oop=0}
                      ; - java.util.LinkedHashMap::get@21 (line 539)
                      ; - java.util.jar.Attributes::get@5 (line 106)
                      ; - java.util.jar.Attributes::getValue@2 (line 142)
                      ; - java.net.URLClassLoader::isSealed@58 (line 608)
                      ; - java.net.URLClassLoader::getAndVerifyPackage@68 (line 469)
                      ; - java.net.URLClassLoader::defineClass@46 (line 492)
                      ; - java.net.URLClassLoader$1::run@43 (line 427)
                      ; - java.net.URLClassLoader$1::run@1 (line 421)
                      ; - java.security.AccessController::executePrivileged@29 (line 809)
                      ; - java.security.AccessController::doPrivileged@13 (line 714)
  0x00007ffbbc6aa478: 0473 76ff 

  0x00007ffbbc6aa47c: ;   {other}
  0x00007ffbbc6aa47c: 0f1f 8400 | ec3f 0047 | 4c8b 5424 | 1848 8b7c | 2458 e936 | deff ffbe | e4ff ffff | 488b 6c24 
  0x00007ffbbc6aa49c: 404c 8b54 | 2438 4c89 | 5424 184c | 8b54 2448 | 4c89 5424 | 204c 896c | 2430 4c8b | 5424 504c 
  0x00007ffbbc6aa4bc: 8954 2438 | 894c 2448 | 4489 4c24 | 4c89 5c24 | 5044 8974 | 2454 6690 

  0x00007ffbbc6aa4d4: ;   {runtime_call UncommonTrapBlob}
  0x00007ffbbc6aa4d4: c5f8 77e8 

  0x00007ffbbc6aa4d8: ; ImmutableOopMap {rbp=Oop [24]=Oop [32]=Oop [48]=Oop [72]=NarrowOop [80]=NarrowOop [84]=NarrowOop }
                      ;*baload {reexecute=0 rethrow=0 return_oop=0}
                      ; - java.lang.StringLatin1::lastIndexOf@24 (line 286)
                      ; - java.lang.String::lastIndexOf@13 (line 2573)
                      ; - java.lang.String::lastIndexOf@8 (line 2535)
                      ; - java.net.URLClassLoader::defineClass@7 (line 486)
                      ; - java.net.URLClassLoader$1::run@43 (line 427)
                      ; - java.net.URLClassLoader$1::run@1 (line 421)
                      ; - java.security.AccessController::executePrivileged@29 (line 809)
                      ; - java.security.AccessController::doPrivileged@13 (line 714)
  0x00007ffbbc6aa4d8: a400 77ff 

  0x00007ffbbc6aa4dc: ;   {other}
  0x00007ffbbc6aa4dc: 0f1f 8400 | 4c40 0048 

  0x00007ffbbc6aa4e4: ;   {metadata({type array byte})}
  0x00007ffbbc6aa4e4: 48be 6822 | 0053 fb7f | 0000 488b | 6c24 588b | 5424 1890 

  0x00007ffbbc6aa4f8: ;   {runtime_call _new_array_nozero_Java}
  0x00007ffbbc6aa4f8: c5f8 77e8 

  0x00007ffbbc6aa4fc: ; ImmutableOopMap {rbp=Oop [112]=Derived_oop_rbp [32]=Oop [40]=Oop [48]=Oop [56]=Oop [64]=Oop [72]=Oop [96]=NarrowOop [104]=Oop [152]=NarrowOop [156]=NarrowOop [160]=NarrowOop }
                      ;*invokevirtual clone {reexecute=1 rethrow=0 return_oop=1}
                      ; - (reexecute) java.util.Arrays::copyOfRange@18 (line 3856)
                      ; - java.lang.StringLatin1::newString@16 (line 752)
                      ; - java.lang.String::substring@41 (line 2839)
                      ; - java.net.URLClassLoader::defineClass@28 (line 489)
                      ; - java.net.URLClassLoader$1::run@43 (line 427)
                      ; - java.net.URLClassLoader$1::run@1 (line 421)
                      ; - java.security.AccessController::executePrivileged@29 (line 809)
                      ; - java.security.AccessController::doPrivileged@13 (line 714)
  0x00007ffbbc6aa4fc: 004e 7aff 

  0x00007ffbbc6aa500: ;   {other}
  0x00007ffbbc6aa500: 0f1f 8400 | 7040 0049 | 4c8b c0e9 | 0fec ffff | 4963 cae9 | 87cc ffff | bef6 ffff | ff48 8bef 
  0x00007ffbbc6aa520: 4c89 7424 | 2048 8954 | 2428 6690 

  0x00007ffbbc6aa52c: ;   {runtime_call UncommonTrapBlob}
  0x00007ffbbc6aa52c: c5f8 77e8 

  0x00007ffbbc6aa530: ; ImmutableOopMap {rbp=Oop [32]=Oop [40]=Oop [56]=Oop }
                      ;*invokevirtual getResource {reexecute=0 rethrow=0 return_oop=0}
                      ; - java.net.URLClassLoader$1::run@26 (line 424)
                      ; - java.net.URLClassLoader$1::run@1 (line 421)
                      ; - java.security.AccessController::executePrivileged@29 (line 809)
                      ; - java.security.AccessController::doPrivileged@13 (line 714)
  0x00007ffbbc6aa530: 4c00 77ff 

  0x00007ffbbc6aa534: ;   {other}
  0x00007ffbbc6aa534: 0f1f 8400 | a440 004a | be76 ffff | ff48 8bef | 4c89 7424 | 2089 4c24 | 2844 8944 | 242c 8954 
  0x00007ffbbc6aa554: 2434 6690 

  0x00007ffbbc6aa558: ;   {runtime_call UncommonTrapBlob}
  0x00007ffbbc6aa558: c5f8 77e8 

  0x00007ffbbc6aa55c: ; ImmutableOopMap {rbp=Oop [32]=Oop [40]=NarrowOop [44]=NarrowOop [56]=Oop }
                      ;*if_icmpge {reexecute=1 rethrow=0 return_oop=0}
                      ; - (reexecute) java.lang.StringLatin1::replace@19 (line 297)
                      ; - java.lang.String::replace@18 (line 2933)
                      ; - java.net.URLClassLoader$1::run@8 (line 423)
                      ; - java.net.URLClassLoader$1::run@1 (line 421)
                      ; - java.security.AccessController::executePrivileged@29 (line 809)
                      ; - java.security.AccessController::doPrivileged@13 (line 714)
  0x00007ffbbc6aa55c: 2000 77ff 

  0x00007ffbbc6aa560: ;   {other}
  0x00007ffbbc6aa560: 0f1f 8400 | d040 004b | be45 ffff | ff48 8bef | 4c89 7424 | 2066 6690 

  0x00007ffbbc6aa578: ;   {runtime_call UncommonTrapBlob}
  0x00007ffbbc6aa578: c5f8 77e8 

  0x00007ffbbc6aa57c: ; ImmutableOopMap {rbp=Oop [32]=Oop [56]=Oop }
                      ;*ifeq {reexecute=1 rethrow=0 return_oop=0}
                      ; - (reexecute) java.lang.StringConcatHelper::simpleConcat@14 (line 423)
                      ; - java.lang.String::concat@11 (line 2899)
                      ; - java.net.URLClassLoader$1::run@13 (line 423)
                      ; - java.net.URLClassLoader$1::run@1 (line 421)
                      ; - java.security.AccessController::executePrivileged@29 (line 809)
                      ; - java.security.AccessController::doPrivileged@13 (line 714)
  0x00007ffbbc6aa57c: 0000 77ff 

  0x00007ffbbc6aa580: ;   {other}
  0x00007ffbbc6aa580: 0f1f 8400 | f040 004c | becc ffff | ff48 897c | 2418 4c8b | 5424 384c | 8954 2420 | 4c89 7424 
  0x00007ffbbc6aa5a0: 2848 895c | 2430 4889 | 4424 404c | 896c 2448 

  0x00007ffbbc6aa5b0: ;   {runtime_call UncommonTrapBlob}
  0x00007ffbbc6aa5b0: c5f8 77e8 

  0x00007ffbbc6aa5b4: ; ImmutableOopMap {[24]=Oop [32]=Oop [40]=Oop [48]=Oop [72]=Oop }
                      ;*invokestatic arraycopy {reexecute=0 rethrow=0 return_oop=0}
                      ; - java.lang.String::getBytes@22 (line 4726)
                      ; - java.lang.StringConcatHelper::prepend@21 (line 324)
                      ; - java.lang.StringConcatHelper::simpleConcat@71 (line 438)
                      ; - java.lang.String::concat@11 (line 2899)
                      ; - java.net.URLClassLoader$1::run@13 (line 423)
                      ; - java.net.URLClassLoader$1::run@1 (line 421)
                      ; - java.security.AccessController::executePrivileged@29 (line 809)
                      ; - java.security.AccessController::doPrivileged@13 (line 714)
  0x00007ffbbc6aa5b4: c8ff 76ff 

  0x00007ffbbc6aa5b8: ;   {other}
  0x00007ffbbc6aa5b8: 0f1f 8400 | 2841 004d | becc ffff | ff48 8bef | 4c8b 5424 | 384c 8954 | 2418 4c89 | 7424 204c 
  0x00007ffbbc6aa5d8: 894c 2430 | 4c89 6c24 | 3844 895c | 2440 6690 

  0x00007ffbbc6aa5e8: ;   {runtime_call UncommonTrapBlob}
  0x00007ffbbc6aa5e8: c5f8 77e8 

  0x00007ffbbc6aa5ec: ; ImmutableOopMap {rbp=Oop [24]=Oop [32]=Oop [48]=Oop [56]=Oop }
                      ;*invokestatic arraycopy {reexecute=0 rethrow=0 return_oop=0}
                      ; - java.lang.String::getBytes@22 (line 4726)
                      ; - java.lang.StringConcatHelper::prepend@21 (line 324)
                      ; - java.lang.StringConcatHelper::simpleConcat@81 (line 439)
                      ; - java.lang.String::concat@11 (line 2899)
                      ; - java.net.URLClassLoader$1::run@13 (line 423)
                      ; - java.net.URLClassLoader$1::run@1 (line 421)
                      ; - java.security.AccessController::executePrivileged@29 (line 809)
                      ; - java.security.AccessController::doPrivileged@13 (line 714)
  0x00007ffbbc6aa5ec: 90ff 76ff 

  0x00007ffbbc6aa5f0: ;   {other}
  0x00007ffbbc6aa5f0: 0f1f 8400 | 6041 004e | be76 ffff | ff4c 8b5c | 2438 4c89 | 5c24 204c | 894c 2440 | 4489 5424 
  0x00007ffbbc6aa610: 4866 6690 

  0x00007ffbbc6aa614: ;   {runtime_call UncommonTrapBlob}
  0x00007ffbbc6aa614: c5f8 77e8 

  0x00007ffbbc6aa618: ; ImmutableOopMap {[24]=Oop [32]=Oop [40]=Oop [48]=NarrowOop [52]=NarrowOop [64]=Oop }
                      ;*if_icmpge {reexecute=1 rethrow=0 return_oop=0}
                      ; - (reexecute) java.lang.StringLatin1::replace@82 (line 308)
                      ; - java.lang.String::replace@18 (line 2933)
                      ; - java.net.URLClassLoader$1::run@8 (line 423)
                      ; - java.net.URLClassLoader$1::run@1 (line 421)
                      ; - java.security.AccessController::executePrivileged@29 (line 809)
                      ; - java.security.AccessController::doPrivileged@13 (line 714)
  0x00007ffbbc6aa618: 64ff 76ff 

  0x00007ffbbc6aa61c: ;   {other}
  0x00007ffbbc6aa61c: 0f1f 8400 | 8c41 004f | be76 ffff | ff4c 8b5c | 2438 4c89 | 5c24 2044 | 8954 2438 | 4c89 4c24 
  0x00007ffbbc6aa63c: 4066 6690 

  0x00007ffbbc6aa640: ;   {runtime_call UncommonTrapBlob}
  0x00007ffbbc6aa640: c5f8 77e8 

  0x00007ffbbc6aa644: ; ImmutableOopMap {[24]=Oop [32]=Oop [40]=Oop [48]=NarrowOop [52]=NarrowOop [64]=Oop }
                      ;*if_icmpge {reexecute=1 rethrow=0 return_oop=0}
                      ; - (reexecute) java.lang.StringLatin1::replace@61 (line 305)
                      ; - java.lang.String::replace@18 (line 2933)
                      ; - java.net.URLClassLoader$1::run@8 (line 423)
                      ; - java.net.URLClassLoader$1::run@1 (line 421)
                      ; - java.security.AccessController::executePrivileged@29 (line 809)
                      ; - java.security.AccessController::doPrivileged@13 (line 714)
  0x00007ffbbc6aa644: 38ff 76ff 

  0x00007ffbbc6aa648: ;   {other}
  0x00007ffbbc6aa648: 0f1f 8400 | b841 0050 | 41b9 0100 | 0000 e9c0 | c8ff ff49 | 8bf1 6690 | e937 f2ff | ff4c 8b44 
  0x00007ffbbc6aa668: 2460 458b | 5810 4585 | db0f 84eb | f1ff ff4d | 8b57 2849 | 8bfb 6690 | 4d85 d20f | 842f 1d00 
  0x00007ffbbc6aa688: 004d 8be9 | 488b 5c24 | 604d 8b5f | 384b 897c | 13f8 4983 | c2f8 4d89 | 5728 4c8b | c34d 8bcd 
  0x00007ffbbc6aa6a8: e9b5 f1ff | ff4c 8b4c | 2460 458b | 5114 4585 | d20f 8405 | f2ff ff4d | 8b5f 2849 | 8bfa 4d85 
  0x00007ffbbc6aa6c8: db0f 8416 | 1d00 004d | 8b57 384b | 897c 1af8 | 4983 c3f8 | 4d89 5f28 | e9df f1ff | ff4d 8b57 
  0x00007ffbbc6aa6e8: 584d 8b5f | 48f0 8344 | 24c0 0080 | 3f00 0f84 | 63f0 ffff | 4488 2790 | 4d85 db75 | 2049 8bf7 
  0x00007ffbbc6aa708: c5f8 7749 | ba80 cfaf | d0fb 7f00 | 0041 ffd2 

  0x00007ffbbc6aa718: ;   {other}
  0x00007ffbbc6aa718: 0f1f 8400 | 0000 0000 | e93a f0ff | ff4b 897c | 1af8 4983 | c3f8 4d89 | 5f48 e928 | f0ff ff4d 
  0x00007ffbbc6aa738: 8b57 484d | 8b5f 58f0 | 8344 24c0 | 0080 3f00 | 7439 4488 | 274d 85d2 | 7410 4b89 | 7c13 f849 
  0x00007ffbbc6aa758: 83c2 f84d | 8957 4890 | eb21 498b | d849 8bf7 | c5f8 7749 | ba80 cfaf | d0fb 7f00 | 0041 ffd2 
  0x00007ffbbc6aa778: ;   {other}
  0x00007ffbbc6aa778: 0f1f 8400 | 0000 0000 | 4c8b c345 | 8b50 1045 | 85d2 0f84 | 161e 0000 | 4d8b cae9 | 01f1 ffff 
  0x00007ffbbc6aa798: 4d8b 5748 | 4d8b 5f58 | f083 4424 | c000 803f | 000f 8450 | f1ff ff44 | 8827 4d85 | d275 2e49 
  0x00007ffbbc6aa7b8: 8bd9 498b | f7c5 f877 | 49ba 80cf | afd0 fb7f | 0000 41ff 

  0x00007ffbbc6aa7cc: ;   {other}
  0x00007ffbbc6aa7cc: d20f 1f84 | 0000 0000 | 004c 8bcb | 488b cd0f | 1f44 0000 | e91a f1ff | ff4b 897c | 13f8 4983 
  0x00007ffbbc6aa7ec: c2f8 4d89 | 5748 e908 | f1ff ff33 | ed45 85db | 400f 94c5 | be45 ffff | ff48 897c | 2418 4c89 
  0x00007ffbbc6aa80c: 7424 2889 | 4c24 3090 

  0x00007ffbbc6aa814: ;   {runtime_call UncommonTrapBlob}
  0x00007ffbbc6aa814: c5f8 77e8 

  0x00007ffbbc6aa818: ; ImmutableOopMap {[24]=Oop [40]=Oop [48]=NarrowOop [56]=Oop }
                      ;*ifeq {reexecute=1 rethrow=0 return_oop=0}
                      ; - (reexecute) java.lang.String::replace@9 (line 2933)
                      ; - java.net.URLClassLoader$1::run@8 (line 423)
                      ; - java.net.URLClassLoader$1::run@1 (line 421)
                      ; - java.security.AccessController::executePrivileged@29 (line 809)
                      ; - java.security.AccessController::doPrivileged@13 (line 714)
  0x00007ffbbc6aa818: 64fd 76ff 

  0x00007ffbbc6aa81c: ;   {other}
  0x00007ffbbc6aa81c: 0f1f 8400 | 8c43 0051 | be45 ffff | ff48 897c | 2418 4c89 | 7424 2848 | 895c 2430 

  0x00007ffbbc6aa838: ;   {runtime_call UncommonTrapBlob}
  0x00007ffbbc6aa838: c5f8 77e8 

  0x00007ffbbc6aa83c: ; ImmutableOopMap {[24]=Oop [40]=Oop [48]=Oop [56]=Oop }
                      ;*iflt {reexecute=1 rethrow=0 return_oop=0}
                      ; - (reexecute) java.lang.StringConcatHelper::checkOverflow@2 (line 65)
                      ; - java.lang.StringConcatHelper::mix@23 (line 127)
                      ; - java.lang.StringConcatHelper::simpleConcat@46 (line 433)
                      ; - java.lang.String::concat@11 (line 2899)
                      ; - java.net.URLClassLoader$1::run@13 (line 423)
                      ; - java.net.URLClassLoader$1::run@1 (line 421)
                      ; - java.security.AccessController::executePrivileged@29 (line 809)
                      ; - java.security.AccessController::doPrivileged@13 (line 714)
  0x00007ffbbc6aa83c: 40fd 76ff 

  0x00007ffbbc6aa840: ;   {other}
  0x00007ffbbc6aa840: 0f1f 8400 | b043 0052 | be45 ffff | ff48 8bef | 4c89 7424 | 2048 895c | 2428 4489 | 5424 3090 
  0x00007ffbbc6aa860: ;   {runtime_call UncommonTrapBlob}
  0x00007ffbbc6aa860: c5f8 77e8 

  0x00007ffbbc6aa864: ; ImmutableOopMap {rbp=Oop [32]=Oop [40]=Oop [56]=Oop }
                      ;*iflt {reexecute=1 rethrow=0 return_oop=0}
                      ; - (reexecute) java.lang.StringConcatHelper::checkOverflow@2 (line 65)
                      ; - java.lang.StringConcatHelper::mix@23 (line 127)
                      ; - java.lang.StringConcatHelper::simpleConcat@54 (line 434)
                      ; - java.lang.String::concat@11 (line 2899)
                      ; - java.net.URLClassLoader$1::run@13 (line 423)
                      ; - java.net.URLClassLoader$1::run@1 (line 421)
                      ; - java.security.AccessController::executePrivileged@29 (line 809)
                      ; - java.security.AccessController::doPrivileged@13 (line 714)
  0x00007ffbbc6aa864: 18fd 76ff 

  0x00007ffbbc6aa868: ;   {other}
  0x00007ffbbc6aa868: 0f1f 8400 | d843 0053 | be45 ffff | ff48 8bef | 4c8b 5424 | 384c 8954 | 2418 4c89 | 7424 2048 
  0x00007ffbbc6aa888: 895c 2430 | 4c89 6c24 | 3889 5424 | 4066 6690 

  0x00007ffbbc6aa898: ;   {runtime_call UncommonTrapBlob}
  0x00007ffbbc6aa898: c5f8 77e8 

  0x00007ffbbc6aa89c: ; ImmutableOopMap {rbp=Oop [24]=Oop [32]=Oop [48]=Oop [56]=Oop }
                      ;*if_icmpne {reexecute=1 rethrow=0 return_oop=0}
                      ; - (reexecute) java.lang.String::getBytes@5 (line 4725)
                      ; - java.lang.StringConcatHelper::prepend@21 (line 324)
                      ; - java.lang.StringConcatHelper::simpleConcat@81 (line 439)
                      ; - java.lang.String::concat@11 (line 2899)
                      ; - java.net.URLClassLoader$1::run@13 (line 423)
                      ; - java.net.URLClassLoader$1::run@1 (line 421)
                      ; - java.security.AccessController::executePrivileged@29 (line 809)
                      ; - java.security.AccessController::doPrivileged@13 (line 714)
  0x00007ffbbc6aa89c: e0fc 76ff 

  0x00007ffbbc6aa8a0: ;   {other}
  0x00007ffbbc6aa8a0: 0f1f 8400 | 1044 0054 | be45 ffff | ff48 8bef | 4c8b 5424 | 384c 8954 | 2418 4c89 | 7424 2048 
  0x00007ffbbc6aa8c0: 895c 2428 | 4889 4424 | 3089 5424 | 3866 6690 

  0x00007ffbbc6aa8d0: ;   {runtime_call UncommonTrapBlob}
  0x00007ffbbc6aa8d0: c5f8 77e8 

  0x00007ffbbc6aa8d4: ; ImmutableOopMap {rbp=Oop [24]=Oop [32]=Oop [40]=Oop }
                      ;*if_icmpne {reexecute=1 rethrow=0 return_oop=0}
                      ; - (reexecute) java.lang.StringConcatHelper::mix@13 (line 124)
                      ; - java.lang.StringConcatHelper::simpleConcat@46 (line 433)
                      ; - java.lang.String::concat@11 (line 2899)
                      ; - java.net.URLClassLoader$1::run@13 (line 423)
                      ; - java.net.URLClassLoader$1::run@1 (line 421)
                      ; - java.security.AccessController::executePrivileged@29 (line 809)
                      ; - java.security.AccessController::doPrivileged@13 (line 714)
  0x00007ffbbc6aa8d4: a8fc 76ff 

  0x00007ffbbc6aa8d8: ;   {other}
  0x00007ffbbc6aa8d8: 0f1f 8400 | 4844 0055 | be45 ffff | ff48 8bef | 4c8b 5c24 | 384c 895c | 2418 4c89 | 7424 2048 
  0x00007ffbbc6aa8f8: 895c 2428 | 4c89 4424 | 3044 8954 | 2438 6690 

  0x00007ffbbc6aa908: ;   {runtime_call UncommonTrapBlob}
  0x00007ffbbc6aa908: c5f8 77e8 

  0x00007ffbbc6aa90c: ; ImmutableOopMap {rbp=Oop [24]=Oop [32]=Oop [40]=Oop }
                      ;*ifge {reexecute=1 rethrow=0 return_oop=0}
                      ; - (reexecute) java.lang.StringConcatHelper::newArray@13 (line 508)
                      ; - java.lang.StringConcatHelper::simpleConcat@61 (line 435)
                      ; - java.lang.String::concat@11 (line 2899)
                      ; - java.net.URLClassLoader$1::run@13 (line 423)
                      ; - java.net.URLClassLoader$1::run@1 (line 421)
                      ; - java.security.AccessController::executePrivileged@29 (line 809)
                      ; - java.security.AccessController::doPrivileged@13 (line 714)
  0x00007ffbbc6aa90c: 70fc 76ff 

  0x00007ffbbc6aa910: ;   {other}
  0x00007ffbbc6aa910: 0f1f 8400 | 8044 0056 | bef6 ffff | ff48 8b6c | 2440 4c8b | 5c24 384c | 895c 2418 | 4c89 5424 
  0x00007ffbbc6aa930: 2048 8944 | 2430 895c | 2438 6690 

  0x00007ffbbc6aa93c: ;   {runtime_call UncommonTrapBlob}
  0x00007ffbbc6aa93c: c5f8 77e8 

  0x00007ffbbc6aa940: ; ImmutableOopMap {rbp=Oop [24]=Oop [32]=Oop [48]=Oop [56]=NarrowOop }
                      ;*invokevirtual defineClass {reexecute=0 rethrow=0 return_oop=0}
                      ; - java.net.URLClassLoader$1::run@43 (line 427)
                      ; - java.net.URLClassLoader$1::run@1 (line 421)
                      ; - java.security.AccessController::executePrivileged@29 (line 809)
                      ; - java.security.AccessController::doPrivileged@13 (line 714)
  0x00007ffbbc6aa940: 3cfc 76ff 

  0x00007ffbbc6aa944: ;   {other}
  0x00007ffbbc6aa944: 0f1f 8400 | b444 0057 | bef6 ffff | ff48 8b6c | 2440 4c8b | 5424 384c | 8954 2418 | 4c8b 5424 
  0x00007ffbbc6aa964: 484c 8954 | 2420 4c89 | 5c24 304c | 8b54 2450 | 4c89 5424 | 3848 894c | 2450 6690 

  0x00007ffbbc6aa980: ;   {runtime_call UncommonTrapBlob}
  0x00007ffbbc6aa980: c5f8 77e8 

  0x00007ffbbc6aa984: ; ImmutableOopMap {rbp=Oop [24]=Oop [32]=Oop [48]=Oop [80]=Oop [152]=NarrowOop [156]=NarrowOop [160]=NarrowOop [168]=Oop }
                      ;*invokevirtual get {reexecute=0 rethrow=0 return_oop=0}
                      ; - java.lang.ClassLoader::getDefinedPackage@13 (line 2263)
                      ; - java.net.URLClassLoader::getAndVerifyPackage@2 (line 457)
                      ; - java.net.URLClassLoader::defineClass@46 (line 492)
                      ; - java.net.URLClassLoader$1::run@43 (line 427)
                      ; - java.net.URLClassLoader$1::run@1 (line 421)
                      ; - java.security.AccessController::executePrivileged@29 (line 809)
                      ; - java.security.AccessController::doPrivileged@13 (line 714)
  0x00007ffbbc6aa984: f8fb 76ff 

  0x00007ffbbc6aa988: ;   {other}
  0x00007ffbbc6aa988: 0f1f 8400 | f844 0058 | bede ffff | ff4c 8b54 | 2440 4c89 | 5424 184c | 8b54 2438 | 4c89 5424 
  0x00007ffbbc6aa9a8: 204c 8b54 | 2448 4c89 | 5424 284c | 8b54 2450 | 4c89 5424 | 3844 8944 | 2454 6690 

  0x00007ffbbc6aa9c4: ;   {runtime_call UncommonTrapBlob}
  0x00007ffbbc6aa9c4: c5f8 77e8 

  0x00007ffbbc6aa9c8: ; ImmutableOopMap {rbp=NarrowOop [24]=Oop [32]=Oop [40]=Oop [48]=Oop [84]=NarrowOop [96]=Oop [152]=NarrowOop [156]=NarrowOop [160]=NarrowOop [168]=Oop }
                      ;*invokeinterface ensureInitialization {reexecute=0 rethrow=0 return_oop=0}
                      ; - jdk.internal.loader.URLClassPath$JarLoader$2::getManifest@10 (line 852)
                      ; - java.net.URLClassLoader::defineClass@34 (line 491)
                      ; - java.net.URLClassLoader$1::run@43 (line 427)
                      ; - java.net.URLClassLoader$1::run@1 (line 421)
                      ; - java.security.AccessController::executePrivileged@29 (line 809)
                      ; - java.security.AccessController::doPrivileged@13 (line 714)
  0x00007ffbbc6aa9c8: b4fb 76ff 

  0x00007ffbbc6aa9cc: ;   {other}
  0x00007ffbbc6aa9cc: 0f1f 8400 | 3c45 0059 | 4489 4424 | 7449 8bf3 | 488d 9424 | e000 0000 

  0x00007ffbbc6aa9e4: ;   {runtime_call _complete_monitor_locking_Java}
  0x00007ffbbc6aa9e4: c5f8 77e8 

  0x00007ffbbc6aa9e8: ; ImmutableOopMap {rbp=NarrowOop [32]=Oop [40]=Oop [56]=Oop [64]=Oop [72]=Oop [88]=Oop [96]=Oop [104]=Oop [152]=NarrowOop [156]=NarrowOop [160]=NarrowOop [168]=Oop }
                      ;*synchronization entry
                      ; - java.util.jar.JarFile::ensureInitialization@-1 (line 1064)
                      ; - java.util.jar.JavaUtilJarAccessImpl::ensureInitialization@1 (line 42)
                      ; - jdk.internal.loader.URLClassPath$JarLoader$2::getManifest@10 (line 852)
                      ; - java.net.URLClassLoader::defineClass@34 (line 491)
                      ; - java.net.URLClassLoader$1::run@43 (line 427)
                      ; - java.net.URLClassLoader$1::run@1 (line 421)
                      ; - java.security.AccessController::executePrivileged@29 (line 809)
                      ; - java.security.AccessController::doPrivileged@13 (line 714)
  0x00007ffbbc6aa9e8: 1498 84ff 

  0x00007ffbbc6aa9ec: ;   {other}
  0x00007ffbbc6aa9ec: 0f1f 8400 | 5c45 005a | 448b 4424 | 74e9 0bcd | ffff 4d8b | d349 8bfa | 488d b424 | e000 0000 
  0x00007ffbbc6aaa0c: 498b d7c5 | f877 49ba | c00b 10d1 | fb7f 0000 

  0x00007ffbbc6aaa1c: ;   {other}
  0x00007ffbbc6aaa1c: 41ff d20f | 1f84 0000 | 0000 00e9 | 9ecd ffff | bede ffff | ff4c 8b54 | 2440 4c89 | 5424 184c 
  0x00007ffbbc6aaa3c: 8b54 2438 | 4c89 5424 | 204c 8b54 | 2448 4c89 | 5424 284c | 8b54 2458 | 4c89 5424 | 304c 8b54 
  0x00007ffbbc6aaa5c: 2450 4c89 | 5424 3890 

  0x00007ffbbc6aaa64: ;   {runtime_call UncommonTrapBlob}
  0x00007ffbbc6aaa64: c5f8 77e8 

  0x00007ffbbc6aaa68: ; ImmutableOopMap {rbp=NarrowOop [24]=Oop [32]=Oop [40]=Oop [48]=Oop [96]=Oop [152]=NarrowOop [156]=NarrowOop [160]=NarrowOop [168]=Oop }
                      ;*invokevirtual getManifest {reexecute=0 rethrow=0 return_oop=0}
                      ; - jdk.internal.loader.URLClassPath$JarLoader$2::getManifest@22 (line 853)
                      ; - java.net.URLClassLoader::defineClass@34 (line 491)
                      ; - java.net.URLClassLoader$1::run@43 (line 427)
                      ; - java.net.URLClassLoader$1::run@1 (line 421)
                      ; - java.security.AccessController::executePrivileged@29 (line 809)
                      ; - java.security.AccessController::doPrivileged@13 (line 714)
  0x00007ffbbc6aaa68: 14fb 76ff 

  0x00007ffbbc6aaa6c: ;   {other}
  0x00007ffbbc6aaa6c: 0f1f 8400 | dc45 005b | 4c89 4424 | 704c 895c | 2468 896c | 2460 458b | ca4c 63d5 | 4d8b c2e9 
  0x00007ffbbc6aaa8c: 50ca ffff | 4d8d 50fe | 498b ca49 | 8bf9 4833 | c048 83f9 | 087f 1048 | ffc9 7856 | 4889 04cf 
  0x00007ffbbc6aaaac: 48ff c97d | f7eb 4bc5 | fdef c0e9 | 0d00 0000 | c5fe 7f07 | c5fe 7f47 | 2048 83c7 | 4048 83e9 
  0x00007ffbbc6aaacc: 087d ed48 | 83c1 047c | 0cc5 fe7f | 0748 83c7 | 2048 83e9 | 0448 83c1 | 047e 1748 | c7c0 ffff 
  0x00007ffbbc6aaaec: ffff c4e2 | f0f5 c0c4 | e1fb 92f8 | 62f1 fe2f | 7f07 6690 | e9d5 caff | ffbe 45ff | ffff 4c8b 
  0x00007ffbbc6aab0c: 5c24 404c | 895c 2418 | 4c8b 5c24 | 384c 895c | 2420 4c8b | 5c24 484c | 895c 2428 | 4c89 5424 
  0x00007ffbbc6aab2c: 384c 8b54 | 2450 4c89 | 5424 4090 

  0x00007ffbbc6aab38: ;   {runtime_call UncommonTrapBlob}
  0x00007ffbbc6aab38: c5f8 77e8 

  0x00007ffbbc6aab3c: ; ImmutableOopMap {rbp=NarrowOop [24]=Oop [32]=Oop [40]=Oop [56]=Oop [152]=NarrowOop [156]=NarrowOop [160]=NarrowOop }
                      ;*ifeq {reexecute=1 rethrow=0 return_oop=0}
                      ; - (reexecute) jdk.internal.loader.Resource::getByteBuffer@9 (line 164)
                      ; - java.net.URLClassLoader::defineClass@132 (line 511)
                      ; - java.net.URLClassLoader$1::run@43 (line 427)
                      ; - java.net.URLClassLoader$1::run@1 (line 421)
                      ; - java.security.AccessController::executePrivileged@29 (line 809)
                      ; - java.security.AccessController::doPrivileged@13 (line 714)
  0x00007ffbbc6aab3c: 40fa 76ff 

  0x00007ffbbc6aab40: ;   {other}
  0x00007ffbbc6aab40: 0f1f 8400 | b046 005c | bee4 ffff | ff4c 8b54 | 2440 4c89 | 5424 184c | 8b54 2438 | 4c89 5424 
  0x00007ffbbc6aab60: 204c 8b54 | 2448 4c89 | 5424 2844 | 894c 245c 

  0x00007ffbbc6aab70: ;   {runtime_call UncommonTrapBlob}
  0x00007ffbbc6aab70: c5f8 77e8 

  0x00007ffbbc6aab74: ; ImmutableOopMap {[24]=Oop [32]=Oop [40]=Oop [48]=Oop [92]=NarrowOop [96]=Oop [104]=Oop [156]=NarrowOop [160]=NarrowOop }
                      ;*invokestatic checkIndex {reexecute=0 rethrow=0 return_oop=0}
                      ; - java.nio.Buffer::checkIndex@8 (line 768)
                      ; - java.nio.DirectLongBufferU::get@11 (line 342)
                      ; - jdk.internal.perf.PerfCounter::get@5 (line 84)
                      ; - jdk.internal.perf.PerfCounter::add@1 (line 98)
                      ; - jdk.internal.perf.PerfCounter::addElapsedTimeFrom@6 (line 120)
                      ; - java.net.URLClassLoader::defineClass@207 (line 523)
                      ; - java.net.URLClassLoader$1::run@43 (line 427)
                      ; - java.net.URLClassLoader$1::run@1 (line 421)
                      ; - java.security.AccessController::executePrivileged@29 (line 809)
                      ; - java.security.AccessController::doPrivileged@13 (line 714)
  0x00007ffbbc6aab74: 08fa 76ff 

  0x00007ffbbc6aab78: ;   {other}
  0x00007ffbbc6aab78: 0f1f 8400 | e846 005d | becc ffff | ff48 8b6c | 2440 4c8b | 5424 384c | 8954 2418 | 4c8b 5424 
  0x00007ffbbc6aab98: 484c 8954 | 2420 4c8b | 5424 504c | 8954 2438 | 4489 4c24 | 4444 8b5c | 2460 4489 | 5c24 4c90 
  0x00007ffbbc6aabb8: ;   {runtime_call UncommonTrapBlob}
  0x00007ffbbc6aabb8: c5f8 77e8 

  0x00007ffbbc6aabbc: ; ImmutableOopMap {rbp=Oop [24]=Oop [32]=Oop [48]=Oop [68]=NarrowOop [104]=Oop [152]=NarrowOop [156]=NarrowOop [160]=NarrowOop }
                      ;*newarray {reexecute=1 rethrow=0 return_oop=0}
                      ; - (reexecute) java.util.Arrays::copyOfRangeByte@10 (line 3863)
                      ; - java.util.Arrays::copyOfRange@13 (line 3854)
                      ; - java.lang.StringLatin1::newString@16 (line 752)
                      ; - java.lang.String::substring@41 (line 2839)
                      ; - java.net.URLClassLoader::defineClass@28 (line 489)
                      ; - java.net.URLClassLoader$1::run@43 (line 427)
                      ; - java.net.URLClassLoader$1::run@1 (line 421)
                      ; - java.security.AccessController::executePrivileged@29 (line 809)
                      ; - java.security.AccessController::doPrivileged@13 (line 714)
  0x00007ffbbc6aabbc: c0f9 76ff 

  0x00007ffbbc6aabc0: ;   {other}
  0x00007ffbbc6aabc0: 0f1f 8400 | 3047 005e | bee4 ffff | ff4c 8b54 | 2440 4c89 | 5424 184c | 8b54 2438 | 4c89 5424 
  0x00007ffbbc6aabe0: 204c 8b54 | 2448 4c89 | 5424 284c | 8b54 2450 | 4c89 5424 | 3848 8944 | 2468 8954 | 2470 6690 
  0x00007ffbbc6aac00: ;   {runtime_call UncommonTrapBlob}
  0x00007ffbbc6aac00: c5f8 77e8 

  0x00007ffbbc6aac04: ; ImmutableOopMap {[24]=Oop [32]=Oop [40]=Oop [48]=Oop [88]=Oop [104]=Oop [152]=NarrowOop [156]=NarrowOop [160]=NarrowOop }
                      ;*invokestatic checkIndex {reexecute=0 rethrow=0 return_oop=0}
                      ; - java.util.zip.CRC32::updateBytesCheck@30 (line 153)
                      ; - java.util.zip.CRC32::updateBytes@3 (line 139)
                      ; - java.util.zip.CRC32::update@31 (line 79)
                      ; - java.util.zip.Checksum::update@5 (line 58)
                      ; - jdk.internal.loader.URLClassPath$JarLoader$2::getBytes@15 (line 864)
                      ; - java.net.URLClassLoader::defineClass@179 (line 519)
                      ; - java.net.URLClassLoader$1::run@43 (line 427)
                      ; - java.net.URLClassLoader$1::run@1 (line 421)
                      ; - java.security.AccessController::executePrivileged@29 (line 809)
                      ; - java.security.AccessController::doPrivileged@13 (line 714)
  0x00007ffbbc6aac04: 78f9 76ff 

  0x00007ffbbc6aac08: ;   {other}
  0x00007ffbbc6aac08: 0f1f 8400 | 7847 005f | 4c89 4424 | 1848 8b6c | 2430 488b | 7424 3048 | 8d94 24e0 | 0000 0090 
  0x00007ffbbc6aac28: ;   {runtime_call _complete_monitor_locking_Java}
  0x00007ffbbc6aac28: c5f8 77e8 

  0x00007ffbbc6aac2c: ; ImmutableOopMap {rbp=Oop [40]=Oop [56]=Oop [64]=Oop [72]=Oop [152]=NarrowOop [156]=NarrowOop [160]=NarrowOop }
                      ;*synchronization entry
                      ; - jdk.internal.loader.Resource::cachedInputStream@-1 (line 76)
                      ; - jdk.internal.loader.Resource::getByteBuffer@1 (line 163)
                      ; - java.net.URLClassLoader::defineClass@132 (line 511)
                      ; - java.net.URLClassLoader$1::run@43 (line 427)
                      ; - java.net.URLClassLoader$1::run@1 (line 421)
                      ; - java.security.AccessController::executePrivileged@29 (line 809)
                      ; - java.security.AccessController::doPrivileged@13 (line 714)
  0x00007ffbbc6aac2c: d095 84ff 

  0x00007ffbbc6aac30: ;   {other}
  0x00007ffbbc6aac30: 0f1f 8400 | a047 0060 | 4c8b d54c | 8b44 2418 | e9e1 d7ff | ff45 8bf3 | 4d8b e849 | 8bda 498b 
  0x00007ffbbc6aac50: fa48 8db4 | 24e0 0000 | 0049 8bd7 | c5f8 7749 | bac0 0b10 | d1fb 7f00 | 0041 ffd2 

  0x00007ffbbc6aac6c: ;   {other}
  0x00007ffbbc6aac6c: 0f1f 8400 | 0000 0000 | 4c8b d34d | 8bc5 458b | de66 6690 | e90d d9ff 

  0x00007ffbbc6aac84: ;   {oop(a 'jdk/internal/perf/PerfCounter'{0x000000008008b400})}
  0x00007ffbbc6aac84: ff48 be00 | b408 8000 | 0000 0048 | 8d94 24e0 | 0000 0048 | 8b6c 2440 

  0x00007ffbbc6aac9c: ;   {runtime_call _complete_monitor_locking_Java}
  0x00007ffbbc6aac9c: c5f8 77e8 

  0x00007ffbbc6aaca0: ; ImmutableOopMap {rbp=Oop [40]=Oop [48]=Oop [56]=Oop [64]=Oop [72]=Oop [96]=Oop [104]=Oop [156]=NarrowOop [160]=NarrowOop }
                      ;*synchronization entry
                      ; - jdk.internal.perf.PerfCounter::add@-1 (line 98)
                      ; - jdk.internal.perf.PerfCounter::addElapsedTimeFrom@6 (line 120)
                      ; - java.net.URLClassLoader::defineClass@207 (line 523)
                      ; - java.net.URLClassLoader$1::run@43 (line 427)
                      ; - java.net.URLClassLoader$1::run@1 (line 421)
                      ; - java.security.AccessController::executePrivileged@29 (line 809)
                      ; - java.security.AccessController::doPrivileged@13 (line 714)
  0x00007ffbbc6aaca0: 5c95 84ff 

  0x00007ffbbc6aaca4: ;   {other}
  0x00007ffbbc6aaca4: 0f1f 8400 | 1448 0061 | e9bd dbff | ffbe ecff | ffff 4c8b | 5424 404c | 8954 2418 | 4c8b 5424 
  0x00007ffbbc6aacc4: 384c 8954 | 2420 4c8b | 5424 484c | 8954 2428 | 4489 4c24 | 5c66 6690 

  0x00007ffbbc6aacdc: ;   {runtime_call UncommonTrapBlob}
  0x00007ffbbc6aacdc: c5f8 77e8 

  0x00007ffbbc6aace0: ; ImmutableOopMap {rbp=NarrowOop [24]=Oop [32]=Oop [40]=Oop [48]=Oop [92]=NarrowOop [96]=Oop [104]=Oop [156]=NarrowOop [160]=NarrowOop }
                      ;*ifnull {reexecute=1 rethrow=0 return_oop=0}
                      ; - (reexecute) java.nio.Buffer::session@4 (line 792)
                      ; - java.nio.DirectLongBufferU::get@4 (line 342)
                      ; - jdk.internal.perf.PerfCounter::get@5 (line 84)
                      ; - jdk.internal.perf.PerfCounter::add@1 (line 98)
                      ; - jdk.internal.perf.PerfCounter::addElapsedTimeFrom@6 (line 120)
                      ; - java.net.URLClassLoader::defineClass@207 (line 523)
                      ; - java.net.URLClassLoader$1::run@43 (line 427)
                      ; - java.net.URLClassLoader$1::run@1 (line 421)
                      ; - java.security.AccessController::executePrivileged@29 (line 809)
                      ; - java.security.AccessController::doPrivileged@13 (line 714)
  0x00007ffbbc6aace0: 9cf8 76ff 

  0x00007ffbbc6aace4: ;   {other}
  0x00007ffbbc6aace4: 0f1f 8400 | 5448 0062 | becc ffff | ff4c 8b54 | 2440 4c89 | 5424 184c | 8b54 2438 | 4c89 5424 
  0x00007ffbbc6aad04: 204c 8b54 | 2448 4c89 | 5424 2844 | 894c 245c 

  0x00007ffbbc6aad14: ;   {runtime_call UncommonTrapBlob}
  0x00007ffbbc6aad14: c5f8 77e8 

  0x00007ffbbc6aad18: ; ImmutableOopMap {[24]=Oop [32]=Oop [40]=Oop [48]=Oop [92]=NarrowOop [96]=Oop [104]=Oop [156]=NarrowOop [160]=NarrowOop }
                      ;*invokestatic checkIndex {reexecute=0 rethrow=0 return_oop=0}
                      ; - java.nio.Buffer::checkIndex@8 (line 768)
                      ; - java.nio.DirectLongBufferU::get@11 (line 342)
                      ; - jdk.internal.perf.PerfCounter::get@5 (line 84)
                      ; - jdk.internal.perf.PerfCounter::add@1 (line 98)
                      ; - jdk.internal.perf.PerfCounter::addElapsedTimeFrom@6 (line 120)
                      ; - java.net.URLClassLoader::defineClass@207 (line 523)
                      ; - java.net.URLClassLoader$1::run@43 (line 427)
                      ; - java.net.URLClassLoader$1::run@1 (line 421)
                      ; - java.security.AccessController::executePrivileged@29 (line 809)
                      ; - java.security.AccessController::doPrivileged@13 (line 714)
  0x00007ffbbc6aad18: 64f8 76ff 

  0x00007ffbbc6aad1c: ;   {other}
  0x00007ffbbc6aad1c: 0f1f 8400 | 8c48 0063 

  0x00007ffbbc6aad24: ;   {oop(a 'jdk/internal/perf/PerfCounter'{0x000000008008b400})}
  0x00007ffbbc6aad24: 48bf 00b4 | 0880 0000 | 0000 488d | b424 e000 | 0000 498b | d7c5 f877 | 49ba c00b | 10d1 fb7f 
  0x00007ffbbc6aad44: 0000 41ff 

  0x00007ffbbc6aad48: ;   {other}
  0x00007ffbbc6aad48: d20f 1f84 | 0000 0000 | 00e9 01dc | ffff bede | ffff ff4c | 8b54 2440 | 4c89 5424 | 184c 8b54 
  0x00007ffbbc6aad68: 2438 4c89 | 5424 204c | 8b54 2448 | 4c89 5424 | 284c 8b54 | 2450 4c89 | 5424 3890 

  0x00007ffbbc6aad84: ;   {runtime_call UncommonTrapBlob}
  0x00007ffbbc6aad84: c5f8 77e8 

  0x00007ffbbc6aad88: ; ImmutableOopMap {rbp=NarrowOop [24]=Oop [32]=Oop [40]=Oop [48]=Oop [96]=Oop [152]=NarrowOop [156]=NarrowOop [160]=NarrowOop }
                      ;*invokevirtual getCodeSigners {reexecute=0 rethrow=0 return_oop=0}
                      ; - jdk.internal.loader.URLClassPath$JarLoader$2::getCodeSigners@4 (line 858)
                      ; - java.net.URLClassLoader::defineClass@185 (line 521)
                      ; - java.net.URLClassLoader$1::run@43 (line 427)
                      ; - java.net.URLClassLoader$1::run@1 (line 421)
                      ; - java.security.AccessController::executePrivileged@29 (line 809)
                      ; - java.security.AccessController::doPrivileged@13 (line 714)
  0x00007ffbbc6aad88: f4f7 76ff 

  0x00007ffbbc6aad8c: ;   {other}
  0x00007ffbbc6aad8c: 0f1f 8400 | fc48 0064 | bef6 ffff | ff48 8b6c | 2440 4c8b | 5424 384c | 8954 2418 | 4c8b 5424 
  0x00007ffbbc6aadac: 484c 8954 | 2420 4c8b | 5424 504c | 8954 2438 | 4c8b 9424 | 8000 0000 | 4c89 5424 | 4866 6690 
  0x00007ffbbc6aadcc: ;   {runtime_call UncommonTrapBlob}
  0x00007ffbbc6aadcc: c5f8 77e8 

  0x00007ffbbc6aadd0: ; ImmutableOopMap {rbp=Oop [24]=Oop [32]=Oop [48]=Oop [72]=Oop [104]=Oop [152]=NarrowOop [156]=NarrowOop [160]=NarrowOop }
                      ;*invokevirtual get {reexecute=0 rethrow=0 return_oop=0}
                      ; - java.lang.ClassLoader::definePackage@47 (line 2125)
                      ; - java.lang.ClassLoader::getDefinedPackage@32 (line 2267)
                      ; - java.net.URLClassLoader::getAndVerifyPackage@2 (line 457)
                      ; - java.net.URLClassLoader::defineClass@46 (line 492)
                      ; - java.net.URLClassLoader$1::run@43 (line 427)
                      ; - java.net.URLClassLoader$1::run@1 (line 421)
                      ; - java.security.AccessController::executePrivileged@29 (line 809)
                      ; - java.security.AccessController::doPrivileged@13 (line 714)
  0x00007ffbbc6aadd0: acf7 76ff 

  0x00007ffbbc6aadd4: ;   {other}
  0x00007ffbbc6aadd4: 0f1f 8400 | 4449 0065 | 4d63 d390 | e90b dfff | ffbe 76ff | ffff 488b | 6c24 404c | 8b54 2438 
  0x00007ffbbc6aadf4: 4c89 5424 | 184c 8b54 | 2448 4c89 | 5424 204c | 8b54 2450 | 4c89 5424 | 384c 8b94 | 2480 0000 
  0x00007ffbbc6aae14: 004c 8954 | 2448 4c8b | 5424 704c | 8954 2450 | 4c89 4c24 | 6044 8b94 | 2488 0000 | 0044 8954 
  0x00007ffbbc6aae34: 2444 448b | 9c24 a800 | 0000 4489 | 9c24 8400 | 0000 6690 

  0x00007ffbbc6aae48: ;   {runtime_call UncommonTrapBlob}
  0x00007ffbbc6aae48: c5f8 77e8 

  0x00007ffbbc6aae4c: ; ImmutableOopMap {rbp=Oop [24]=Oop [32]=Oop [48]=Oop [68]=NarrowOop [72]=Oop [80]=Oop [96]=Oop [152]=NarrowOop [156]=NarrowOop [160]=NarrowOop [164]=NarrowOop }
                      ;*if_icmpge {reexecute=1 rethrow=0 return_oop=0}
                      ; - (reexecute) java.lang.StringLatin1::replace@19 (line 297)
                      ; - java.lang.String::replace@18 (line 2933)
                      ; - java.net.URLClassLoader::isSealed@9 (line 601)
                      ; - java.net.URLClassLoader::getAndVerifyPackage@68 (line 469)
                      ; - java.net.URLClassLoader::defineClass@46 (line 492)
                      ; - java.net.URLClassLoader$1::run@43 (line 427)
                      ; - java.net.URLClassLoader$1::run@1 (line 421)
                      ; - java.security.AccessController::executePrivileged@29 (line 809)
                      ; - java.security.AccessController::doPrivileged@13 (line 714)
  0x00007ffbbc6aae4c: 30f7 76ff 

  0x00007ffbbc6aae50: ;   {other}
  0x00007ffbbc6aae50: 0f1f 8400 | c049 0066 | be45 ffff | ff48 8b6c | 2440 4c8b | 5424 384c | 8954 2418 | 4c8b 5424 
  0x00007ffbbc6aae70: 484c 8954 | 2420 4c8b | 5424 504c | 8954 2438 | 4c8b 9424 | 8000 0000 | 4c89 5424 | 484c 8b54 
  0x00007ffbbc6aae90: 2468 4c89 | 5424 5044 | 8b94 249c | 0000 0044 | 8954 2478 | 4489 5424 | 7c66 6690 

  0x00007ffbbc6aaeac: ;   {runtime_call UncommonTrapBlob}
  0x00007ffbbc6aaeac: c5f8 77e8 

  0x00007ffbbc6aaeb0: ; ImmutableOopMap {rbp=Oop [24]=Oop [32]=Oop [48]=Oop [72]=Oop [80]=Oop [120]=NarrowOop [124]=NarrowOop [136]=NarrowOop [152]=NarrowOop [160]=NarrowOop }
                      ;*ifeq {reexecute=1 rethrow=0 return_oop=0}
                      ; - (reexecute) java.lang.ClassLoader::definePackage@4 (line 2120)
                      ; - java.lang.ClassLoader::getDefinedPackage@32 (line 2267)
                      ; - java.net.URLClassLoader::getAndVerifyPackage@2 (line 457)
                      ; - java.net.URLClassLoader::defineClass@46 (line 492)
                      ; - java.net.URLClassLoader$1::run@43 (line 427)
                      ; - java.net.URLClassLoader$1::run@1 (line 421)
                      ; - java.security.AccessController::executePrivileged@29 (line 809)
                      ; - java.security.AccessController::doPrivileged@13 (line 714)
  0x00007ffbbc6aaeb0: ccf6 76ff 

  0x00007ffbbc6aaeb4: ;   {other}
  0x00007ffbbc6aaeb4: 0f1f 8400 | 244a 0067 | be45 ffff | ff48 8b6c | 2440 4c8b | 5424 384c | 8954 2418 | 4c8b 5424 
  0x00007ffbbc6aaed4: 484c 8954 | 2420 4c8b | 5424 504c | 8954 2438 | 4c8b 9424 | 8000 0000 | 4c89 5424 | 484c 8b54 
  0x00007ffbbc6aaef4: 2470 4c89 | 5424 504c | 8b54 2468 | 4c89 5424 | 6066 6690 

  0x00007ffbbc6aaf08: ;   {runtime_call UncommonTrapBlob}
  0x00007ffbbc6aaf08: c5f8 77e8 

  0x00007ffbbc6aaf0c: ; ImmutableOopMap {rbp=Oop [24]=Oop [32]=Oop [48]=Oop [72]=Oop [80]=Oop [96]=Oop [152]=NarrowOop [156]=NarrowOop [160]=NarrowOop [164]=NarrowOop }
                      ;*ifeq {reexecute=1 rethrow=0 return_oop=0}
                      ; - (reexecute) java.lang.StringConcatHelper::simpleConcat@14 (line 423)
                      ; - java.lang.String::concat@11 (line 2899)
                      ; - java.net.URLClassLoader::isSealed@15 (line 601)
                      ; - java.net.URLClassLoader::getAndVerifyPackage@68 (line 469)
                      ; - java.net.URLClassLoader::defineClass@46 (line 492)
                      ; - java.net.URLClassLoader$1::run@43 (line 427)
                      ; - java.net.URLClassLoader$1::run@1 (line 421)
                      ; - java.security.AccessController::executePrivileged@29 (line 809)
                      ; - java.security.AccessController::doPrivileged@13 (line 714)
  0x00007ffbbc6aaf0c: 70f6 76ff 

  0x00007ffbbc6aaf10: ;   {other}
  0x00007ffbbc6aaf10: 0f1f 8400 | 804a 0068 | becc ffff | ff48 8b6c | 2440 4c8b | 5424 384c | 8954 2418 | 4c8b 5424 
  0x00007ffbbc6aaf30: 484c 8954 | 2420 4c8b | 5424 504c | 8954 2438 | 448b 9c24 | 9800 0000 | 4489 5c24 | 404c 8b94 
  0x00007ffbbc6aaf50: 2480 0000 | 004c 8954 | 2448 4c8b | 5424 704c | 8954 2450 | 4c8b 5424 | 684c 8954 | 2460 448b 
  0x00007ffbbc6aaf70: 9424 9c00 | 0000 4489 | 5424 4444 | 8b9c 24a0 | 0000 0044 | 895c 2478 | 4c8b 9424 | 8800 0000 
  0x00007ffbbc6aaf90: 4c89 9424 | 8000 0000 | 4c89 8c24 | 9800 0000 

  0x00007ffbbc6aafa0: ;   {runtime_call UncommonTrapBlob}
  0x00007ffbbc6aafa0: c5f8 77e8 

  0x00007ffbbc6aafa4: ; ImmutableOopMap {rbp=Oop [24]=Oop [32]=Oop [48]=Oop [64]=NarrowOop [68]=NarrowOop [72]=Oop [80]=Oop [96]=Oop [120]=NarrowOop [128]=Oop [152]=Oop [164]=NarrowOop [184]=Oop }
                      ;*invokestatic arraycopy {reexecute=0 rethrow=0 return_oop=0}
                      ; - java.lang.String::getBytes@22 (line 4726)
                      ; - java.lang.StringConcatHelper::prepend@21 (line 324)
                      ; - java.lang.StringConcatHelper::simpleConcat@71 (line 438)
                      ; - java.lang.String::concat@11 (line 2899)
                      ; - java.net.URLClassLoader::isSealed@15 (line 601)
                      ; - java.net.URLClassLoader::getAndVerifyPackage@68 (line 469)
                      ; - java.net.URLClassLoader::defineClass@46 (line 492)
                      ; - java.net.URLClassLoader$1::run@43 (line 427)
                      ; - java.net.URLClassLoader$1::run@1 (line 421)
                      ; - java.security.AccessController::executePrivileged@29 (line 809)
                      ; - java.security.AccessController::doPrivileged@13 (line 714)
  0x00007ffbbc6aafa4: d8f5 76ff 

  0x00007ffbbc6aafa8: ;   {other}
  0x00007ffbbc6aafa8: 0f1f 8400 | 184b 0069 | becc ffff | ff48 8b6c | 2440 4c8b | 5424 384c | 8954 2418 | 4c8b 5424 
  0x00007ffbbc6aafc8: 484c 8954 | 2420 4c8b | 5424 504c | 8954 2438 | 448b 9424 | 9800 0000 | 4489 5424 | 404c 8b94 
  0x00007ffbbc6aafe8: 2480 0000 | 004c 8954 | 2448 4c8b | 5424 704c | 8954 2450 | 4c8b 5424 | 684c 8954 | 2460 448b 
  0x00007ffbbc6ab008: 9c24 9c00 | 0000 4489 | 5c24 444c | 8b94 24b8 | 0000 004c | 8994 2498 | 0000 0090 

  0x00007ffbbc6ab024: ;   {runtime_call UncommonTrapBlob}
  0x00007ffbbc6ab024: c5f8 77e8 

  0x00007ffbbc6ab028: ; ImmutableOopMap {rbp=Oop [24]=Oop [32]=Oop [48]=Oop [64]=NarrowOop [68]=NarrowOop [72]=Oop [80]=Oop [96]=Oop [120]=Oop [152]=Oop [160]=NarrowOop [164]=NarrowOop [184]=Oop }
                      ;*invokestatic arraycopy {reexecute=0 rethrow=0 return_oop=0}
                      ; - java.lang.String::getBytes@22 (line 4726)
                      ; - java.lang.StringConcatHelper::prepend@21 (line 324)
                      ; - java.lang.StringConcatHelper::simpleConcat@81 (line 439)
                      ; - java.lang.String::concat@11 (line 2899)
                      ; - java.net.URLClassLoader::isSealed@15 (line 601)
                      ; - java.net.URLClassLoader::getAndVerifyPackage@68 (line 469)
                      ; - java.net.URLClassLoader::defineClass@46 (line 492)
                      ; - java.net.URLClassLoader$1::run@43 (line 427)
                      ; - java.net.URLClassLoader$1::run@1 (line 421)
                      ; - java.security.AccessController::executePrivileged@29 (line 809)
                      ; - java.security.AccessController::doPrivileged@13 (line 714)
  0x00007ffbbc6ab028: 54f5 76ff 

  0x00007ffbbc6ab02c: ;   {other}
  0x00007ffbbc6ab02c: 0f1f 8400 | 9c4b 006a | bede ffff | ff48 8b6c | 2440 4c8b | 5424 384c | 8954 2418 | 4c8b 5424 
  0x00007ffbbc6ab04c: 484c 8954 | 2420 4c8b | 5424 504c | 8954 2438 | 4c8b 9424 | 8000 0000 | 4c89 5424 | 484c 8b54 
  0x00007ffbbc6ab06c: 2470 4c89 | 5424 504c | 8b54 2468 | 4c89 5424 | 604c 898c | 2480 0000 | 0066 6690 

  0x00007ffbbc6ab088: ;   {runtime_call UncommonTrapBlob}
  0x00007ffbbc6ab088: c5f8 77e8 

  0x00007ffbbc6ab08c: ; ImmutableOopMap {rbp=Oop [24]=Oop [32]=Oop [48]=Oop [72]=Oop [80]=Oop [96]=Oop [128]=Oop [152]=NarrowOop [156]=NarrowOop [160]=NarrowOop [164]=NarrowOop }
                      ;*invokeinterface getTrustedAttributes {reexecute=0 rethrow=0 return_oop=0}
                      ; - java.net.URLClassLoader::isSealed@18 (line 601)
                      ; - java.net.URLClassLoader::getAndVerifyPackage@68 (line 469)
                      ; - java.net.URLClassLoader::defineClass@46 (line 492)
                      ; - java.net.URLClassLoader$1::run@43 (line 427)
                      ; - java.net.URLClassLoader$1::run@1 (line 421)
                      ; - java.security.AccessController::executePrivileged@29 (line 809)
                      ; - java.security.AccessController::doPrivileged@13 (line 714)
  0x00007ffbbc6ab08c: f0f4 76ff 

  0x00007ffbbc6ab090: ;   {other}
  0x00007ffbbc6ab090: 0f1f 8400 | 004c 006b | bede ffff | ff4c 8b5c | 2440 4c89 | 5c24 184c | 8b5c 2438 | 4c89 5c24 
  0x00007ffbbc6ab0b0: 204c 8b5c | 2448 4c89 | 5c24 284c | 8b5c 2450 | 4c89 5c24 | 404c 8b9c | 2480 0000 | 004c 895c 
  0x00007ffbbc6ab0d0: 2460 4c89 | 8c24 9000 | 0000 6690 

  0x00007ffbbc6ab0dc: ;   {runtime_call UncommonTrapBlob}
  0x00007ffbbc6ab0dc: c5f8 77e8 

  0x00007ffbbc6ab0e0: ; ImmutableOopMap {rbp=NarrowOop [24]=Oop [32]=Oop [40]=Oop [48]=Oop [96]=Oop [104]=Oop [112]=Oop [144]=Oop [152]=NarrowOop [156]=NarrowOop [160]=NarrowOop }
                      ;*invokeinterface get {reexecute=0 rethrow=0 return_oop=0}
                      ; - java.util.jar.Manifest::getAttributes@5 (line 160)
                      ; - java.util.jar.Manifest::getTrustedAttributes@2 (line 177)
                      ; - java.util.jar.JavaUtilJarAccessImpl::getTrustedAttributes@2 (line 38)
                      ; - java.net.URLClassLoader::isSealed@18 (line 601)
                      ; - java.net.URLClassLoader::getAndVerifyPackage@68 (line 469)
                      ; - java.net.URLClassLoader::defineClass@46 (line 492)
                      ; - java.net.URLClassLoader$1::run@43 (line 427)
                      ; - java.net.URLClassLoader$1::run@1 (line 421)
                      ; - java.security.AccessController::executePrivileged@29 (line 809)
                      ; - java.security.AccessController::doPrivileged@13 (line 714)
  0x00007ffbbc6ab0e0: 9cf4 76ff 

  0x00007ffbbc6ab0e4: ;   {other}
  0x00007ffbbc6ab0e4: 0f1f 8400 | 544c 006c | be76 ffff | ff4c 8b54 | 2440 4c89 | 5424 184c | 8b54 2438 | 4c89 5424 
  0x00007ffbbc6ab104: 204c 8b54 | 2448 4c89 | 5424 284c | 8b54 2450 | 4c89 5424 | 4044 8b9c | 2498 0000 | 0044 895c 
  0x00007ffbbc6ab124: 2448 4c8b | 9424 8000 | 0000 4c89 | 5424 504c | 8b54 2470 | 4c89 5424 | 5844 8b94 | 2488 0000 
  0x00007ffbbc6ab144: 0044 8954 | 244c 448b | 9c24 a800 | 0000 4489 | 9c24 9800 | 0000 6690 

  0x00007ffbbc6ab15c: ;   {runtime_call UncommonTrapBlob}
  0x00007ffbbc6ab15c: c5f8 77e8 

  0x00007ffbbc6ab160: ; ImmutableOopMap {[24]=Oop [32]=Oop [40]=Oop [48]=Oop [72]=NarrowOop [76]=NarrowOop [80]=Oop [88]=Oop [104]=Oop [144]=Oop [156]=NarrowOop [160]=NarrowOop [164]=NarrowOop }
                      ;*if_icmpge {reexecute=1 rethrow=0 return_oop=0}
                      ; - (reexecute) java.lang.StringLatin1::replace@82 (line 308)
                      ; - java.lang.String::replace@18 (line 2933)
                      ; - java.net.URLClassLoader::isSealed@9 (line 601)
                      ; - java.net.URLClassLoader::getAndVerifyPackage@68 (line 469)
                      ; - java.net.URLClassLoader::defineClass@46 (line 492)
                      ; - java.net.URLClassLoader$1::run@43 (line 427)
                      ; - java.net.URLClassLoader$1::run@1 (line 421)
                      ; - java.security.AccessController::executePrivileged@29 (line 809)
                      ; - java.security.AccessController::doPrivileged@13 (line 714)
  0x00007ffbbc6ab160: 1cf4 76ff 

  0x00007ffbbc6ab164: ;   {other}
  0x00007ffbbc6ab164: 0f1f 8400 | d44c 006d | 33ed 4585 | c040 0f94 | c5be 45ff | ffff 4c8b | 5c24 404c | 895c 2418 
  0x00007ffbbc6ab184: 4c8b 5c24 | 384c 895c | 2420 4c8b | 5c24 484c | 895c 2428 | 4c89 6c24 | 384c 8b5c | 2450 4c89 
  0x00007ffbbc6ab1a4: 5c24 4089 | 5c24 4844 | 8974 2450 | 4489 5424 | 5466 6690 

  0x00007ffbbc6ab1b8: ;   {runtime_call UncommonTrapBlob}
  0x00007ffbbc6ab1b8: c5f8 77e8 

  0x00007ffbbc6ab1bc: ; ImmutableOopMap {[24]=Oop [32]=Oop [40]=Oop [56]=Oop [72]=NarrowOop [80]=NarrowOop }
                      ;*ifeq {reexecute=1 rethrow=0 return_oop=0}
                      ; - (reexecute) java.lang.String::lastIndexOf@4 (line 2573)
                      ; - java.lang.String::lastIndexOf@8 (line 2535)
                      ; - java.net.URLClassLoader::defineClass@7 (line 486)
                      ; - java.net.URLClassLoader$1::run@43 (line 427)
                      ; - java.net.URLClassLoader$1::run@1 (line 421)
                      ; - java.security.AccessController::executePrivileged@29 (line 809)
                      ; - java.security.AccessController::doPrivileged@13 (line 714)
  0x00007ffbbc6ab1bc: c0f3 76ff 

  0x00007ffbbc6ab1c0: ;   {other}
  0x00007ffbbc6ab1c0: 0f1f 8400 | 304d 006e | be45 ffff | ff48 8b6c | 2440 4c8b | 5424 384c | 8954 2418 | 4c8b 5424 
  0x00007ffbbc6ab1e0: 484c 8954 | 2420 4c8b | 5424 504c | 8954 2438 | 4489 4c24 | 4844 894c | 244c 4489 | 7424 5889 
  0x00007ffbbc6ab200: 4424 6090 

  0x00007ffbbc6ab204: ;   {runtime_call UncommonTrapBlob}
  0x00007ffbbc6ab204: c5f8 77e8 

  0x00007ffbbc6ab208: ; ImmutableOopMap {rbp=Oop [24]=Oop [32]=Oop [48]=Oop [88]=NarrowOop [152]=NarrowOop [156]=NarrowOop [160]=NarrowOop }
                      ;*if_icmpgt {reexecute=1 rethrow=0 return_oop=0}
                      ; - (reexecute) jdk.internal.util.Preconditions::checkFromToIndex@6 (line 348)
                      ; - java.lang.String::checkBoundsBeginEnd@6 (line 4865)
                      ; - java.lang.String::substring@8 (line 2834)
                      ; - java.net.URLClassLoader::defineClass@28 (line 489)
                      ; - java.net.URLClassLoader$1::run@43 (line 427)
                      ; - java.net.URLClassLoader$1::run@1 (line 421)
                      ; - java.security.AccessController::executePrivileged@29 (line 809)
                      ; - java.security.AccessController::doPrivileged@13 (line 714)
  0x00007ffbbc6ab208: 74f3 76ff 

  0x00007ffbbc6ab20c: ;   {other}
  0x00007ffbbc6ab20c: 0f1f 8400 | 7c4d 006f | be45 ffff | ff48 8b6c | 2440 4c8b | 5424 384c | 8954 2418 | 4c8b 5424 
  0x00007ffbbc6ab22c: 484c 8954 | 2420 4c8b | 5424 504c | 8954 2438 | 4889 5c24 | 5848 894c | 2460 4889 | 5c24 6844 
  0x00007ffbbc6ab24c: 8b84 249c | 0000 0044 | 8944 2478 | 4489 4424 | 7c44 899c | 2480 0000 | 0066 6690 

  0x00007ffbbc6ab268: ;   {runtime_call UncommonTrapBlob}
  0x00007ffbbc6ab268: c5f8 77e8 

  0x00007ffbbc6ab26c: ; ImmutableOopMap {rbp=Oop [24]=Oop [32]=Oop [48]=Oop [88]=Oop [96]=Oop [104]=Oop [120]=NarrowOop [124]=NarrowOop [152]=NarrowOop [160]=NarrowOop }
                      ;*ifle {reexecute=1 rethrow=0 return_oop=0}
                      ; - (reexecute) java.util.concurrent.ConcurrentHashMap::get@23 (line 937)
                      ; - java.lang.ClassLoader::getDefinedPackage@13 (line 2263)
                      ; - java.net.URLClassLoader::getAndVerifyPackage@2 (line 457)
                      ; - java.net.URLClassLoader::defineClass@46 (line 492)
                      ; - java.net.URLClassLoader$1::run@43 (line 427)
                      ; - java.net.URLClassLoader$1::run@1 (line 421)
                      ; - java.security.AccessController::executePrivileged@29 (line 809)
                      ; - java.security.AccessController::doPrivileged@13 (line 714)
  0x00007ffbbc6ab26c: 10f3 76ff 

  0x00007ffbbc6ab270: ;   {other}
  0x00007ffbbc6ab270: 0f1f 8400 | e04d 0070 | be45 ffff | ff48 8b6c | 2440 4c8b | 5424 384c | 8954 2418 | 4c8b 5424 
  0x00007ffbbc6ab290: 484c 8954 | 2420 4c8b | 5424 504c | 8954 2438 | 4489 4c24 | 4844 894c | 244c 4489 | 7424 5889 
  0x00007ffbbc6ab2b0: 4424 6089 | 4424 6490 

  0x00007ffbbc6ab2b8: ;   {runtime_call UncommonTrapBlob}
  0x00007ffbbc6ab2b8: c5f8 77e8 

  0x00007ffbbc6ab2bc: ; ImmutableOopMap {rbp=Oop [24]=Oop [32]=Oop [48]=Oop [88]=NarrowOop [152]=NarrowOop [156]=NarrowOop [160]=NarrowOop }
                      ;*if_icmple {reexecute=1 rethrow=0 return_oop=0}
                      ; - (reexecute) jdk.internal.util.Preconditions::checkFromToIndex@11 (line 348)
                      ; - java.lang.String::checkBoundsBeginEnd@6 (line 4865)
                      ; - java.lang.String::substring@8 (line 2834)
                      ; - java.net.URLClassLoader::defineClass@28 (line 489)
                      ; - java.net.URLClassLoader$1::run@43 (line 427)
                      ; - java.net.URLClassLoader$1::run@1 (line 421)
                      ; - java.security.AccessController::executePrivileged@29 (line 809)
                      ; - java.security.AccessController::doPrivileged@13 (line 714)
  0x00007ffbbc6ab2bc: c0f2 76ff 

  0x00007ffbbc6ab2c0: ;   {other}
  0x00007ffbbc6ab2c0: 0f1f 8400 | 304e 0071 | be76 ffff | ff4c 8b54 | 2440 4c89 | 5424 184c | 8b54 2438 | 4c89 5424 
  0x00007ffbbc6ab2e0: 204c 8b54 | 2448 4c89 | 5424 284c | 8b54 2450 | 4c89 5424 | 4044 8b9c | 2498 0000 | 0044 895c 
  0x00007ffbbc6ab300: 2448 4c8b | 9424 8000 | 0000 4c89 | 5424 504c | 8b54 2470 | 4c89 5424 | 5844 8b94 | 2488 0000 
  0x00007ffbbc6ab320: 0044 8954 | 244c 448b | 9c24 9c00 | 0000 4489 | 9c24 9800 | 0000 448b | 9424 a000 | 0000 4489 
  0x00007ffbbc6ab340: 9424 9c00 | 0000 6690 

  0x00007ffbbc6ab348: ;   {runtime_call UncommonTrapBlob}
  0x00007ffbbc6ab348: c5f8 77e8 

  0x00007ffbbc6ab34c: ; ImmutableOopMap {[24]=Oop [32]=Oop [40]=Oop [48]=Oop [72]=NarrowOop [76]=NarrowOop [80]=Oop [88]=Oop [104]=Oop [144]=Oop [152]=NarrowOop [156]=NarrowOop [164]=NarrowOop }
                      ;*if_icmpge {reexecute=1 rethrow=0 return_oop=0}
                      ; - (reexecute) java.lang.StringLatin1::replace@61 (line 305)
                      ; - java.lang.String::replace@18 (line 2933)
                      ; - java.net.URLClassLoader::isSealed@9 (line 601)
                      ; - java.net.URLClassLoader::getAndVerifyPackage@68 (line 469)
                      ; - java.net.URLClassLoader::defineClass@46 (line 492)
                      ; - java.net.URLClassLoader$1::run@43 (line 427)
                      ; - java.net.URLClassLoader$1::run@1 (line 421)
                      ; - java.security.AccessController::executePrivileged@29 (line 809)
                      ; - java.security.AccessController::doPrivileged@13 (line 714)
  0x00007ffbbc6ab34c: 30f2 76ff 

  0x00007ffbbc6ab350: ;   {other}
  0x00007ffbbc6ab350: 0f1f 8400 | c04e 0072 | 41b9 0100 | 0000 6690 | e9ef ccff | ff48 8b6c | 2468 498b | f7c5 f877 
  0x00007ffbbc6ab370: 49ba 60cf | afd0 fb7f | 0000 41ff 

  0x00007ffbbc6ab37c: ;   {other}
  0x00007ffbbc6ab37c: d20f 1f84 | 0000 0000 | 00e9 85e6 | ffff 4d8b | e849 8bf7 | c5f8 7749 | ba60 cfaf | d0fb 7f00 
  0x00007ffbbc6ab39c: 0041 ffd2 

  0x00007ffbbc6ab3a0: ;   {other}
  0x00007ffbbc6ab3a0: 0f1f 8400 | 0000 0000 | 4d8b c5e9 | e0d3 ffff | c4e1 f97e | c6c4 c179 | 7eca 448b | 5c24 1890 
  0x00007ffbbc6ab3c0: e9c5 e0ff | ffbe 45ff | ffff 4c8b | 4424 404c | 8944 2418 | 4c8b 4424 | 384c 8944 | 2420 4c8b 
  0x00007ffbbc6ab3e0: 4424 484c | 8944 2428 | 4c89 5c24 | 304c 8b5c | 2450 4c89 | 5c24 384c | 8b54 2460 | 4c89 5424 
  0x00007ffbbc6ab400: 5048 8944 | 2460 6690 

  0x00007ffbbc6ab408: ;   {runtime_call UncommonTrapBlob}
  0x00007ffbbc6ab408: c5f8 77e8 

  0x00007ffbbc6ab40c: ; ImmutableOopMap {rbp=Oop [24]=Oop [32]=Oop [40]=Oop [48]=Oop [80]=Oop [96]=Oop [152]=NarrowOop [156]=NarrowOop [160]=NarrowOop }
                      ;*ifnull {reexecute=1 rethrow=0 return_oop=0}
                      ; - (reexecute) java.security.CodeSource::<init>@25 (line 122)
                      ; - java.net.URLClassLoader::defineClass@198 (line 522)
                      ; - java.net.URLClassLoader$1::run@43 (line 427)
                      ; - java.net.URLClassLoader$1::run@1 (line 421)
                      ; - java.security.AccessController::executePrivileged@29 (line 809)
                      ; - java.security.AccessController::doPrivileged@13 (line 714)
  0x00007ffbbc6ab40c: 70f1 76ff 

  0x00007ffbbc6ab410: ;   {other}
  0x00007ffbbc6ab410: 0f1f 8400 | 804f 0073 | be45 ffff | ff48 8b6c | 2440 4c8b | 5424 384c | 8954 2418 | 4c8b 5424 
  0x00007ffbbc6ab430: 484c 8954 | 2420 4c8b | 5424 304c | 8954 2428 | 4c8b 5424 | 504c 8954 | 2430 4c8b | 5424 584c 
  0x00007ffbbc6ab450: 8954 2450 | 4889 4424 | 6089 5424 | 6866 6690 

  0x00007ffbbc6ab460: ;   {runtime_call UncommonTrapBlob}
  0x00007ffbbc6ab460: c5f8 77e8 

  0x00007ffbbc6ab464: ; ImmutableOopMap {rbp=Oop [24]=Oop [32]=Oop [40]=Oop [80]=Oop [96]=Oop [152]=NarrowOop [156]=NarrowOop [160]=NarrowOop }
                      ;*ifgt {reexecute=1 rethrow=0 return_oop=0}
                      ; - (reexecute) java.util.zip.CRC32::updateBytesCheck@1 (line 147)
                      ; - java.util.zip.CRC32::updateBytes@3 (line 139)
                      ; - java.util.zip.CRC32::update@31 (line 79)
                      ; - java.util.zip.Checksum::update@5 (line 58)
                      ; - jdk.internal.loader.URLClassPath$JarLoader$2::getBytes@15 (line 864)
                      ; - java.net.URLClassLoader::defineClass@179 (line 519)
                      ; - java.net.URLClassLoader$1::run@43 (line 427)
                      ; - java.net.URLClassLoader$1::run@1 (line 421)
                      ; - java.security.AccessController::executePrivileged@29 (line 809)
                      ; - java.security.AccessController::doPrivileged@13 (line 714)
  0x00007ffbbc6ab464: 18f1 76ff 

  0x00007ffbbc6ab468: ;   {other}
  0x00007ffbbc6ab468: 0f1f 8400 | d84f 0074 | 4d3b dabd | ffff ffff | 7c08 400f | 95c5 400f | b6ed be45 | ffff ff4c 
  0x00007ffbbc6ab488: 8b54 2440 | 4c89 5424 | 184c 8b54 | 2438 4c89 | 5424 204c | 8b54 2448 | 4c89 5424 | 284c 8b54 
  0x00007ffbbc6ab4a8: 2450 4c89 | 5424 3890 

  0x00007ffbbc6ab4b0: ;   {runtime_call UncommonTrapBlob}
  0x00007ffbbc6ab4b0: c5f8 77e8 

  0x00007ffbbc6ab4b4: ; ImmutableOopMap {[24]=Oop [32]=Oop [40]=Oop [48]=Oop [88]=Oop [96]=Oop [152]=NarrowOop [156]=NarrowOop [160]=NarrowOop }
                      ;*ifeq {reexecute=1 rethrow=0 return_oop=0}
                      ; - (reexecute) jdk.internal.loader.URLClassPath$JarLoader$2::getBytes@30 (line 865)
                      ; - java.net.URLClassLoader::defineClass@179 (line 519)
                      ; - java.net.URLClassLoader$1::run@43 (line 427)
                      ; - java.net.URLClassLoader$1::run@1 (line 421)
                      ; - java.security.AccessController::executePrivileged@29 (line 809)
                      ; - java.security.AccessController::doPrivileged@13 (line 714)
  0x00007ffbbc6ab4b4: c8f0 76ff 

  0x00007ffbbc6ab4b8: ;   {other}
  0x00007ffbbc6ab4b8: 0f1f 8400 | 2850 0075 | bef6 ffff | ff4c 8b5c | 2440 4c89 | 5c24 184c | 8b5c 2438 | 4c89 5c24 
  0x00007ffbbc6ab4d8: 204c 8b5c | 2448 4c89 | 5c24 284c | 8954 2438 | 4c8b 5424 | 504c 8954 | 2440 4c89 | 4c24 5890 
  0x00007ffbbc6ab4f8: ;   {runtime_call UncommonTrapBlob}
  0x00007ffbbc6ab4f8: c5f8 77e8 

  0x00007ffbbc6ab4fc: ; ImmutableOopMap {rbp=NarrowOop [24]=Oop [32]=Oop [40]=Oop [56]=Oop [88]=Oop [152]=NarrowOop [156]=NarrowOop [160]=NarrowOop }
                      ;*invokevirtual getInputStream {reexecute=0 rethrow=0 return_oop=0}
                      ; - jdk.internal.loader.URLClassPath$JarLoader$2::getInputStream@11 (line 848)
                      ; - jdk.internal.loader.Resource::cachedInputStream@9 (line 77)
                      ; - jdk.internal.loader.Resource::getByteBuffer@1 (line 163)
                      ; - java.net.URLClassLoader::defineClass@132 (line 511)
                      ; - java.net.URLClassLoader$1::run@43 (line 427)
                      ; - java.net.URLClassLoader$1::run@1 (line 421)
                      ; - java.security.AccessController::executePrivileged@29 (line 809)
                      ; - java.security.AccessController::doPrivileged@13 (line 714)
  0x00007ffbbc6ab4fc: 80f0 76ff 

  0x00007ffbbc6ab500: ;   {other}
  0x00007ffbbc6ab500: 0f1f 8400 | 7050 0076 | 4c8b 5424 | 60be 45ff | ffff 4c8b | 5c24 404c | 895c 2418 | 4c8b 5c24 
  0x00007ffbbc6ab520: 384c 895c | 2420 4c8b | 5c24 484c | 895c 2428 | 4c8b 5c24 | 504c 895c | 2440 4c8b | 9c24 8000 
  0x00007ffbbc6ab540: 0000 4c89 | 5c24 604c | 8954 2470 

  0x00007ffbbc6ab54c: ;   {runtime_call UncommonTrapBlob}
  0x00007ffbbc6ab54c: c5f8 77e8 

  0x00007ffbbc6ab550: ; ImmutableOopMap {rbp=Oop [24]=Oop [32]=Oop [40]=Oop [48]=Oop [96]=Oop [104]=Oop [112]=Oop [128]=Oop [152]=NarrowOop [156]=NarrowOop [160]=NarrowOop }
                      ;*ifnull {reexecute=1 rethrow=0 return_oop=0}
                      ; - (reexecute) java.net.URLClassLoader::isSealed@28 (line 603)
                      ; - java.net.URLClassLoader::getAndVerifyPackage@68 (line 469)
                      ; - java.net.URLClassLoader::defineClass@46 (line 492)
                      ; - java.net.URLClassLoader$1::run@43 (line 427)
                      ; - java.net.URLClassLoader$1::run@1 (line 421)
                      ; - java.security.AccessController::executePrivileged@29 (line 809)
                      ; - java.security.AccessController::doPrivileged@13 (line 714)
  0x00007ffbbc6ab550: 2cf0 76ff 

  0x00007ffbbc6ab554: ;   {other}
  0x00007ffbbc6ab554: 0f1f 8400 | c450 0077 | be45 ffff | ff48 8b6c | 2440 4c8b | 5c24 384c | 895c 2418 | 4c8b 5c24 
  0x00007ffbbc6ab574: 484c 895c | 2420 4c8b | 5c24 504c | 895c 2438 | 4c8b 9c24 | 8000 0000 | 4c89 5c24 | 484c 8b5c 
  0x00007ffbbc6ab594: 2468 4c89 | 5c24 5044 | 8b84 249c | 0000 0044 | 8944 2478 | 4489 4424 | 7c44 8994 | 2484 0000 
  0x00007ffbbc6ab5b4: 0066 6690 

  0x00007ffbbc6ab5b8: ;   {runtime_call UncommonTrapBlob}
  0x00007ffbbc6ab5b8: c5f8 77e8 

  0x00007ffbbc6ab5bc: ; ImmutableOopMap {rbp=Oop [24]=Oop [32]=Oop [48]=Oop [72]=Oop [80]=Oop [120]=NarrowOop [124]=NarrowOop [136]=NarrowOop [152]=NarrowOop [160]=NarrowOop }
                      ;*ifle {reexecute=1 rethrow=0 return_oop=0}
                      ; - (reexecute) java.util.concurrent.ConcurrentHashMap::get@23 (line 937)
                      ; - java.lang.ClassLoader::definePackage@47 (line 2125)
                      ; - java.lang.ClassLoader::getDefinedPackage@32 (line 2267)
                      ; - java.net.URLClassLoader::getAndVerifyPackage@2 (line 457)
                      ; - java.net.URLClassLoader::defineClass@46 (line 492)
                      ; - java.net.URLClassLoader$1::run@43 (line 427)
                      ; - java.net.URLClassLoader$1::run@1 (line 421)
                      ; - java.security.AccessController::executePrivileged@29 (line 809)
                      ; - java.security.AccessController::doPrivileged@13 (line 714)
  0x00007ffbbc6ab5bc: c0ef 76ff 

  0x00007ffbbc6ab5c0: ;   {other}
  0x00007ffbbc6ab5c0: 0f1f 8400 | 3051 0078 | 33ed 4585 | db40 0f95 | c5be 45ff | ffff 4c8b | 5424 404c | 8954 2418 
  0x00007ffbbc6ab5e0: 4c8b 5424 | 384c 8954 | 2420 4c8b | 5424 484c | 8954 2428 | 4c8b 5424 | 504c 8954 | 2440 4c8b 
  0x00007ffbbc6ab600: 9424 8000 | 0000 4c89 | 5424 504c | 894c 2470 | 448b 9c24 | 9c00 0000 | 4489 9c24 | 8000 0000 
  0x00007ffbbc6ab620: ;   {runtime_call UncommonTrapBlob}
  0x00007ffbbc6ab620: c5f8 77e8 

  0x00007ffbbc6ab624: ; ImmutableOopMap {[24]=Oop [32]=Oop [40]=Oop [48]=Oop [80]=Oop [104]=Oop [112]=Oop [128]=NarrowOop [152]=NarrowOop [156]=NarrowOop [160]=NarrowOop }
                      ;*ifne {reexecute=1 rethrow=0 return_oop=0}
                      ; - (reexecute) java.lang.Package::isSealed@7 (line 235)
                      ; - java.net.URLClassLoader::getAndVerifyPackage@14 (line 460)
                      ; - java.net.URLClassLoader::defineClass@46 (line 492)
                      ; - java.net.URLClassLoader$1::run@43 (line 427)
                      ; - java.net.URLClassLoader$1::run@1 (line 421)
                      ; - java.security.AccessController::executePrivileged@29 (line 809)
                      ; - java.security.AccessController::doPrivileged@13 (line 714)
  0x00007ffbbc6ab624: 58ef 76ff 

  0x00007ffbbc6ab628: ;   {other}
  0x00007ffbbc6ab628: 0f1f 8400 | 9851 0079 | 33ed 4585 | d240 0f94 | c5be 45ff | ffff 4c8b | 5424 404c | 8954 2418 
  0x00007ffbbc6ab648: 4c8b 5424 | 384c 8954 | 2420 4c8b | 5424 484c | 8954 2428 | 4c8b 5424 | 504c 8954 | 2440 4c8b 
  0x00007ffbbc6ab668: 9424 8000 | 0000 4c89 | 5424 5090 

  0x00007ffbbc6ab674: ;   {runtime_call UncommonTrapBlob}
  0x00007ffbbc6ab674: c5f8 77e8 

  0x00007ffbbc6ab678: ; ImmutableOopMap {[24]=Oop [32]=Oop [40]=Oop [48]=Oop [80]=Oop [104]=Oop [112]=Oop [152]=NarrowOop [156]=NarrowOop [160]=NarrowOop [164]=NarrowOop }
                      ;*ifeq {reexecute=1 rethrow=0 return_oop=0}
                      ; - (reexecute) java.lang.String::replace@9 (line 2933)
                      ; - java.net.URLClassLoader::isSealed@9 (line 601)
                      ; - java.net.URLClassLoader::getAndVerifyPackage@68 (line 469)
                      ; - java.net.URLClassLoader::defineClass@46 (line 492)
                      ; - java.net.URLClassLoader$1::run@43 (line 427)
                      ; - java.net.URLClassLoader$1::run@1 (line 421)
                      ; - java.security.AccessController::executePrivileged@29 (line 809)
                      ; - java.security.AccessController::doPrivileged@13 (line 714)
  0x00007ffbbc6ab678: 04ef 76ff 

  0x00007ffbbc6ab67c: ;   {other}
  0x00007ffbbc6ab67c: 0f1f 8400 | ec51 007a | be45 ffff | ff48 8b6c | 2440 4c8b | 5424 384c | 8954 2418 | 4c8b 5424 
  0x00007ffbbc6ab69c: 484c 8954 | 2420 4c8b | 5424 504c | 8954 2438 | 4c8b 9424 | 8000 0000 | 4c89 5424 | 484c 8b54 
  0x00007ffbbc6ab6bc: 2470 4c89 | 5424 504c | 8b54 2468 | 4c89 5424 | 604c 898c | 2480 0000 | 0066 6690 

  0x00007ffbbc6ab6d8: ;   {runtime_call UncommonTrapBlob}
  0x00007ffbbc6ab6d8: c5f8 77e8 

  0x00007ffbbc6ab6dc: ; ImmutableOopMap {rbp=Oop [24]=Oop [32]=Oop [48]=Oop [72]=Oop [80]=Oop [96]=Oop [128]=Oop [152]=NarrowOop [156]=NarrowOop [160]=NarrowOop [164]=NarrowOop }
                      ;*iflt {reexecute=1 rethrow=0 return_oop=0}
                      ; - (reexecute) java.lang.StringConcatHelper::checkOverflow@2 (line 65)
                      ; - java.lang.StringConcatHelper::mix@23 (line 127)
                      ; - java.lang.StringConcatHelper::simpleConcat@46 (line 433)
                      ; - java.lang.String::concat@11 (line 2899)
                      ; - java.net.URLClassLoader::isSealed@15 (line 601)
                      ; - java.net.URLClassLoader::getAndVerifyPackage@68 (line 469)
                      ; - java.net.URLClassLoader::defineClass@46 (line 492)
                      ; - java.net.URLClassLoader$1::run@43 (line 427)
                      ; - java.net.URLClassLoader$1::run@1 (line 421)
                      ; - java.security.AccessController::executePrivileged@29 (line 809)
                      ; - java.security.AccessController::doPrivileged@13 (line 714)
  0x00007ffbbc6ab6dc: a0ee 76ff 

  0x00007ffbbc6ab6e0: ;   {other}
  0x00007ffbbc6ab6e0: 0f1f 8400 | 5052 007b | be45 ffff | ff4c 8b54 | 2440 4c89 | 5424 184c | 8b54 2438 | 4c89 5424 
  0x00007ffbbc6ab700: 204c 8b54 | 2448 4c89 | 5424 284c | 8b54 2450 | 4c89 5424 | 404c 8b94 | 2480 0000 | 004c 8954 
  0x00007ffbbc6ab720: 2450 4c8b | 5424 704c | 8954 2458 

  0x00007ffbbc6ab72c: ;   {runtime_call UncommonTrapBlob}
  0x00007ffbbc6ab72c: c5f8 77e8 

  0x00007ffbbc6ab730: ; ImmutableOopMap {[24]=Oop [32]=Oop [40]=Oop [48]=Oop [80]=Oop [88]=Oop [104]=Oop [136]=Oop [152]=NarrowOop [156]=NarrowOop [160]=NarrowOop [164]=NarrowOop }
                      ;*iflt {reexecute=1 rethrow=0 return_oop=0}
                      ; - (reexecute) java.lang.StringConcatHelper::checkOverflow@2 (line 65)
                      ; - java.lang.StringConcatHelper::mix@23 (line 127)
                      ; - java.lang.StringConcatHelper::simpleConcat@54 (line 434)
                      ; - java.lang.String::concat@11 (line 2899)
                      ; - java.net.URLClassLoader::isSealed@15 (line 601)
                      ; - java.net.URLClassLoader::getAndVerifyPackage@68 (line 469)
                      ; - java.net.URLClassLoader::defineClass@46 (line 492)
                      ; - java.net.URLClassLoader$1::run@43 (line 427)
                      ; - java.net.URLClassLoader$1::run@1 (line 421)
                      ; - java.security.AccessController::executePrivileged@29 (line 809)
                      ; - java.security.AccessController::doPrivileged@13 (line 714)
  0x00007ffbbc6ab730: 4cee 76ff 

  0x00007ffbbc6ab734: ;   {other}
  0x00007ffbbc6ab734: 0f1f 8400 | a452 007c | be45 ffff | ff48 8b6c | 2440 4c8b | 5424 384c | 8954 2418 | 4c8b 5424 
  0x00007ffbbc6ab754: 484c 8954 | 2420 4c8b | 5424 504c | 8954 2438 | 448b 9c24 | 9800 0000 | 4489 5c24 | 404c 8b94 
  0x00007ffbbc6ab774: 2480 0000 | 004c 8954 | 2448 4c8b | 5424 704c | 8954 2450 | 4c8b 5424 | 684c 8954 | 2460 448b 
  0x00007ffbbc6ab794: 9424 9c00 | 0000 4489 | 5424 444c | 8b94 24b8 | 0000 004c | 8994 2498 | 0000 0090 

  0x00007ffbbc6ab7b0: ;   {runtime_call UncommonTrapBlob}
  0x00007ffbbc6ab7b0: c5f8 77e8 

  0x00007ffbbc6ab7b4: ; ImmutableOopMap {rbp=Oop [24]=Oop [32]=Oop [48]=Oop [64]=NarrowOop [68]=NarrowOop [72]=Oop [80]=Oop [96]=Oop [136]=Oop [152]=Oop [160]=NarrowOop [164]=NarrowOop [184]=Oop }
                      ;*if_icmpne {reexecute=1 rethrow=0 return_oop=0}
                      ; - (reexecute) java.lang.String::getBytes@5 (line 4725)
                      ; - java.lang.StringConcatHelper::prepend@21 (line 324)
                      ; - java.lang.StringConcatHelper::simpleConcat@81 (line 439)
                      ; - java.lang.String::concat@11 (line 2899)
                      ; - java.net.URLClassLoader::isSealed@15 (line 601)
                      ; - java.net.URLClassLoader::getAndVerifyPackage@68 (line 469)
                      ; - java.net.URLClassLoader::defineClass@46 (line 492)
                      ; - java.net.URLClassLoader$1::run@43 (line 427)
                      ; - java.net.URLClassLoader$1::run@1 (line 421)
                      ; - java.security.AccessController::executePrivileged@29 (line 809)
                      ; - java.security.AccessController::doPrivileged@13 (line 714)
  0x00007ffbbc6ab7b4: c8ed 76ff 

  0x00007ffbbc6ab7b8: ;   {other}
  0x00007ffbbc6ab7b8: 0f1f 8400 | 2853 007d | 4c8b 4424 | 5845 8b58 | 1045 85db | 0f84 9ee6 | ffff 4d8b | 5728 498b 
  0x00007ffbbc6ab7d8: fb4d 85d2 | 0f1f 4000 | 0f84 6e0c | 0000 4d8b | 5f38 4b89 | 7c13 f849 | 83c2 f84d | 8957 28e9 
  0x00007ffbbc6ab7f8: 74e6 ffff | 4d8b 5758 | 4d8b 5f48 | f083 4424 | c000 4180 | 3900 0f84 | 8be6 ffff | 4588 214d 
  0x00007ffbbc6ab818: 85db 7529 | 498b d849 | 8bf9 498b | f7c5 f877 | 49ba 80cf | afd0 fb7f | 0000 41ff 

  0x00007ffbbc6ab834: ;   {other}
  0x00007ffbbc6ab834: d20f 1f84 | 0000 0000 | 004c 8bc3 | e95a e6ff | ff4f 894c | 1af8 4983 | c3f8 4d89 | 5f48 e948 
  0x00007ffbbc6ab854: e6ff ffbe | 45ff ffff | 4c8b 5424 | 404c 8954 | 2418 4c8b | 5424 384c | 8954 2420 | 4c8b 5424 
  0x00007ffbbc6ab874: 484c 8954 | 2428 4c8b | 5424 504c | 8954 2440 | 4c8b 9424 | 8000 0000 | 4c89 5424 | 504c 894c 
  0x00007ffbbc6ab894: 2470 448b | 9c24 9c00 | 0000 4489 | 9c24 8000 | 0000 6690 

  0x00007ffbbc6ab8a8: ;   {runtime_call UncommonTrapBlob}
  0x00007ffbbc6ab8a8: c5f8 77e8 

  0x00007ffbbc6ab8ac: ; ImmutableOopMap {rbp=NarrowOop [24]=Oop [32]=Oop [40]=Oop [48]=Oop [80]=Oop [104]=Oop [112]=Oop [128]=NarrowOop [152]=NarrowOop [156]=NarrowOop [160]=NarrowOop }
                      ;*ifnull {reexecute=1 rethrow=0 return_oop=0}
                      ; - (reexecute) java.lang.Package::isSealed@17 (line 235)
                      ; - java.net.URLClassLoader::getAndVerifyPackage@14 (line 460)
                      ; - java.net.URLClassLoader::defineClass@46 (line 492)
                      ; - java.net.URLClassLoader$1::run@43 (line 427)
                      ; - java.net.URLClassLoader$1::run@1 (line 421)
                      ; - java.security.AccessController::executePrivileged@29 (line 809)
                      ; - java.security.AccessController::doPrivileged@13 (line 714)
  0x00007ffbbc6ab8ac: d0ec 76ff 

  0x00007ffbbc6ab8b0: ;   {other}
  0x00007ffbbc6ab8b0: 0f1f 8400 | 2054 007e | bede ffff | ff4c 8b5c | 2440 4c89 | 5c24 184c | 8b5c 2438 | 4c89 5c24 
  0x00007ffbbc6ab8d0: 204c 8b5c | 2448 4c89 | 5c24 284c | 8b5c 2450 | 4c89 5c24 | 404c 8b9c | 2480 0000 | 004c 8954 
  0x00007ffbbc6ab8f0: 2458 4c89 | 5c24 6090 

  0x00007ffbbc6ab8f8: ;   {runtime_call UncommonTrapBlob}
  0x00007ffbbc6ab8f8: c5f8 77e8 

  0x00007ffbbc6ab8fc: ; ImmutableOopMap {rbp=NarrowOop [24]=Oop [32]=Oop [40]=Oop [48]=Oop [88]=Oop [96]=Oop [104]=Oop [128]=Oop [152]=NarrowOop [156]=NarrowOop [160]=NarrowOop }
                      ;*invokeinterface get {reexecute=0 rethrow=0 return_oop=0}
                      ; - java.util.jar.Attributes::get@5 (line 106)
                      ; - java.util.jar.Attributes::getValue@2 (line 142)
                      ; - java.net.URLClassLoader::isSealed@58 (line 608)
                      ; - java.net.URLClassLoader::getAndVerifyPackage@68 (line 469)
                      ; - java.net.URLClassLoader::defineClass@46 (line 492)
                      ; - java.net.URLClassLoader$1::run@43 (line 427)
                      ; - java.net.URLClassLoader$1::run@1 (line 421)
                      ; - java.security.AccessController::executePrivileged@29 (line 809)
                      ; - java.security.AccessController::doPrivileged@13 (line 714)
  0x00007ffbbc6ab8fc: 80ec 76ff 

  0x00007ffbbc6ab900: ;   {other}
  0x00007ffbbc6ab900: 0f1f 8400 | 7054 007f | be45 ffff | ff48 8b6c | 2440 4c8b | 5424 384c | 8954 2418 | 4c8b 5424 
  0x00007ffbbc6ab920: 484c 8954 | 2420 4c8b | 5424 504c | 8954 2438 | 4c8b 9424 | 8000 0000 | 4c89 5424 | 484c 8b54 
  0x00007ffbbc6ab940: 2470 4c89 | 5424 504c | 8b54 2468 | 4c89 5424 | 604c 898c | 2480 0000 | 0066 6690 

  0x00007ffbbc6ab95c: ;   {runtime_call UncommonTrapBlob}
  0x00007ffbbc6ab95c: c5f8 77e8 

  0x00007ffbbc6ab960: ; ImmutableOopMap {rbp=Oop [24]=Oop [32]=Oop [48]=Oop [72]=Oop [80]=Oop [96]=Oop [128]=Oop [152]=NarrowOop [156]=NarrowOop [160]=NarrowOop [164]=NarrowOop }
                      ;*if_icmpne {reexecute=1 rethrow=0 return_oop=0}
                      ; - (reexecute) java.lang.StringConcatHelper::mix@13 (line 124)
                      ; - java.lang.StringConcatHelper::simpleConcat@46 (line 433)
                      ; - java.lang.String::concat@11 (line 2899)
                      ; - java.net.URLClassLoader::isSealed@15 (line 601)
                      ; - java.net.URLClassLoader::getAndVerifyPackage@68 (line 469)
                      ; - java.net.URLClassLoader::defineClass@46 (line 492)
                      ; - java.net.URLClassLoader$1::run@43 (line 427)
                      ; - java.net.URLClassLoader$1::run@1 (line 421)
                      ; - java.security.AccessController::executePrivileged@29 (line 809)
                      ; - java.security.AccessController::doPrivileged@13 (line 714)
  0x00007ffbbc6ab960: 1cec 76ff 

  0x00007ffbbc6ab964: ;   {other}
  0x00007ffbbc6ab964: 0f1f 8400 | d454 0080 | be45 ffff | ff48 8b6c | 2440 4c8b | 5424 384c | 8954 2418 | 4c8b 5424 
  0x00007ffbbc6ab984: 484c 8954 | 2420 4c8b | 5424 504c | 8954 2438 | 4c8b 9424 | 8000 0000 | 4c89 5424 | 484c 8b54 
  0x00007ffbbc6ab9a4: 2470 4c89 | 5424 504c | 8b54 2468 | 4c89 5424 | 604c 898c | 2480 0000 | 004c 8984 | 2488 0000 
  0x00007ffbbc6ab9c4: 0066 6690 

  0x00007ffbbc6ab9c8: ;   {runtime_call UncommonTrapBlob}
  0x00007ffbbc6ab9c8: c5f8 77e8 

  0x00007ffbbc6ab9cc: ; ImmutableOopMap {rbp=Oop [24]=Oop [32]=Oop [48]=Oop [72]=Oop [80]=Oop [96]=Oop [128]=Oop [152]=NarrowOop [156]=NarrowOop [160]=NarrowOop [164]=NarrowOop }
                      ;*ifge {reexecute=1 rethrow=0 return_oop=0}
                      ; - (reexecute) java.lang.StringConcatHelper::newArray@13 (line 508)
                      ; - java.lang.StringConcatHelper::simpleConcat@61 (line 435)
                      ; - java.lang.String::concat@11 (line 2899)
                      ; - java.net.URLClassLoader::isSealed@15 (line 601)
                      ; - java.net.URLClassLoader::getAndVerifyPackage@68 (line 469)
                      ; - java.net.URLClassLoader::defineClass@46 (line 492)
                      ; - java.net.URLClassLoader$1::run@43 (line 427)
                      ; - java.net.URLClassLoader$1::run@1 (line 421)
                      ; - java.security.AccessController::executePrivileged@29 (line 809)
                      ; - java.security.AccessController::doPrivileged@13 (line 714)
  0x00007ffbbc6ab9cc: b0eb 76ff 

  0x00007ffbbc6ab9d0: ;   {other}
  0x00007ffbbc6ab9d0: 0f1f 8400 | 4055 0081 | be45 ffff | ff48 8b6c | 2440 4c8b | 5c24 384c | 895c 2418 | 4c8b 5c24 
  0x00007ffbbc6ab9f0: 484c 895c | 2420 4c8b | 5c24 504c | 895c 2438 | 4c8b 9c24 | 8000 0000 | 4c89 5c24 | 584c 8b5c 
  0x00007ffbbc6aba10: 2468 4c89 | 5c24 604c | 8954 2468 | 4c89 8c24 | 8000 0000 | 894c 247c 

  0x00007ffbbc6aba28: ;   {runtime_call UncommonTrapBlob}
  0x00007ffbbc6aba28: c5f8 77e8 

  0x00007ffbbc6aba2c: ; ImmutableOopMap {rbp=Oop [24]=Oop [32]=Oop [48]=Oop [88]=Oop [96]=Oop [104]=Oop [112]=Oop [128]=Oop [152]=NarrowOop [156]=NarrowOop [160]=NarrowOop }
                      ;*ifle {reexecute=1 rethrow=0 return_oop=0}
                      ; - (reexecute) java.util.HashMap::getNode@14 (line 575)
                      ; - java.util.HashMap::get@2 (line 564)
                      ; - java.util.jar.Manifest::getAttributes@5 (line 160)
                      ; - java.util.jar.Manifest::getTrustedAttributes@2 (line 177)
                      ; - java.util.jar.JavaUtilJarAccessImpl::getTrustedAttributes@2 (line 38)
                      ; - java.net.URLClassLoader::isSealed@18 (line 601)
                      ; - java.net.URLClassLoader::getAndVerifyPackage@68 (line 469)
                      ; - java.net.URLClassLoader::defineClass@46 (line 492)
                      ; - java.net.URLClassLoader$1::run@43 (line 427)
                      ; - java.net.URLClassLoader$1::run@1 (line 421)
                      ; - java.security.AccessController::executePrivileged@29 (line 809)
                      ; - java.security.AccessController::doPrivileged@13 (line 714)
  0x00007ffbbc6aba2c: 50eb 76ff 

  0x00007ffbbc6aba30: ;   {other}
  0x00007ffbbc6aba30: 0f1f 8400 | a055 0082 | 488b e944 | 895c 2420 | 4c89 4424 | 184c 8954 

  0x00007ffbbc6aba48: ;   {metadata('java/io/FileInputStream')}
  0x00007ffbbc6aba48: 2430 48be | f817 0153 | fb7f 0000 

  0x00007ffbbc6aba54: ;   {runtime_call _new_instance_Java}
  0x00007ffbbc6aba54: c5f8 77e8 

  0x00007ffbbc6aba58: ; ImmutableOopMap {rbp=Oop [40]=Oop [48]=Oop [56]=Oop [64]=Oop [72]=Oop [152]=NarrowOop [156]=NarrowOop [160]=NarrowOop }
                      ;*new {reexecute=0 rethrow=0 return_oop=1}
                      ; - jdk.internal.loader.URLClassPath$FileLoader$1::getInputStream@0 (line 1119)
                      ; - jdk.internal.loader.Resource::cachedInputStream@9 (line 77)
                      ; - jdk.internal.loader.Resource::getByteBuffer@1 (line 163)
                      ; - java.net.URLClassLoader::defineClass@132 (line 511)
                      ; - java.net.URLClassLoader$1::run@43 (line 427)
                      ; - java.net.URLClassLoader$1::run@1 (line 421)
                      ; - java.security.AccessController::executePrivileged@29 (line 809)
                      ; - java.security.AccessController::doPrivileged@13 (line 714)
  0x00007ffbbc6aba58: 243f 7aff 

  0x00007ffbbc6aba5c: ;   {other}
  0x00007ffbbc6aba5c: 0f1f 8400 | cc55 0083 | e96b dcff | ff4c 895c | 2460 4c89 

  0x00007ffbbc6aba70: ;   {metadata('java/lang/Object')}
  0x00007ffbbc6aba70: 4424 5848 | be70 0e00 | 53fb 7f00 | 0066 6690 

  0x00007ffbbc6aba80: ;   {runtime_call _new_instance_Java}
  0x00007ffbbc6aba80: c5f8 77e8 

  0x00007ffbbc6aba84: ; ImmutableOopMap {rbp=NarrowOop [40]=Oop [48]=Oop [56]=Oop [64]=Oop [72]=Oop [88]=Oop [96]=Oop [152]=NarrowOop [156]=NarrowOop [160]=NarrowOop }
                      ;*new {reexecute=0 rethrow=0 return_oop=1}
                      ; - java.io.FileInputStream::<init>@5 (line 74)
                      ; - jdk.internal.loader.URLClassPath$FileLoader$1::getInputStream@8 (line 1119)
                      ; - jdk.internal.loader.Resource::cachedInputStream@9 (line 77)
                      ; - jdk.internal.loader.Resource::getByteBuffer@1 (line 163)
                      ; - java.net.URLClassLoader::defineClass@132 (line 511)
                      ; - java.net.URLClassLoader$1::run@43 (line 427)
                      ; - java.net.URLClassLoader$1::run@1 (line 421)
                      ; - java.security.AccessController::executePrivileged@29 (line 809)
                      ; - java.security.AccessController::doPrivileged@13 (line 714)
  0x00007ffbbc6aba84: f83e 7aff 

  0x00007ffbbc6aba88: ;   {other}
  0x00007ffbbc6aba88: 0f1f 8400 | f855 0084 | e98e dcff 

  0x00007ffbbc6aba94: ;   {metadata('java/io/FileDescriptor')}
  0x00007ffbbc6aba94: ff48 be80 | 2201 53fb | 7f00 0090 

  0x00007ffbbc6abaa0: ;   {runtime_call _new_instance_Java}
  0x00007ffbbc6abaa0: c5f8 77e8 

  0x00007ffbbc6abaa4: ; ImmutableOopMap {rbp=Oop [40]=Oop [48]=Oop [56]=Oop [64]=Oop [72]=Oop [88]=Oop [96]=Oop [152]=NarrowOop [156]=NarrowOop [160]=NarrowOop }
                      ;*new {reexecute=0 rethrow=0 return_oop=1}
                      ; - java.io.FileInputStream::<init>@71 (line 149)
                      ; - jdk.internal.loader.URLClassPath$FileLoader$1::getInputStream@8 (line 1119)
                      ; - jdk.internal.loader.Resource::cachedInputStream@9 (line 77)
                      ; - jdk.internal.loader.Resource::getByteBuffer@1 (line 163)
                      ; - java.net.URLClassLoader::defineClass@132 (line 511)
                      ; - java.net.URLClassLoader$1::run@43 (line 427)
                      ; - java.net.URLClassLoader$1::run@1 (line 421)
                      ; - java.security.AccessController::executePrivileged@29 (line 809)
                      ; - java.security.AccessController::doPrivileged@13 (line 714)
  0x00007ffbbc6abaa4: d83e 7aff 

  0x00007ffbbc6abaa8: ;   {other}
  0x00007ffbbc6abaa8: 0f1f 8400 | 1856 0085 | 4c8b d0e9 | 87dd ffff | 498b f7c5 | f877 49ba | 60cf afd0 | fb7f 0000 
  0x00007ffbbc6abac8: ;   {other}
  0x00007ffbbc6abac8: 41ff d20f | 1f84 0000 | 0000 004c | 8b54 2430 | e9d3 c9ff | ffbe 45ff | ffff 488b | 6c24 404c 
  0x00007ffbbc6abae8: 8b5c 2438 | 4c89 5c24 | 184c 8b5c | 2448 4c89 | 5c24 204c | 8b5c 2450 | 4c89 5c24 | 384c 8b9c 
  0x00007ffbbc6abb08: 2480 0000 | 004c 8954 | 2450 4c89 | 5c24 5890 

  0x00007ffbbc6abb18: ;   {runtime_call UncommonTrapBlob}
  0x00007ffbbc6abb18: c5f8 77e8 

  0x00007ffbbc6abb1c: ; ImmutableOopMap {rbp=Oop [24]=Oop [32]=Oop [48]=Oop [80]=Oop [88]=Oop [128]=Oop [152]=NarrowOop [156]=NarrowOop [160]=NarrowOop }
                      ;*ifeq {reexecute=1 rethrow=0 return_oop=0}
                      ; - (reexecute) java.net.URLClassLoader::getAndVerifyPackage@71 (line 469)
                      ; - java.net.URLClassLoader::defineClass@46 (line 492)
                      ; - java.net.URLClassLoader$1::run@43 (line 427)
                      ; - java.net.URLClassLoader$1::run@1 (line 421)
                      ; - java.security.AccessController::executePrivileged@29 (line 809)
                      ; - java.security.AccessController::doPrivileged@13 (line 714)
  0x00007ffbbc6abb1c: 60ea 76ff 

  0x00007ffbbc6abb20: ;   {other}
  0x00007ffbbc6abb20: 0f1f 8400 | 9056 0086 | be45 ffff | ff4c 8b5c | 2440 4c89 | 5c24 184c | 8b5c 2438 | 4c89 5c24 
  0x00007ffbbc6abb40: 204c 8b5c | 2448 4c89 | 5c24 284c | 8b5c 2450 | 4c89 5c24 | 404c 8b9c | 2480 0000 | 004c 8954 
  0x00007ffbbc6abb60: 2458 4c89 | 5c24 604c | 8944 2478 

  0x00007ffbbc6abb6c: ;   {runtime_call UncommonTrapBlob}
  0x00007ffbbc6abb6c: c5f8 77e8 

  0x00007ffbbc6abb70: ; ImmutableOopMap {[24]=Oop [32]=Oop [40]=Oop [48]=Oop [88]=Oop [96]=Oop [104]=Oop [120]=Oop [128]=Oop [152]=NarrowOop [156]=NarrowOop [160]=NarrowOop }
                      ;*ifle {reexecute=1 rethrow=0 return_oop=0}
                      ; - (reexecute) java.util.HashMap::getNode@14 (line 575)
                      ; - java.util.LinkedHashMap::get@2 (line 536)
                      ; - java.util.jar.Attributes::get@5 (line 106)
                      ; - java.util.jar.Attributes::getValue@2 (line 142)
                      ; - java.net.URLClassLoader::isSealed@58 (line 608)
                      ; - java.net.URLClassLoader::getAndVerifyPackage@68 (line 469)
                      ; - java.net.URLClassLoader::defineClass@46 (line 492)
                      ; - java.net.URLClassLoader$1::run@43 (line 427)
                      ; - java.net.URLClassLoader$1::run@1 (line 421)
                      ; - java.security.AccessController::executePrivileged@29 (line 809)
                      ; - java.security.AccessController::doPrivileged@13 (line 714)
  0x00007ffbbc6abb70: 0cea 76ff 

  0x00007ffbbc6abb74: ;   {other}
  0x00007ffbbc6abb74: 0f1f 8400 | e456 0087 | be76 ffff | ff48 8b6c | 2440 4c8b | 5c24 384c | 895c 2418 | 4c8b 5c24 
  0x00007ffbbc6abb94: 484c 895c | 2420 4c8b | 5c24 504c | 895c 2438 | 4c8b 9c24 | 8000 0000 | 4c89 5424 | 504c 895c 
  0x00007ffbbc6abbb4: 2458 4c8b | 5424 684c | 8954 2460 | 4489 4c24 | 6c66 6690 

  0x00007ffbbc6abbc8: ;   {runtime_call UncommonTrapBlob}
  0x00007ffbbc6abbc8: c5f8 77e8 

  0x00007ffbbc6abbcc: ; ImmutableOopMap {rbp=Oop [24]=Oop [32]=Oop [48]=Oop [80]=Oop [88]=Oop [96]=Oop [108]=NarrowOop [128]=Oop [152]=NarrowOop [156]=NarrowOop [160]=NarrowOop }
                      ;*if_icmpge {reexecute=1 rethrow=0 return_oop=0}
                      ; - (reexecute) java.lang.StringLatin1::regionMatchesCI@9 (line 384)
                      ; - java.lang.String::regionMatches@98 (line 2258)
                      ; - java.lang.String::equalsIgnoreCase@33 (line 1993)
                      ; - java.net.URLClassLoader::isSealed@68 (line 611)
                      ; - java.net.URLClassLoader::getAndVerifyPackage@68 (line 469)
                      ; - java.net.URLClassLoader::defineClass@46 (line 492)
                      ; - java.net.URLClassLoader$1::run@43 (line 427)
                      ; - java.net.URLClassLoader$1::run@1 (line 421)
                      ; - java.security.AccessController::executePrivileged@29 (line 809)
                      ; - java.security.AccessController::doPrivileged@13 (line 714)
  0x00007ffbbc6abbcc: b0e9 76ff 

  0x00007ffbbc6abbd0: ;   {other}
  0x00007ffbbc6abbd0: 0f1f 8400 | 4057 0088 | 4885 c90f | 1f44 0000 | 0f85 6de5 | ffff e95e | 0000 004d | 8b57 584d 
  0x00007ffbbc6abbf0: 8b5f 48f0 | 8344 24c0 | 0080 3f00 | 7438 4488 | 274d 85db | 740f 4b89 | 7c1a f849 | 83c3 f84d 
  0x00007ffbbc6abc10: 895f 48eb | 2149 8bd9 | 498b f7c5 | f877 49ba | 80cf afd0 | fb7f 0000 

  0x00007ffbbc6abc28: ;   {other}
  0x00007ffbbc6abc28: 41ff d20f | 1f84 0000 | 0000 004c | 8bcb 458b | 515c 660f | 1f44 0000 | 4585 d20f | 850a e5ff 
  0x00007ffbbc6abc48: ff4c 8b5c | 2430 e999 | caff ff4c | 8b4c 2420 | 458b 595c | 0f1f 4000 | 4585 db0f | 84a7 e4ff 
  0x00007ffbbc6abc68: ff4d 8b57 | 2849 8bfb | 4d85 d20f | 8407 0900 | 004d 8b5f | 384b 897c | 13f8 4983 | c2f8 4d89 
  0x00007ffbbc6abc88: 5728 e981 | e4ff ffbe | 45ff ffff | 4c8b 5424 | 404c 8954 | 2418 4c8b | 5424 384c | 8954 2420 
  0x00007ffbbc6abca8: 4c8b 5424 | 484c 8954 | 2428 4c8b | 5424 504c | 8954 2440 | 4889 5c24 | 6048 895c | 2470 448b 
  0x00007ffbbc6abcc8: 9c24 9c00 | 0000 4489 | 9c24 9000 | 0000 4489 | 9c24 9400 | 0000 6690 

  0x00007ffbbc6abce0: ;   {runtime_call UncommonTrapBlob}
  0x00007ffbbc6abce0: c5f8 77e8 

  0x00007ffbbc6abce4: ; ImmutableOopMap {rbp=NarrowOop [24]=Oop [32]=Oop [40]=Oop [48]=Oop [96]=Oop [104]=Oop [112]=Oop [140]=NarrowOop [144]=NarrowOop [148]=NarrowOop [152]=NarrowOop [160]=NarrowOop }
                      ;*ifnull {reexecute=1 rethrow=0 return_oop=0}
                      ; - (reexecute) java.util.concurrent.ConcurrentHashMap::get@67 (line 940)
                      ; - java.lang.ClassLoader::getDefinedPackage@13 (line 2263)
                      ; - java.net.URLClassLoader::getAndVerifyPackage@2 (line 457)
                      ; - java.net.URLClassLoader::defineClass@46 (line 492)
                      ; - java.net.URLClassLoader$1::run@43 (line 427)
                      ; - java.net.URLClassLoader$1::run@1 (line 421)
                      ; - java.security.AccessController::executePrivileged@29 (line 809)
                      ; - java.security.AccessController::doPrivileged@13 (line 714)
  0x00007ffbbc6abce4: 98e8 76ff 

  0x00007ffbbc6abce8: ;   {other}
  0x00007ffbbc6abce8: 0f1f 8400 | 5858 0089 | be45 ffff | ff4c 8b54 | 2440 4c89 | 5424 184c | 8b54 2438 | 4c89 5424 
  0x00007ffbbc6abd08: 204c 8b54 | 2448 4c89 | 5424 284c | 8b54 2450 | 4c89 5424 | 404c 895c | 2450 448b | 9c24 9800 
  0x00007ffbbc6abd28: 0000 4489 | 5c24 4c44 | 8b94 249c | 0000 0044 | 8994 2494 | 0000 0044 | 8994 2498 | 0000 0090 
  0x00007ffbbc6abd48: ;   {runtime_call UncommonTrapBlob}
  0x00007ffbbc6abd48: c5f8 77e8 

  0x00007ffbbc6abd4c: ; ImmutableOopMap {rbp=NarrowOop [24]=Oop [32]=Oop [40]=Oop [48]=Oop [76]=NarrowOop [80]=Oop [104]=Oop [136]=NarrowOop [144]=NarrowOop [148]=NarrowOop [152]=NarrowOop [160]=NarrowOop }
                      ;*ifnull {reexecute=1 rethrow=0 return_oop=0}
                      ; - (reexecute) java.util.concurrent.ConcurrentHashMap::get@67 (line 940)
                      ; - java.lang.ClassLoader::definePackage@47 (line 2125)
                      ; - java.lang.ClassLoader::getDefinedPackage@32 (line 2267)
                      ; - java.net.URLClassLoader::getAndVerifyPackage@2 (line 457)
                      ; - java.net.URLClassLoader::defineClass@46 (line 492)
                      ; - java.net.URLClassLoader$1::run@43 (line 427)
                      ; - java.net.URLClassLoader$1::run@1 (line 421)
                      ; - java.security.AccessController::executePrivileged@29 (line 809)
                      ; - java.security.AccessController::doPrivileged@13 (line 714)
  0x00007ffbbc6abd4c: 30e8 76ff 

  0x00007ffbbc6abd50: ;   {other}
  0x00007ffbbc6abd50: 0f1f 8400 | c058 008a | 33ed 85ff | 400f 94c5 | be45 ffff | ff4c 8b54 | 2440 4c89 | 5424 184c 
  0x00007ffbbc6abd70: 8b54 2438 | 4c89 5424 | 204c 8b54 | 2448 4c89 | 5424 284c | 895c 2438 | 4c8b 5424 | 504c 8954 
  0x00007ffbbc6abd90: 2440 448b | 9424 9800 | 0000 4889 | 4c24 6844 | 8954 244c | 4489 8424 | 9000 0000 | 4489 8424 
  0x00007ffbbc6abdb0: 9400 0000 | 4489 8c24 | 9800 0000 

  0x00007ffbbc6abdbc: ;   {runtime_call UncommonTrapBlob}
  0x00007ffbbc6abdbc: c5f8 77e8 

  0x00007ffbbc6abdc0: ; ImmutableOopMap {[24]=Oop [32]=Oop [40]=Oop [56]=Oop [76]=NarrowOop [104]=Oop [144]=NarrowOop [148]=NarrowOop [152]=NarrowOop [160]=NarrowOop [168]=Oop }
                      ;*ifeq {reexecute=1 rethrow=0 return_oop=0}
                      ; - (reexecute) java.lang.String::hashCode@20 (line 2369)
                      ; - java.util.concurrent.ConcurrentHashMap::get@1 (line 936)
                      ; - java.lang.ClassLoader::getDefinedPackage@13 (line 2263)
                      ; - java.net.URLClassLoader::getAndVerifyPackage@2 (line 457)
                      ; - java.net.URLClassLoader::defineClass@46 (line 492)
                      ; - java.net.URLClassLoader$1::run@43 (line 427)
                      ; - java.net.URLClassLoader$1::run@1 (line 421)
                      ; - java.security.AccessController::executePrivileged@29 (line 809)
                      ; - java.security.AccessController::doPrivileged@13 (line 714)
  0x00007ffbbc6abdc0: bce7 76ff 

  0x00007ffbbc6abdc4: ;   {other}
  0x00007ffbbc6abdc4: 0f1f 8400 | 3459 008b | be45 ffff | ff4c 8b5c | 2440 4c89 | 5c24 184c | 8b5c 2438 | 4c89 5c24 
  0x00007ffbbc6abde4: 204c 8b5c | 2448 4c89 | 5c24 284c | 8b5c 2450 | 4c89 5c24 | 404c 8b9c | 2480 0000 | 004c 8954 
  0x00007ffbbc6abe04: 2458 4c89 | 5c24 6044 | 894c 2474 

  0x00007ffbbc6abe10: ;   {runtime_call UncommonTrapBlob}
  0x00007ffbbc6abe10: c5f8 77e8 

  0x00007ffbbc6abe14: ; ImmutableOopMap {[24]=Oop [32]=Oop [40]=Oop [48]=Oop [88]=Oop [96]=Oop [104]=Oop [116]=NarrowOop [128]=Oop [152]=NarrowOop [156]=NarrowOop [160]=NarrowOop }
                      ;*if_icmpne {reexecute=1 rethrow=0 return_oop=0}
                      ; - (reexecute) java.lang.String::regionMatches@81 (line 2256)
                      ; - java.lang.String::equalsIgnoreCase@33 (line 1993)
                      ; - java.net.URLClassLoader::isSealed@68 (line 611)
                      ; - java.net.URLClassLoader::getAndVerifyPackage@68 (line 469)
                      ; - java.net.URLClassLoader::defineClass@46 (line 492)
                      ; - java.net.URLClassLoader$1::run@43 (line 427)
                      ; - java.net.URLClassLoader$1::run@1 (line 421)
                      ; - java.security.AccessController::executePrivileged@29 (line 809)
                      ; - java.security.AccessController::doPrivileged@13 (line 714)
  0x00007ffbbc6abe14: 68e7 76ff 

  0x00007ffbbc6abe18: ;   {other}
  0x00007ffbbc6abe18: 0f1f 8400 | 8859 008c | 4533 c04d | 3bc3 bdff | ffff ff7c | 0840 0f95 | c540 0fb6 | edbe 45ff 
  0x00007ffbbc6abe38: ffff 4c8b | 5c24 404c | 895c 2418 | 4c8b 5c24 | 384c 895c | 2420 4c8b | 5c24 484c | 895c 2428 
  0x00007ffbbc6abe58: 4c8b 5c24 | 504c 895c | 2440 4c8b | 9c24 8000 | 0000 4c89 | 5424 584c | 895c 2460 

  0x00007ffbbc6abe74: ;   {runtime_call UncommonTrapBlob}
  0x00007ffbbc6abe74: c5f8 77e8 

  0x00007ffbbc6abe78: ; ImmutableOopMap {[24]=Oop [32]=Oop [40]=Oop [48]=Oop [88]=Oop [96]=Oop [104]=Oop [128]=Oop [152]=NarrowOop [156]=NarrowOop [160]=NarrowOop }
                      ;*ifle {reexecute=1 rethrow=0 return_oop=0}
                      ; - (reexecute) java.lang.String::regionMatches@52 (line 2250)
                      ; - java.lang.String::equalsIgnoreCase@33 (line 1993)
                      ; - java.net.URLClassLoader::isSealed@68 (line 611)
                      ; - java.net.URLClassLoader::getAndVerifyPackage@68 (line 469)
                      ; - java.net.URLClassLoader::defineClass@46 (line 492)
                      ; - java.net.URLClassLoader$1::run@43 (line 427)
                      ; - java.net.URLClassLoader$1::run@1 (line 421)
                      ; - java.security.AccessController::executePrivileged@29 (line 809)
                      ; - java.security.AccessController::doPrivileged@13 (line 714)
  0x00007ffbbc6abe78: 04e7 76ff 

  0x00007ffbbc6abe7c: ;   {other}
  0x00007ffbbc6abe7c: 0f1f 8400 | ec59 008d | be3d ffff | ff48 8b6c | 2440 4c8b | 5424 384c | 8954 2418 | 4c8b 5424 
  0x00007ffbbc6abe9c: 484c 8954 | 2420 4c8b | 5424 504c | 8954 2438 | 4c8b 9424 | 8000 0000 | 4889 4c24 | 504c 8954 
  0x00007ffbbc6abebc: 2458 4c8b | 5424 684c | 8954 2460 | 895c 2470 | 8954 2474 | 4489 4424 | 7844 898c | 2480 0000 
  0x00007ffbbc6abedc: 0066 6690 

  0x00007ffbbc6abee0: ;   {runtime_call UncommonTrapBlob}
  0x00007ffbbc6abee0: c5f8 77e8 

  0x00007ffbbc6abee4: ; ImmutableOopMap {rbp=Oop [24]=Oop [32]=Oop [48]=Oop [80]=Oop [88]=Oop [96]=Oop [112]=NarrowOop [152]=NarrowOop [156]=NarrowOop [160]=NarrowOop }
                      ;*if_icmpge {reexecute=1 rethrow=0 return_oop=0}
                      ; - (reexecute) java.lang.CharacterDataLatin1::equalsIgnoreCase@16 (line 210)
                      ; - java.lang.StringLatin1::regionMatchesCI@32 (line 387)
                      ; - java.lang.String::regionMatches@98 (line 2258)
                      ; - java.lang.String::equalsIgnoreCase@33 (line 1993)
                      ; - java.net.URLClassLoader::isSealed@68 (line 611)
                      ; - java.net.URLClassLoader::getAndVerifyPackage@68 (line 469)
                      ; - java.net.URLClassLoader::defineClass@46 (line 492)
                      ; - java.net.URLClassLoader$1::run@43 (line 427)
                      ; - java.net.URLClassLoader$1::run@1 (line 421)
                      ; - java.security.AccessController::executePrivileged@29 (line 809)
                      ; - java.security.AccessController::doPrivileged@13 (line 714)
  0x00007ffbbc6abee4: 98e6 76ff 

  0x00007ffbbc6abee8: ;   {other}
  0x00007ffbbc6abee8: 0f1f 8400 | 585a 008e | be45 ffff | ff48 8b6c | 2440 4c8b | 5c24 384c | 895c 2418 | 4c8b 5c24 
  0x00007ffbbc6abf08: 484c 895c | 2420 4c8b | 5c24 504c | 895c 2438 | 4c8b 9c24 | 8000 0000 | 4889 4c24 | 504c 895c 
  0x00007ffbbc6abf28: 2458 4c8b | 5c24 684c | 895c 2460 | 895c 2470 | 8954 2474 | 4489 4424 | 7844 8954 | 247c 6690 
  0x00007ffbbc6abf48: ;   {runtime_call UncommonTrapBlob}
  0x00007ffbbc6abf48: c5f8 77e8 

  0x00007ffbbc6abf4c: ; ImmutableOopMap {rbp=Oop [24]=Oop [32]=Oop [48]=Oop [80]=Oop [88]=Oop [96]=Oop [112]=NarrowOop [128]=Oop [152]=NarrowOop [156]=NarrowOop [160]=NarrowOop }
                      ;*if_icmpne {reexecute=1 rethrow=0 return_oop=0}
                      ; - (reexecute) java.lang.CharacterDataLatin1::equalsIgnoreCase@54 (line 213)
                      ; - java.lang.StringLatin1::regionMatchesCI@32 (line 387)
                      ; - java.lang.String::regionMatches@98 (line 2258)
                      ; - java.lang.String::equalsIgnoreCase@33 (line 1993)
                      ; - java.net.URLClassLoader::isSealed@68 (line 611)
                      ; - java.net.URLClassLoader::getAndVerifyPackage@68 (line 469)
                      ; - java.net.URLClassLoader::defineClass@46 (line 492)
                      ; - java.net.URLClassLoader$1::run@43 (line 427)
                      ; - java.net.URLClassLoader$1::run@1 (line 421)
                      ; - java.security.AccessController::executePrivileged@29 (line 809)
                      ; - java.security.AccessController::doPrivileged@13 (line 714)
  0x00007ffbbc6abf4c: 30e6 76ff 

  0x00007ffbbc6abf50: ;   {other}
  0x00007ffbbc6abf50: 0f1f 8400 | c05a 008f | 33ed 4585 | c040 0f94 | c5be 45ff | ffff 4c8b | 5424 404c | 8954 2418 
  0x00007ffbbc6abf70: 4c8b 5424 | 384c 8954 | 2420 4c8b | 5424 484c | 8954 2428 | 4c8b 5424 | 504c 8954 | 2440 448b 
  0x00007ffbbc6abf90: 9c24 9800 | 0000 4c8b | 9424 8000 | 0000 4c89 | 5424 5044 | 895c 244c | 448b 9c24 | 9c00 0000 
  0x00007ffbbc6abfb0: 4489 9c24 | 9800 0000 

  0x00007ffbbc6abfb8: ;   {runtime_call UncommonTrapBlob}
  0x00007ffbbc6abfb8: c5f8 77e8 

  0x00007ffbbc6abfbc: ; ImmutableOopMap {[24]=Oop [32]=Oop [40]=Oop [48]=Oop [76]=NarrowOop [80]=Oop [104]=Oop [136]=NarrowOop [140]=NarrowOop [152]=NarrowOop [156]=NarrowOop [160]=NarrowOop }
                      ;*ifeq {reexecute=1 rethrow=0 return_oop=0}
                      ; - (reexecute) java.lang.String::hashCode@20 (line 2369)
                      ; - java.util.concurrent.ConcurrentHashMap::get@1 (line 936)
                      ; - java.lang.ClassLoader::definePackage@47 (line 2125)
                      ; - java.lang.ClassLoader::getDefinedPackage@32 (line 2267)
                      ; - java.net.URLClassLoader::getAndVerifyPackage@2 (line 457)
                      ; - java.net.URLClassLoader::defineClass@46 (line 492)
                      ; - java.net.URLClassLoader$1::run@43 (line 427)
                      ; - java.net.URLClassLoader$1::run@1 (line 421)
                      ; - java.security.AccessController::executePrivileged@29 (line 809)
                      ; - java.security.AccessController::doPrivileged@13 (line 714)
  0x00007ffbbc6abfbc: c0e5 76ff 

  0x00007ffbbc6abfc0: ;   {other}
  0x00007ffbbc6abfc0: 0f1f 8400 | 305b 0090 | 33ed 4585 | db40 0f94 | c5be 45ff | ffff 4c8b | 5c24 404c | 895c 2418 
  0x00007ffbbc6abfe0: 4c8b 5c24 | 384c 895c | 2420 4c8b | 5c24 484c | 895c 2428 | 4c8b 5c24 | 504c 895c | 2440 448b 
  0x00007ffbbc6ac000: 8424 9800 | 0000 4489 | 4424 484c | 8b9c 2480 | 0000 004c | 895c 2460 | 448b 9c24 | a000 0000 
  0x00007ffbbc6ac020: 4489 9c24 | 8000 0000 | 4c89 8c24 | 9000 0000 | 89bc 2484 | 0000 0089 | 8c24 9800 | 0000 4c89 
  0x00007ffbbc6ac040: 8c24 a000 | 0000 6690 

  0x00007ffbbc6ac048: ;   {runtime_call UncommonTrapBlob}
  0x00007ffbbc6ac048: c5f8 77e8 

  0x00007ffbbc6ac04c: ; ImmutableOopMap {[24]=Oop [32]=Oop [40]=Oop [48]=Oop [72]=NarrowOop [96]=Oop [104]=Oop [112]=Oop [128]=NarrowOop [132]=NarrowOop [144]=Oop [156]=NarrowOop [160]=Oop }
                      ;*ifeq {reexecute=1 rethrow=0 return_oop=0}
                      ; - (reexecute) java.lang.String::hashCode@20 (line 2369)
                      ; - java.util.HashMap::hash@9 (line 338)
                      ; - java.util.HashMap::getNode@23 (line 576)
                      ; - java.util.HashMap::get@2 (line 564)
                      ; - java.util.jar.Manifest::getAttributes@5 (line 160)
                      ; - java.util.jar.Manifest::getTrustedAttributes@2 (line 177)
                      ; - java.util.jar.JavaUtilJarAccessImpl::getTrustedAttributes@2 (line 38)
                      ; - java.net.URLClassLoader::isSealed@18 (line 601)
                      ; - java.net.URLClassLoader::getAndVerifyPackage@68 (line 469)
                      ; - java.net.URLClassLoader::defineClass@46 (line 492)
                      ; - java.net.URLClassLoader$1::run@43 (line 427)
                      ; - java.net.URLClassLoader$1::run@1 (line 421)
                      ; - java.security.AccessController::executePrivileged@29 (line 809)
                      ; - java.security.AccessController::doPrivileged@13 (line 714)
  0x00007ffbbc6ac04c: 30e5 76ff 

  0x00007ffbbc6ac050: ;   {other}
  0x00007ffbbc6ac050: 0f1f 8400 | c05b 0091 | be45 ffff | ff4c 8b54 | 2440 4c89 | 5424 184c | 8b54 2438 | 4c89 5424 
  0x00007ffbbc6ac070: 204c 8b54 | 2448 4c89 | 5424 284c | 8b54 2450 | 4c89 5424 | 4044 8b9c | 2498 0000 | 004c 8b94 
  0x00007ffbbc6ac090: 2480 0000 | 004c 8954 | 2450 4489 | 5c24 4c44 | 8b9c 249c | 0000 0044 | 899c 2490 | 0000 0044 
  0x00007ffbbc6ac0b0: 899c 2494 | 0000 0090 

  0x00007ffbbc6ac0b8: ;   {runtime_call UncommonTrapBlob}
  0x00007ffbbc6ac0b8: c5f8 77e8 

  0x00007ffbbc6ac0bc: ; ImmutableOopMap {rbp=NarrowOop [24]=Oop [32]=Oop [40]=Oop [48]=Oop [76]=NarrowOop [80]=Oop [104]=Oop [136]=NarrowOop [144]=NarrowOop [148]=NarrowOop [160]=NarrowOop [168]=Oop }
                      ;*ifnull {reexecute=1 rethrow=0 return_oop=0}
                      ; - (reexecute) java.util.concurrent.ConcurrentHashMap::get@143 (line 946)
                      ; - java.lang.ClassLoader::definePackage@47 (line 2125)
                      ; - java.lang.ClassLoader::getDefinedPackage@32 (line 2267)
                      ; - java.net.URLClassLoader::getAndVerifyPackage@2 (line 457)
                      ; - java.net.URLClassLoader::defineClass@46 (line 492)
                      ; - java.net.URLClassLoader$1::run@43 (line 427)
                      ; - java.net.URLClassLoader$1::run@1 (line 421)
                      ; - java.security.AccessController::executePrivileged@29 (line 809)
                      ; - java.security.AccessController::doPrivileged@13 (line 714)
  0x00007ffbbc6ac0bc: c0e4 76ff 

  0x00007ffbbc6ac0c0: ;   {other}
  0x00007ffbbc6ac0c0: 0f1f 8400 | 305c 0092 | 4c89 4c24 | 204c 8944 

  0x00007ffbbc6ac0d0: ;   {metadata('java/security/CodeSigner'[])}
  0x00007ffbbc6ac0d0: 2458 48be | 48f8 5654 | fb7f 0000 | 8bd1 6690 

  0x00007ffbbc6ac0e0: ;   {runtime_call _new_array_Java}
  0x00007ffbbc6ac0e0: c5f8 77e8 

  0x00007ffbbc6ac0e4: ; ImmutableOopMap {rbp=Oop [40]=Oop [48]=Oop [56]=Oop [64]=Oop [72]=Oop [88]=Oop [96]=Oop [156]=NarrowOop [160]=NarrowOop }
                      ;*invokevirtual clone {reexecute=1 rethrow=0 return_oop=1}
                      ; - (reexecute) java.security.CodeSource::<init>@42 (line 128)
                      ; - java.net.URLClassLoader::defineClass@198 (line 522)
                      ; - java.net.URLClassLoader$1::run@43 (line 427)
                      ; - java.net.URLClassLoader$1::run@1 (line 421)
                      ; - java.security.AccessController::executePrivileged@29 (line 809)
                      ; - java.security.AccessController::doPrivileged@13 (line 714)
  0x00007ffbbc6ac0e4: 9835 7aff 

  0x00007ffbbc6ac0e8: ;   {other}
  0x00007ffbbc6ac0e8: 0f1f 8400 | 585c 0093 | 488b d8e9 | 30dd ffff | be45 ffff | ff4c 8b54 | 2440 4c89 | 5424 184c 
  0x00007ffbbc6ac108: 8b54 2438 | 4c89 5424 | 204c 8b54 | 2448 4c89 | 5424 284c | 8b54 2450 | 4c89 5424 | 4044 8b9c 
  0x00007ffbbc6ac128: 2498 0000 | 004c 8b94 | 2480 0000 | 004c 8954 | 2450 4489 | 5c24 4c44 | 8b9c 249c | 0000 0044 
  0x00007ffbbc6ac148: 899c 248c | 0000 0044 | 899c 2498 | 0000 0090 

  0x00007ffbbc6ac158: ;   {runtime_call UncommonTrapBlob}
  0x00007ffbbc6ac158: c5f8 77e8 

  0x00007ffbbc6ac15c: ; ImmutableOopMap {rbp=NarrowOop [24]=Oop [32]=Oop [40]=Oop [48]=Oop [76]=NarrowOop [80]=Oop [104]=Oop [140]=NarrowOop [144]=Oop [152]=NarrowOop [160]=NarrowOop }
                      ;*ifnull {reexecute=1 rethrow=0 return_oop=0}
                      ; - (reexecute) java.util.concurrent.ConcurrentHashMap::get@143 (line 946)
                      ; - java.lang.ClassLoader::getDefinedPackage@13 (line 2263)
                      ; - java.net.URLClassLoader::getAndVerifyPackage@2 (line 457)
                      ; - java.net.URLClassLoader::defineClass@46 (line 492)
                      ; - java.net.URLClassLoader$1::run@43 (line 427)
                      ; - java.net.URLClassLoader$1::run@1 (line 421)
                      ; - java.security.AccessController::executePrivileged@29 (line 809)
                      ; - java.security.AccessController::doPrivileged@13 (line 714)
  0x00007ffbbc6ac15c: 20e4 76ff 

  0x00007ffbbc6ac160: ;   {other}
  0x00007ffbbc6ac160: 0f1f 8400 | d05c 0094 | 4c89 5c24 | 3044 8954 | 2458 458b | c848 894c | 2420 4889 

  0x00007ffbbc6ac17c: ;   {metadata('java/security/CodeSigner'[])}
  0x00007ffbbc6ac17c: 5c24 6848 | be48 f856 | 54fb 7f00 | 0041 8bd1 | 488b 6c24 | 4066 6690 

  0x00007ffbbc6ac194: ;   {runtime_call _new_array_Java}
  0x00007ffbbc6ac194: c5f8 77e8 

  0x00007ffbbc6ac198: ; ImmutableOopMap {rbp=Oop [32]=Oop [40]=Oop [48]=Oop [56]=Oop [64]=Oop [72]=Oop [88]=NarrowOop [96]=Oop [152]=NarrowOop [156]=NarrowOop [160]=NarrowOop }
                      ;*invokevirtual clone {reexecute=1 rethrow=0 return_oop=1}
                      ; - (reexecute) java.util.jar.JarFile$JarFileEntry::getCodeSigners@70 (line 677)
                      ; - jdk.internal.loader.URLClassPath$JarLoader$2::getCodeSigners@4 (line 858)
                      ; - java.net.URLClassLoader::defineClass@185 (line 521)
                      ; - java.net.URLClassLoader$1::run@43 (line 427)
                      ; - java.net.URLClassLoader$1::run@1 (line 421)
                      ; - java.security.AccessController::executePrivileged@29 (line 809)
                      ; - java.security.AccessController::doPrivileged@13 (line 714)
  0x00007ffbbc6ac198: e434 7aff 

  0x00007ffbbc6ac19c: ;   {other}
  0x00007ffbbc6ac19c: 0f1f 8400 | 0c5d 0095 | e937 e0ff | ffbe e4ff | ffff 488b | 6c24 404c | 8b5c 2438 | 4c89 5c24 
  0x00007ffbbc6ac1bc: 184c 8b5c | 2448 4c89 | 5c24 204c | 8b5c 2450 | 4c89 5c24 | 384c 8b9c | 2480 0000 | 004c 8954 
  0x00007ffbbc6ac1dc: 2450 4c89 | 5c24 584c | 8b54 2468 | 4c89 5424 | 6044 894c | 2470 6690 

  0x00007ffbbc6ac1f4: ;   {runtime_call UncommonTrapBlob}
  0x00007ffbbc6ac1f4: c5f8 77e8 

  0x00007ffbbc6ac1f8: ; ImmutableOopMap {rbp=Oop [24]=Oop [32]=Oop [48]=Oop [80]=Oop [88]=Oop [96]=Oop [112]=NarrowOop [128]=Oop [152]=NarrowOop [156]=NarrowOop [160]=NarrowOop }
                      ;*baload {reexecute=0 rethrow=0 return_oop=0}
                      ; - java.lang.StringLatin1::regionMatchesCI@25 (line 386)
                      ; - java.lang.String::regionMatches@98 (line 2258)
                      ; - java.lang.String::equalsIgnoreCase@33 (line 1993)
                      ; - java.net.URLClassLoader::isSealed@68 (line 611)
                      ; - java.net.URLClassLoader::getAndVerifyPackage@68 (line 469)
                      ; - java.net.URLClassLoader::defineClass@46 (line 492)
                      ; - java.net.URLClassLoader$1::run@43 (line 427)
                      ; - java.net.URLClassLoader$1::run@1 (line 421)
                      ; - java.security.AccessController::executePrivileged@29 (line 809)
                      ; - java.security.AccessController::doPrivileged@13 (line 714)
  0x00007ffbbc6ac1f8: 84e3 76ff 

  0x00007ffbbc6ac1fc: ;   {other}
  0x00007ffbbc6ac1fc: 0f1f 8400 | 6c5d 0096 | bec6 ffff | ff48 8b6c | 2440 4c8b | 5424 384c | 8954 2418 | 4c8b 5424 
  0x00007ffbbc6ac21c: 484c 8954 | 2420 4c89 | 6c24 304c | 8b54 2450 | 4c89 5424 | 3844 894c | 2440 4c89 | 6c24 4889 
  0x00007ffbbc6ac23c: 5c24 4444 | 8974 2450 

  0x00007ffbbc6ac244: ;   {runtime_call UncommonTrapBlob}
  0x00007ffbbc6ac244: c5f8 77e8 

  0x00007ffbbc6ac248: ; ImmutableOopMap {rbp=Oop [24]=Oop [32]=Oop [48]=Oop [68]=NarrowOop [72]=Oop [80]=NarrowOop }
                      ;*invokevirtual getCodeSourceURL {reexecute=0 rethrow=0 return_oop=0}
                      ; - java.net.URLClassLoader::defineClass@13 (line 487)
                      ; - java.net.URLClassLoader$1::run@43 (line 427)
                      ; - java.net.URLClassLoader$1::run@1 (line 421)
                      ; - java.security.AccessController::executePrivileged@29 (line 809)
                      ; - java.security.AccessController::doPrivileged@13 (line 714)
  0x00007ffbbc6ac248: 34e3 76ff 

  0x00007ffbbc6ac24c: ;   {other}
  0x00007ffbbc6ac24c: 0f1f 8400 | bc5d 0097 | bec6 ffff | ff48 8b6c | 2440 4c8b | 5424 384c | 8954 2418 | 4c8b 5424 
  0x00007ffbbc6ac26c: 484c 8954 | 2420 4c8b | 5424 504c | 8954 2430 | 4c89 5c24 | 4066 6690 

  0x00007ffbbc6ac284: ;   {runtime_call UncommonTrapBlob}
  0x00007ffbbc6ac284: c5f8 77e8 

  0x00007ffbbc6ac288: ; ImmutableOopMap {rbp=Oop [24]=Oop [32]=Oop [64]=Oop [96]=Oop [152]=NarrowOop [156]=NarrowOop [160]=NarrowOop }
                      ;*invokevirtual getCodeSigners {reexecute=0 rethrow=0 return_oop=0}
                      ; - java.net.URLClassLoader::defineClass@185 (line 521)
                      ; - java.net.URLClassLoader$1::run@43 (line 427)
                      ; - java.net.URLClassLoader$1::run@1 (line 421)
                      ; - java.security.AccessController::executePrivileged@29 (line 809)
                      ; - java.security.AccessController::doPrivileged@13 (line 714)
  0x00007ffbbc6ac288: f4e2 76ff 

  0x00007ffbbc6ac28c: ;   {other}
  0x00007ffbbc6ac28c: 0f1f 8400 | fc5d 0098 | bec6 ffff | ff48 8b6c | 2440 4c8b | 5424 384c | 8954 2418 | 4c8b 5424 
  0x00007ffbbc6ac2ac: 484c 8954 | 2420 4c8b | 5424 504c | 8954 2438 

  0x00007ffbbc6ac2bc: ;   {runtime_call UncommonTrapBlob}
  0x00007ffbbc6ac2bc: c5f8 77e8 

  0x00007ffbbc6ac2c0: ; ImmutableOopMap {rbp=Oop [24]=Oop [32]=Oop [48]=Oop [152]=NarrowOop [156]=NarrowOop [160]=NarrowOop [168]=Oop }
                      ;*invokevirtual getManifest {reexecute=0 rethrow=0 return_oop=0}
                      ; - java.net.URLClassLoader::defineClass@34 (line 491)
                      ; - java.net.URLClassLoader$1::run@43 (line 427)
                      ; - java.net.URLClassLoader$1::run@1 (line 421)
                      ; - java.security.AccessController::executePrivileged@29 (line 809)
                      ; - java.security.AccessController::doPrivileged@13 (line 714)
  0x00007ffbbc6ac2c0: bce2 76ff 

  0x00007ffbbc6ac2c4: ;   {other}
  0x00007ffbbc6ac2c4: 0f1f 8400 | 345e 0099 | be27 0000 | 0048 8b6c | 2440 4c8b | 5424 384c | 8954 2418 | 4c8b 5424 
  0x00007ffbbc6ac2e4: 484c 8954 | 2420 4c8b | 5424 504c | 8954 2438 

  0x00007ffbbc6ac2f4: ;   {runtime_call UncommonTrapBlob}
  0x00007ffbbc6ac2f4: c5f8 77e8 

  0x00007ffbbc6ac2f8: ; ImmutableOopMap {rbp=Oop [24]=Oop [32]=Oop [48]=Oop [88]=Oop [96]=Oop [152]=NarrowOop [156]=NarrowOop [160]=NarrowOop }
                      ;*new {reexecute=0 rethrow=0 return_oop=0}
                      ; - java.io.FileInputStream::<init>@45 (line 144)
                      ; - jdk.internal.loader.URLClassPath$FileLoader$1::getInputStream@8 (line 1119)
                      ; - jdk.internal.loader.Resource::cachedInputStream@9 (line 77)
                      ; - jdk.internal.loader.Resource::getByteBuffer@1 (line 163)
                      ; - java.net.URLClassLoader::defineClass@132 (line 511)
                      ; - java.net.URLClassLoader$1::run@43 (line 427)
                      ; - java.net.URLClassLoader$1::run@1 (line 421)
                      ; - java.security.AccessController::executePrivileged@29 (line 809)
                      ; - java.security.AccessController::doPrivileged@13 (line 714)
  0x00007ffbbc6ac2f8: 84e2 76ff 

  0x00007ffbbc6ac2fc: ;   {other}
  0x00007ffbbc6ac2fc: 0f1f 8400 | 6c5e 009a | bef6 ffff | ff48 8b6c | 2440 4c8b | 5424 384c | 8954 2418 | 4c8b 5424 
  0x00007ffbbc6ac31c: 484c 8954 | 2420 4c8b | 5424 504c | 8954 2438 

  0x00007ffbbc6ac32c: ;   {runtime_call UncommonTrapBlob}
  0x00007ffbbc6ac32c: c5f8 77e8 

  0x00007ffbbc6ac330: ; ImmutableOopMap {rbp=Oop [24]=Oop [32]=Oop [48]=Oop [88]=Oop [152]=NarrowOop [156]=NarrowOop [160]=NarrowOop }
                      ;*invokevirtual isInvalid {reexecute=0 rethrow=0 return_oop=0}
                      ; - java.io.FileInputStream::<init>@54 (line 146)
                      ; - jdk.internal.loader.URLClassPath$FileLoader$1::getInputStream@8 (line 1119)
                      ; - jdk.internal.loader.Resource::cachedInputStream@9 (line 77)
                      ; - jdk.internal.loader.Resource::getByteBuffer@1 (line 163)
                      ; - java.net.URLClassLoader::defineClass@132 (line 511)
                      ; - java.net.URLClassLoader$1::run@43 (line 427)
                      ; - java.net.URLClassLoader$1::run@1 (line 421)
                      ; - java.security.AccessController::executePrivileged@29 (line 809)
                      ; - java.security.AccessController::doPrivileged@13 (line 714)
  0x00007ffbbc6ac330: 4ce2 76ff 

  0x00007ffbbc6ac334: ;   {other}
  0x00007ffbbc6ac334: 0f1f 8400 | a45e 009b | bec6 ffff | ff48 8b6c | 2440 4c8b | 5c24 384c | 895c 2418 | 4c8b 5c24 
  0x00007ffbbc6ac354: 484c 895c | 2420 4c89 | 5424 304c | 8b5c 2450 | 4c89 5c24 | 384c 8954 | 2448 6690 

  0x00007ffbbc6ac370: ;   {runtime_call UncommonTrapBlob}
  0x00007ffbbc6ac370: c5f8 77e8 

  0x00007ffbbc6ac374: ; ImmutableOopMap {rbp=Oop [24]=Oop [32]=Oop [48]=Oop [72]=Oop [152]=NarrowOop [156]=NarrowOop [160]=NarrowOop }
                      ;*invokevirtual getInputStream {reexecute=0 rethrow=0 return_oop=0}
                      ; - jdk.internal.loader.Resource::cachedInputStream@9 (line 77)
                      ; - jdk.internal.loader.Resource::getByteBuffer@1 (line 163)
                      ; - java.net.URLClassLoader::defineClass@132 (line 511)
                      ; - java.net.URLClassLoader$1::run@43 (line 427)
                      ; - java.net.URLClassLoader$1::run@1 (line 421)
                      ; - java.security.AccessController::executePrivileged@29 (line 809)
                      ; - java.security.AccessController::doPrivileged@13 (line 714)
  0x00007ffbbc6ac374: 08e2 76ff 

  0x00007ffbbc6ac378: ;   {other}
  0x00007ffbbc6ac378: 0f1f 8400 | e85e 009c | be2e 0000 | 0048 8b6c | 2440 4c8b | 5424 384c | 8954 2418 | 4c8b 5424 
  0x00007ffbbc6ac398: 484c 8954 | 2420 4c8b | 5424 504c | 8954 2438 

  0x00007ffbbc6ac3a8: ;   {runtime_call UncommonTrapBlob}
  0x00007ffbbc6ac3a8: c5f8 77e8 

  0x00007ffbbc6ac3ac: ; ImmutableOopMap {rbp=Oop [24]=Oop [32]=Oop [48]=Oop [88]=Oop [96]=Oop [152]=NarrowOop [156]=NarrowOop [160]=NarrowOop }
                      ;*new {reexecute=0 rethrow=0 return_oop=0}
                      ; - java.io.FileInputStream::<init>@60 (line 147)
                      ; - jdk.internal.loader.URLClassPath$FileLoader$1::getInputStream@8 (line 1119)
                      ; - jdk.internal.loader.Resource::cachedInputStream@9 (line 77)
                      ; - jdk.internal.loader.Resource::getByteBuffer@1 (line 163)
                      ; - java.net.URLClassLoader::defineClass@132 (line 511)
                      ; - java.net.URLClassLoader$1::run@43 (line 427)
                      ; - java.net.URLClassLoader$1::run@1 (line 421)
                      ; - java.security.AccessController::executePrivileged@29 (line 809)
                      ; - java.security.AccessController::doPrivileged@13 (line 714)
  0x00007ffbbc6ac3ac: d0e1 76ff 

  0x00007ffbbc6ac3b0: ;   {other}
  0x00007ffbbc6ac3b0: 0f1f 8400 | 205f 009d | 4d8b e948 | 8b5c 2460 | 498b f7c5 | f877 49ba | 60cf afd0 | fb7f 0000 
  0x00007ffbbc6ac3d0: ;   {other}
  0x00007ffbbc6ac3d0: 41ff d20f | 1f84 0000 | 0000 000f | 1f44 0000 | e9bd e2ff | ff49 8bd9 | 498b f7c5 | f877 49ba 
  0x00007ffbbc6ac3f0: 60cf afd0 | fb7f 0000 

  0x00007ffbbc6ac3f8: ;   {other}
  0x00007ffbbc6ac3f8: 41ff d20f | 1f84 0000 | 0000 004c | 8bcb e9b9 | d4ff ffbe | 66ff ffff | 4c8b 5424 | 404c 8954 
  0x00007ffbbc6ac418: 2418 4c8b | 5424 384c | 8954 2420 | 4c8b 5424 | 484c 8954 | 2428 4c8b | 5424 584c | 8954 2430 
  0x00007ffbbc6ac438: 4c8b 5424 | 504c 8954 | 2438 6690 

  0x00007ffbbc6ac444: ;   {runtime_call UncommonTrapBlob}
  0x00007ffbbc6ac444: c5f8 77e8 

  0x00007ffbbc6ac448: ; ImmutableOopMap {rbp=NarrowOop [24]=Oop [32]=Oop [40]=Oop [48]=Oop [96]=Oop [152]=NarrowOop [156]=NarrowOop [160]=NarrowOop [168]=Oop }
                      ;*invokevirtual getManifest {reexecute=0 rethrow=0 return_oop=0}
                      ; - java.util.jar.JarFile::maybeInstantiateVerifier@31 (line 724)
                      ; - java.util.jar.JarFile::ensureInitialization@1 (line 1064)
                      ; - java.util.jar.JavaUtilJarAccessImpl::ensureInitialization@1 (line 42)
                      ; - jdk.internal.loader.URLClassPath$JarLoader$2::getManifest@10 (line 852)
                      ; - java.net.URLClassLoader::defineClass@34 (line 491)
                      ; - java.net.URLClassLoader$1::run@43 (line 427)
                      ; - java.net.URLClassLoader$1::run@1 (line 421)
                      ; - java.security.AccessController::executePrivileged@29 (line 809)
                      ; - java.security.AccessController::doPrivileged@13 (line 714)
  0x00007ffbbc6ac448: 34e1 76ff 

  0x00007ffbbc6ac44c: ;   {other}
  0x00007ffbbc6ac44c: 0f1f 8400 | bc5f 009e | 498b f7c5 | f877 49ba | 60cf afd0 | fb7f 0000 

  0x00007ffbbc6ac464: ;   {other}
  0x00007ffbbc6ac464: 41ff d20f | 1f84 0000 | 0000 004c | 8b44 2458 | e9f7 d9ff | ffbe deff | ffff 488b | 6c24 404c 
  0x00007ffbbc6ac484: 8b54 2438 | 4c89 5424 | 184c 8b54 | 2448 4c89 | 5424 204c | 8b54 2450 | 4c89 5424 | 3848 895c 
  0x00007ffbbc6ac4a4: 2458 4889 | 4c24 6048 | 895c 2468 | 448b 9c24 | 9c00 0000 | 4489 9c24 | 8000 0000 | 4489 9c24 
  0x00007ffbbc6ac4c4: 8400 0000 

  0x00007ffbbc6ac4c8: ;   {runtime_call UncommonTrapBlob}
  0x00007ffbbc6ac4c8: c5f8 77e8 

  0x00007ffbbc6ac4cc: ; ImmutableOopMap {rbp=Oop [24]=Oop [32]=Oop [48]=Oop [88]=Oop [96]=Oop [104]=Oop [128]=NarrowOop [132]=NarrowOop [140]=NarrowOop [152]=NarrowOop [160]=NarrowOop }
                      ;*invokevirtual find {reexecute=0 rethrow=0 return_oop=0}
                      ; - java.util.concurrent.ConcurrentHashMap::get@93 (line 944)
                      ; - java.lang.ClassLoader::getDefinedPackage@13 (line 2263)
                      ; - java.net.URLClassLoader::getAndVerifyPackage@2 (line 457)
                      ; - java.net.URLClassLoader::defineClass@46 (line 492)
                      ; - java.net.URLClassLoader$1::run@43 (line 427)
                      ; - java.net.URLClassLoader$1::run@1 (line 421)
                      ; - java.security.AccessController::executePrivileged@29 (line 809)
                      ; - java.security.AccessController::doPrivileged@13 (line 714)
  0x00007ffbbc6ac4cc: b0e0 76ff 

  0x00007ffbbc6ac4d0: ;   {other}
  0x00007ffbbc6ac4d0: 0f1f 8400 | 4060 009f | bede ffff | ff4c 8b54 | 2440 4c89 | 5424 184c | 8b54 2438 | 4c89 5424 
  0x00007ffbbc6ac4f0: 204c 8b54 | 2448 4c89 | 5424 284c | 8b54 2450 | 4c89 5424 | 3866 6690 

  0x00007ffbbc6ac508: ;   {runtime_call UncommonTrapBlob}
  0x00007ffbbc6ac508: c5f8 77e8 

  0x00007ffbbc6ac50c: ; ImmutableOopMap {rbp=NarrowOop [24]=Oop [32]=Oop [40]=Oop [48]=Oop [88]=Oop [96]=Oop [152]=NarrowOop [156]=NarrowOop [160]=NarrowOop }
                      ;*invokevirtual getManifest {reexecute=0 rethrow=0 return_oop=0}
                      ; - java.util.jar.JarFile::maybeInstantiateVerifier@31 (line 724)
                      ; - java.util.jar.JarFile$JarFileEntry::getCodeSigners@4 (line 670)
                      ; - jdk.internal.loader.URLClassPath$JarLoader$2::getCodeSigners@4 (line 858)
                      ; - java.net.URLClassLoader::defineClass@185 (line 521)
                      ; - java.net.URLClassLoader$1::run@43 (line 427)
                      ; - java.net.URLClassLoader$1::run@1 (line 421)
                      ; - java.security.AccessController::executePrivileged@29 (line 809)
                      ; - java.security.AccessController::doPrivileged@13 (line 714)
  0x00007ffbbc6ac50c: 70e0 76ff 

  0x00007ffbbc6ac510: ;   {other}
  0x00007ffbbc6ac510: 0f1f 8400 | 8060 00a0 | bede ffff | ff48 8b6c | 2440 4c8b | 5424 384c | 8954 2418 | 4c8b 5424 
  0x00007ffbbc6ac530: 484c 8954 | 2420 4c8b | 5424 504c | 8954 2438 | 4c8b 9424 | 8000 0000 | 4c89 5424 | 484c 8b54 
  0x00007ffbbc6ac550: 2468 4c89 | 5424 5044 | 8b9c 249c | 0000 0044 | 899c 2480 | 0000 0044 | 899c 2484 | 0000 0090 
  0x00007ffbbc6ac570: ;   {runtime_call UncommonTrapBlob}
  0x00007ffbbc6ac570: c5f8 77e8 

  0x00007ffbbc6ac574: ; ImmutableOopMap {rbp=Oop [24]=Oop [32]=Oop [48]=Oop [72]=Oop [80]=Oop [128]=NarrowOop [132]=NarrowOop [136]=NarrowOop [144]=NarrowOop [152]=NarrowOop [160]=NarrowOop }
                      ;*invokevirtual find {reexecute=0 rethrow=0 return_oop=0}
                      ; - java.util.concurrent.ConcurrentHashMap::get@93 (line 944)
                      ; - java.lang.ClassLoader::definePackage@47 (line 2125)
                      ; - java.lang.ClassLoader::getDefinedPackage@32 (line 2267)
                      ; - java.net.URLClassLoader::getAndVerifyPackage@2 (line 457)
                      ; - java.net.URLClassLoader::defineClass@46 (line 492)
                      ; - java.net.URLClassLoader$1::run@43 (line 427)
                      ; - java.net.URLClassLoader$1::run@1 (line 421)
                      ; - java.security.AccessController::executePrivileged@29 (line 809)
                      ; - java.security.AccessController::doPrivileged@13 (line 714)
  0x00007ffbbc6ac574: 08e0 76ff 

  0x00007ffbbc6ac578: ;   {other}
  0x00007ffbbc6ac578: 0f1f 8400 | e860 00a1 | 498b e949 | 8bf7 c5f8 | 7749 ba60 | cfaf d0fb | 7f00 0041 

  0x00007ffbbc6ac594: ;   {other}
  0x00007ffbbc6ac594: ffd2 0f1f | 8400 0000 | 0000 4c8b | cde9 6adb | ffff bef6 | ffff ff48 | 8b6c 2440 | 4c8b 5424 
  0x00007ffbbc6ac5b4: 384c 8954 | 2418 4c8b | 5424 484c | 8954 2420 | 4c8b 5424 | 504c 8954 | 2438 4c8b | 5424 584c 
  0x00007ffbbc6ac5d4: 8954 2450 | 4c89 4424 | 5866 6690 

  0x00007ffbbc6ac5e0: ;   {runtime_call UncommonTrapBlob}
  0x00007ffbbc6ac5e0: c5f8 77e8 

  0x00007ffbbc6ac5e4: ; ImmutableOopMap {rbp=Oop [24]=Oop [32]=Oop [48]=Oop [80]=Oop [88]=Oop [152]=NarrowOop [156]=NarrowOop [160]=NarrowOop }
                      ;*invokevirtual attach {reexecute=0 rethrow=0 return_oop=0}
                      ; - java.io.FileInputStream::<init>@86 (line 150)
                      ; - jdk.internal.loader.URLClassPath$FileLoader$1::getInputStream@8 (line 1119)
                      ; - jdk.internal.loader.Resource::cachedInputStream@9 (line 77)
                      ; - jdk.internal.loader.Resource::getByteBuffer@1 (line 163)
                      ; - java.net.URLClassLoader::defineClass@132 (line 511)
                      ; - java.net.URLClassLoader$1::run@43 (line 427)
                      ; - java.net.URLClassLoader$1::run@1 (line 421)
                      ; - java.security.AccessController::executePrivileged@29 (line 809)
                      ; - java.security.AccessController::doPrivileged@13 (line 714)
  0x00007ffbbc6ac5e4: 98df 76ff 

  0x00007ffbbc6ac5e8: ;   {other}
  0x00007ffbbc6ac5e8: 0f1f 8400 | 5861 00a2 | bede ffff | ff4c 8b54 | 2440 4c89 | 5424 184c | 8b54 2438 | 4c89 5424 
  0x00007ffbbc6ac608: 204c 8b54 | 2448 4c89 | 5424 284c | 8b54 2450 | 4c89 5424 | 404c 8b94 | 2480 0000 | 004c 8954 
  0x00007ffbbc6ac628: 2450 448b | 9c24 9c00 | 0000 4489 | 9c24 8000 | 0000 4489 | 9c24 8400 | 0000 6690 

  0x00007ffbbc6ac644: ;   {runtime_call UncommonTrapBlob}
  0x00007ffbbc6ac644: c5f8 77e8 

  0x00007ffbbc6ac648: ; ImmutableOopMap {rbp=NarrowOop [24]=Oop [32]=Oop [40]=Oop [48]=Oop [80]=Oop [104]=Oop [128]=NarrowOop [132]=NarrowOop [152]=NarrowOop [160]=NarrowOop }
                      ;*checkcast {reexecute=0 rethrow=0 return_oop=0}
                      ; - java.lang.ClassLoader::getDefinedPackage@16 (line 2263)
                      ; - java.net.URLClassLoader::getAndVerifyPackage@2 (line 457)
                      ; - java.net.URLClassLoader::defineClass@46 (line 492)
                      ; - java.net.URLClassLoader$1::run@43 (line 427)
                      ; - java.net.URLClassLoader$1::run@1 (line 421)
                      ; - java.security.AccessController::executePrivileged@29 (line 809)
                      ; - java.security.AccessController::doPrivileged@13 (line 714)
  0x00007ffbbc6ac648: 34df 76ff 

  0x00007ffbbc6ac64c: ;   {other}
  0x00007ffbbc6ac64c: 0f1f 8400 | bc61 00a3 | bede ffff | ff4c 8b54 | 2440 4c89 | 5424 184c | 8b54 2438 | 4c89 5424 
  0x00007ffbbc6ac66c: 204c 8b54 | 2448 4c89 | 5424 284c | 8b54 2450 | 4c89 5424 | 404c 8b94 | 2480 0000 | 004c 8954 
  0x00007ffbbc6ac68c: 2450 448b | 9c24 9c00 | 0000 4489 | 9c24 8000 | 0000 4489 | 9c24 8400 | 0000 6690 

  0x00007ffbbc6ac6a8: ;   {runtime_call UncommonTrapBlob}
  0x00007ffbbc6ac6a8: c5f8 77e8 

  0x00007ffbbc6ac6ac: ; ImmutableOopMap {rbp=NarrowOop [24]=Oop [32]=Oop [40]=Oop [48]=Oop [80]=Oop [104]=Oop [128]=NarrowOop [132]=NarrowOop [136]=NarrowOop [152]=NarrowOop [160]=NarrowOop }
                      ;*checkcast {reexecute=0 rethrow=0 return_oop=0}
                      ; - java.lang.ClassLoader::definePackage@50 (line 2125)
                      ; - java.lang.ClassLoader::getDefinedPackage@32 (line 2267)
                      ; - java.net.URLClassLoader::getAndVerifyPackage@2 (line 457)
                      ; - java.net.URLClassLoader::defineClass@46 (line 492)
                      ; - java.net.URLClassLoader$1::run@43 (line 427)
                      ; - java.net.URLClassLoader$1::run@1 (line 421)
                      ; - java.security.AccessController::executePrivileged@29 (line 809)
                      ; - java.security.AccessController::doPrivileged@13 (line 714)
  0x00007ffbbc6ac6ac: d0de 76ff 

  0x00007ffbbc6ac6b0: ;   {other}
  0x00007ffbbc6ac6b0: 0f1f 8400 | 2062 00a4 | bede ffff | ff4c 8b5c | 2440 4c89 | 5c24 184c | 8b5c 2438 | 4c89 5c24 
  0x00007ffbbc6ac6d0: 204c 8b5c | 2448 4c89 | 5c24 284c | 8b5c 2450 | 4c89 5c24 | 404c 8b9c | 2480 0000 | 004c 8954 
  0x00007ffbbc6ac6f0: 2458 4c89 | 5c24 6090 

  0x00007ffbbc6ac6f8: ;   {runtime_call UncommonTrapBlob}
  0x00007ffbbc6ac6f8: c5f8 77e8 

  0x00007ffbbc6ac6fc: ; ImmutableOopMap {rbp=NarrowOop [24]=Oop [32]=Oop [40]=Oop [48]=Oop [88]=Oop [96]=Oop [104]=Oop [128]=Oop [152]=NarrowOop [156]=NarrowOop [160]=NarrowOop }
                      ;*checkcast {reexecute=0 rethrow=0 return_oop=0}
                      ; - java.util.jar.Attributes::getValue@5 (line 142)
                      ; - java.net.URLClassLoader::isSealed@58 (line 608)
                      ; - java.net.URLClassLoader::getAndVerifyPackage@68 (line 469)
                      ; - java.net.URLClassLoader::defineClass@46 (line 492)
                      ; - java.net.URLClassLoader$1::run@43 (line 427)
                      ; - java.net.URLClassLoader$1::run@1 (line 421)
                      ; - java.security.AccessController::executePrivileged@29 (line 809)
                      ; - java.security.AccessController::doPrivileged@13 (line 714)
  0x00007ffbbc6ac6fc: 80de 76ff 

  0x00007ffbbc6ac700: ;   {other}
  0x00007ffbbc6ac700: 0f1f 8400 | 7062 00a5 | bede ffff | ff4c 8b5c | 2440 4c89 | 5c24 184c | 8b5c 2438 | 4c89 5c24 
  0x00007ffbbc6ac720: 204c 8b5c | 2448 4c89 | 5c24 284c | 8b5c 2450 | 4c89 5c24 | 404c 8b9c | 2480 0000 | 004c 895c 
  0x00007ffbbc6ac740: 2460 4c89 | 5424 704c | 8954 2478 | 4c89 8c24 | 8800 0000 

  0x00007ffbbc6ac754: ;   {runtime_call UncommonTrapBlob}
  0x00007ffbbc6ac754: c5f8 77e8 

  0x00007ffbbc6ac758: ; ImmutableOopMap {rbp=NarrowOop [24]=Oop [32]=Oop [40]=Oop [48]=Oop [96]=Oop [104]=Oop [112]=Oop [120]=Oop [136]=Oop [152]=NarrowOop [156]=NarrowOop [160]=NarrowOop }
                      ;*checkcast {reexecute=0 rethrow=0 return_oop=0}
                      ; - java.util.jar.Manifest::getAttributes@10 (line 160)
                      ; - java.util.jar.Manifest::getTrustedAttributes@2 (line 177)
                      ; - java.util.jar.JavaUtilJarAccessImpl::getTrustedAttributes@2 (line 38)
                      ; - java.net.URLClassLoader::isSealed@18 (line 601)
                      ; - java.net.URLClassLoader::getAndVerifyPackage@68 (line 469)
                      ; - java.net.URLClassLoader::defineClass@46 (line 492)
                      ; - java.net.URLClassLoader$1::run@43 (line 427)
                      ; - java.net.URLClassLoader$1::run@1 (line 421)
                      ; - java.security.AccessController::executePrivileged@29 (line 809)
                      ; - java.security.AccessController::doPrivileged@13 (line 714)
  0x00007ffbbc6ac758: 24de 76ff 

  0x00007ffbbc6ac75c: ;   {other}
  0x00007ffbbc6ac75c: 0f1f 8400 | cc62 00a6 | bef6 ffff | ff66 6690 

  0x00007ffbbc6ac76c: ;   {runtime_call UncommonTrapBlob}
  0x00007ffbbc6ac76c: c5f8 77e8 

  0x00007ffbbc6ac770: ; ImmutableOopMap {}
                      ;*invokeinterface run {reexecute=0 rethrow=0 return_oop=0}
                      ; - java.security.AccessController::executePrivileged@29 (line 809)
                      ; - java.security.AccessController::doPrivileged@13 (line 714)
  0x00007ffbbc6ac770: 0cde 76ff 

  0x00007ffbbc6ac774: ;   {other}
  0x00007ffbbc6ac774: 0f1f 8400 | e462 00a7 | bef6 ffff | ff48 8bef | 4c89 7424 | 2066 6690 

  0x00007ffbbc6ac78c: ;   {runtime_call UncommonTrapBlob}
  0x00007ffbbc6ac78c: c5f8 77e8 

  0x00007ffbbc6ac790: ; ImmutableOopMap {rbp=Oop [32]=Oop [56]=Oop }
                      ;*invokevirtual replace {reexecute=0 rethrow=0 return_oop=0}
                      ; - java.net.URLClassLoader$1::run@8 (line 423)
                      ; - java.net.URLClassLoader$1::run@1 (line 421)
                      ; - java.security.AccessController::executePrivileged@29 (line 809)
                      ; - java.security.AccessController::doPrivileged@13 (line 714)
  0x00007ffbbc6ac790: ecdd 76ff 

  0x00007ffbbc6ac794: ;   {other}
  0x00007ffbbc6ac794: 0f1f 8400 | 0463 00a8 | bef6 ffff | ff48 8bef | 4c89 7424 | 2066 6690 

  0x00007ffbbc6ac7ac: ;   {runtime_call UncommonTrapBlob}
  0x00007ffbbc6ac7ac: c5f8 77e8 

  0x00007ffbbc6ac7b0: ; ImmutableOopMap {rbp=Oop [32]=Oop [56]=Oop }
                      ;*arraylength {reexecute=0 rethrow=0 return_oop=0}
                      ; - java.lang.StringLatin1::replace@8 (line 295)
                      ; - java.lang.String::replace@18 (line 2933)
                      ; - java.net.URLClassLoader$1::run@8 (line 423)
                      ; - java.net.URLClassLoader$1::run@1 (line 421)
                      ; - java.security.AccessController::executePrivileged@29 (line 809)
                      ; - java.security.AccessController::doPrivileged@13 (line 714)
  0x00007ffbbc6ac7b0: ccdd 76ff 

  0x00007ffbbc6ac7b4: ;   {other}
  0x00007ffbbc6ac7b4: 0f1f 8400 | 2463 00a9 | bef6 ffff | ff48 8bef | 4c89 7424 | 2048 8954 | 2428 6690 

  0x00007ffbbc6ac7d0: ;   {runtime_call UncommonTrapBlob}
  0x00007ffbbc6ac7d0: c5f8 77e8 

  0x00007ffbbc6ac7d4: ; ImmutableOopMap {rbp=Oop [32]=Oop [40]=Oop [56]=Oop }
                      ;*getfield ucp {reexecute=1 rethrow=0 return_oop=0}
                      ; - (reexecute) java.net.URLClassLoader$1::run@21 (line 424)
                      ; - java.net.URLClassLoader$1::run@1 (line 421)
                      ; - java.security.AccessController::executePrivileged@29 (line 809)
                      ; - java.security.AccessController::doPrivileged@13 (line 714)
  0x00007ffbbc6ac7d4: a8dd 76ff 

  0x00007ffbbc6ac7d8: ;   {other}
  0x00007ffbbc6ac7d8: 0f1f 8400 | 4863 00aa | bef6 ffff | ff48 8b6c | 2440 4c8b | 5424 384c | 8954 2418 | 4c89 6c24 
  0x00007ffbbc6ac7f8: 3089 5c24 | 4066 6690 

  0x00007ffbbc6ac800: ;   {runtime_call UncommonTrapBlob}
  0x00007ffbbc6ac800: c5f8 77e8 

  0x00007ffbbc6ac804: ; ImmutableOopMap {rbp=Oop [24]=Oop [48]=Oop [64]=NarrowOop [72]=Oop }
                      ;*invokevirtual lastIndexOf {reexecute=0 rethrow=0 return_oop=0}
                      ; - java.net.URLClassLoader::defineClass@7 (line 486)
                      ; - java.net.URLClassLoader$1::run@43 (line 427)
                      ; - java.net.URLClassLoader$1::run@1 (line 421)
                      ; - java.security.AccessController::executePrivileged@29 (line 809)
                      ; - java.security.AccessController::doPrivileged@13 (line 714)
  0x00007ffbbc6ac804: 78dd 76ff 

  0x00007ffbbc6ac808: ;   {other}
  0x00007ffbbc6ac808: 0f1f 8400 | 7863 00ab | bef6 ffff | ff48 8b6c | 2440 4c8b | 5424 384c | 8954 2418 | 4c89 6c24 
  0x00007ffbbc6ac828: 3089 5c24 | 4044 8974 | 2444 6690 

  0x00007ffbbc6ac834: ;   {runtime_call UncommonTrapBlob}
  0x00007ffbbc6ac834: c5f8 77e8 

  0x00007ffbbc6ac838: ; ImmutableOopMap {rbp=Oop [24]=Oop [48]=Oop [64]=NarrowOop [68]=NarrowOop [72]=Oop }
                      ;*arraylength {reexecute=0 rethrow=0 return_oop=0}
                      ; - java.lang.String::length@4 (line 1519)
                      ; - java.lang.String::lastIndexOf@3 (line 2535)
                      ; - java.net.URLClassLoader::defineClass@7 (line 486)
                      ; - java.net.URLClassLoader$1::run@43 (line 427)
                      ; - java.net.URLClassLoader$1::run@1 (line 421)
                      ; - java.security.AccessController::executePrivileged@29 (line 809)
                      ; - java.security.AccessController::doPrivileged@13 (line 714)
  0x00007ffbbc6ac838: 44dd 76ff 

  0x00007ffbbc6ac83c: ;   {other}
  0x00007ffbbc6ac83c: 0f1f 8400 | ac63 00ac | bef6 ffff | ff48 8b6c | 2440 4c8b | 5424 384c | 8954 2418 | 4c8b 5424 
  0x00007ffbbc6ac85c: 484c 8954 | 2420 4c89 | 6c24 2844 | 894c 2438 | 895c 243c | 4489 7424 | 4048 8954 | 2448 6690 
  0x00007ffbbc6ac87c: ;   {runtime_call UncommonTrapBlob}
  0x00007ffbbc6ac87c: c5f8 77e8 

  0x00007ffbbc6ac880: ; ImmutableOopMap {rbp=Oop [24]=Oop [32]=Oop [40]=Oop [60]=NarrowOop [64]=NarrowOop [72]=Oop }
                      ;*getfield csu {reexecute=1 rethrow=0 return_oop=0}
                      ; - (reexecute) jdk.internal.loader.URLClassPath$JarLoader$2::getCodeSourceURL@4 (line 846)
                      ; - java.net.URLClassLoader::defineClass@13 (line 487)
                      ; - java.net.URLClassLoader$1::run@43 (line 427)
                      ; - java.net.URLClassLoader$1::run@1 (line 421)
                      ; - java.security.AccessController::executePrivileged@29 (line 809)
                      ; - java.security.AccessController::doPrivileged@13 (line 714)
  0x00007ffbbc6ac880: fcdc 76ff 

  0x00007ffbbc6ac884: ;   {other}
  0x00007ffbbc6ac884: 0f1f 8400 | f463 00ad | bef6 ffff | ff48 8b6c | 2440 4c8b | 5424 384c | 8954 2418 | 4c8b 5424 
  0x00007ffbbc6ac8a4: 484c 8954 | 2420 4c8b | 5424 504c | 8954 2430 

  0x00007ffbbc6ac8b4: ;   {runtime_call UncommonTrapBlob}
  0x00007ffbbc6ac8b4: c5f8 77e8 

  0x00007ffbbc6ac8b8: ; ImmutableOopMap {rbp=Oop [24]=Oop [32]=Oop [88]=Oop [96]=Oop [152]=NarrowOop [156]=NarrowOop [160]=NarrowOop [168]=Oop }
                      ;*getfield jar {reexecute=1 rethrow=0 return_oop=0}
                      ; - (reexecute) jdk.internal.loader.URLClassPath$JarLoader$2::getManifest@7 (line 852)
                      ; - java.net.URLClassLoader::defineClass@34 (line 491)
                      ; - java.net.URLClassLoader$1::run@43 (line 427)
                      ; - java.net.URLClassLoader$1::run@1 (line 421)
                      ; - java.security.AccessController::executePrivileged@29 (line 809)
                      ; - java.security.AccessController::doPrivileged@13 (line 714)
  0x00007ffbbc6ac8b8: c4dc 76ff 

  0x00007ffbbc6ac8bc: ;   {other}
  0x00007ffbbc6ac8bc: 0f1f 8400 | 2c64 00ae | bef6 ffff | ff48 8b6c | 2440 4c8b | 5424 384c | 8954 2418 | 4c8b 5424 
  0x00007ffbbc6ac8dc: 484c 8954 | 2420 4c8b | 5424 504c | 8954 2430 

  0x00007ffbbc6ac8ec: ;   {runtime_call UncommonTrapBlob}
  0x00007ffbbc6ac8ec: c5f8 77e8 

  0x00007ffbbc6ac8f0: ; ImmutableOopMap {rbp=Oop [24]=Oop [32]=Oop [88]=Oop [96]=Oop [152]=NarrowOop [156]=NarrowOop [160]=NarrowOop [168]=Oop }
                      ;*invokevirtual ensureInitialization {reexecute=0 rethrow=0 return_oop=0}
                      ; - java.util.jar.JavaUtilJarAccessImpl::ensureInitialization@1 (line 42)
                      ; - jdk.internal.loader.URLClassPath$JarLoader$2::getManifest@10 (line 852)
                      ; - java.net.URLClassLoader::defineClass@34 (line 491)
                      ; - java.net.URLClassLoader$1::run@43 (line 427)
                      ; - java.net.URLClassLoader$1::run@1 (line 421)
                      ; - java.security.AccessController::executePrivileged@29 (line 809)
                      ; - java.security.AccessController::doPrivileged@13 (line 714)
  0x00007ffbbc6ac8f0: 8cdc 76ff 

  0x00007ffbbc6ac8f4: ;   {other}
  0x00007ffbbc6ac8f4: 0f1f 8400 | 6464 00af | bef6 ffff | ff48 8b6c | 2440 4c8b | 5424 384c | 8954 2418 | 4c8b 5424 
  0x00007ffbbc6ac914: 484c 8954 | 2420 4c8b | 5424 504c | 8954 2430 

  0x00007ffbbc6ac924: ;   {runtime_call UncommonTrapBlob}
  0x00007ffbbc6ac924: c5f8 77e8 

  0x00007ffbbc6ac928: ; ImmutableOopMap {rbp=Oop [24]=Oop [32]=Oop [88]=Oop [96]=Oop [152]=NarrowOop [156]=NarrowOop [160]=NarrowOop [168]=Oop }
                      ;*getfield jar {reexecute=1 rethrow=0 return_oop=0}
                      ; - (reexecute) jdk.internal.loader.URLClassPath$JarLoader$2::getManifest@19 (line 853)
                      ; - java.net.URLClassLoader::defineClass@34 (line 491)
                      ; - java.net.URLClassLoader$1::run@43 (line 427)
                      ; - java.net.URLClassLoader$1::run@1 (line 421)
                      ; - java.security.AccessController::executePrivileged@29 (line 809)
                      ; - java.security.AccessController::doPrivileged@13 (line 714)
  0x00007ffbbc6ac928: 54dc 76ff 

  0x00007ffbbc6ac92c: ;   {other}
  0x00007ffbbc6ac92c: 0f1f 8400 | 9c64 00b0 | bef6 ffff | ff48 8b6c | 2440 4c8b | 5424 384c | 8954 2418 | 4c8b 5424 
  0x00007ffbbc6ac94c: 484c 8954 | 2420 4c8b | 5424 504c | 8954 2430 

  0x00007ffbbc6ac95c: ;   {runtime_call UncommonTrapBlob}
  0x00007ffbbc6ac95c: c5f8 77e8 

  0x00007ffbbc6ac960: ; ImmutableOopMap {rbp=Oop [24]=Oop [32]=Oop [88]=Oop [96]=Oop [152]=NarrowOop [156]=NarrowOop [160]=NarrowOop [168]=Oop }
                      ;*invokevirtual getManifest {reexecute=0 rethrow=0 return_oop=0}
                      ; - jdk.internal.loader.URLClassPath$JarLoader$2::getManifest@22 (line 853)
                      ; - java.net.URLClassLoader::defineClass@34 (line 491)
                      ; - java.net.URLClassLoader$1::run@43 (line 427)
                      ; - java.net.URLClassLoader$1::run@1 (line 421)
                      ; - java.security.AccessController::executePrivileged@29 (line 809)
                      ; - java.security.AccessController::doPrivileged@13 (line 714)
  0x00007ffbbc6ac960: 1cdc 76ff 

  0x00007ffbbc6ac964: ;   {other}
  0x00007ffbbc6ac964: 0f1f 8400 | d464 00b1 | bef4 ffff | ff48 8b6c | 2440 4c8b | 5c24 384c | 895c 2418 | 4c8b 5c24 
  0x00007ffbbc6ac984: 484c 895c | 2420 4c89 | 5424 3090 

  0x00007ffbbc6ac990: ;   {runtime_call UncommonTrapBlob}
  0x00007ffbbc6ac990: c5f8 77e8 

  0x00007ffbbc6ac994: ; ImmutableOopMap {rbp=Oop [24]=Oop [32]=Oop [48]=Oop [152]=NarrowOop [156]=NarrowOop [160]=NarrowOop }
                      ;*instanceof {reexecute=0 rethrow=0 return_oop=0}
                      ; - jdk.internal.loader.Resource::getByteBuffer@6 (line 164)
                      ; - java.net.URLClassLoader::defineClass@132 (line 511)
                      ; - java.net.URLClassLoader$1::run@43 (line 427)
                      ; - java.net.URLClassLoader$1::run@1 (line 421)
                      ; - java.security.AccessController::executePrivileged@29 (line 809)
                      ; - java.security.AccessController::doPrivileged@13 (line 714)
  0x00007ffbbc6ac994: e8db 76ff 

  0x00007ffbbc6ac998: ;   {other}
  0x00007ffbbc6ac998: 0f1f 8400 | 0865 00b2 | bef6 ffff | ff48 8b6c | 2440 4c8b | 5424 384c | 8954 2418 | 4c8b 5424 
  0x00007ffbbc6ac9b8: 304c 8954 | 2428 6690 

  0x00007ffbbc6ac9c0: ;   {runtime_call UncommonTrapBlob}
  0x00007ffbbc6ac9c0: c5f8 77e8 

  0x00007ffbbc6ac9c4: ; ImmutableOopMap {rbp=Oop [24]=Oop [40]=Oop [72]=Oop [96]=Oop [104]=Oop [156]=NarrowOop [160]=NarrowOop }
                      ;*invokevirtual get {reexecute=0 rethrow=0 return_oop=0}
                      ; - jdk.internal.perf.PerfCounter::get@5 (line 84)
                      ; - jdk.internal.perf.PerfCounter::add@1 (line 98)
                      ; - jdk.internal.perf.PerfCounter::addElapsedTimeFrom@6 (line 120)
                      ; - java.net.URLClassLoader::defineClass@207 (line 523)
                      ; - java.net.URLClassLoader$1::run@43 (line 427)
                      ; - java.net.URLClassLoader$1::run@1 (line 421)
                      ; - java.security.AccessController::executePrivileged@29 (line 809)
                      ; - java.security.AccessController::doPrivileged@13 (line 714)
  0x00007ffbbc6ac9c4: b8db 76ff 

  0x00007ffbbc6ac9c8: ;   {other}
  0x00007ffbbc6ac9c8: 0f1f 8400 | 3865 00b3 | bef6 ffff | ff48 8b6c | 2440 4c8b | 5424 384c | 8954 2418 | 4c8b 5424 
  0x00007ffbbc6ac9e8: 304c 8954 | 2428 6690 

  0x00007ffbbc6ac9f0: ;   {runtime_call UncommonTrapBlob}
  0x00007ffbbc6ac9f0: c5f8 77e8 

  0x00007ffbbc6ac9f4: ; ImmutableOopMap {rbp=Oop [24]=Oop [40]=Oop [72]=Oop [104]=Oop [156]=NarrowOop [160]=NarrowOop }
                      ;*arraylength {reexecute=0 rethrow=0 return_oop=0}
                      ; - java.net.URLClassLoader::defineClass@217 (line 524)
                      ; - java.net.URLClassLoader$1::run@43 (line 427)
                      ; - java.net.URLClassLoader$1::run@1 (line 421)
                      ; - java.security.AccessController::executePrivileged@29 (line 809)
                      ; - java.security.AccessController::doPrivileged@13 (line 714)
  0x00007ffbbc6ac9f4: 88db 76ff 

  0x00007ffbbc6ac9f8: ;   {other}
  0x00007ffbbc6ac9f8: 0f1f 8400 | 6865 00b4 | bef6 ffff | ff48 8b6c | 2440 4c8b | 5424 384c | 8954 2418 | 4c8b 5424 
  0x00007ffbbc6aca18: 484c 8954 | 2420 4c8b | 5424 304c | 8954 2428 

  0x00007ffbbc6aca28: ;   {runtime_call UncommonTrapBlob}
  0x00007ffbbc6aca28: c5f8 77e8 

  0x00007ffbbc6aca2c: ; ImmutableOopMap {rbp=Oop [24]=Oop [32]=Oop [40]=Oop [88]=Oop [152]=NarrowOop [156]=NarrowOop [160]=NarrowOop }
                      ;*arraylength {reexecute=0 rethrow=0 return_oop=0}
                      ; - java.util.zip.Checksum::update@4 (line 58)
                      ; - jdk.internal.loader.URLClassPath$JarLoader$2::getBytes@15 (line 864)
                      ; - java.net.URLClassLoader::defineClass@179 (line 519)
                      ; - java.net.URLClassLoader$1::run@43 (line 427)
                      ; - java.net.URLClassLoader$1::run@1 (line 421)
                      ; - java.security.AccessController::executePrivileged@29 (line 809)
                      ; - java.security.AccessController::doPrivileged@13 (line 714)
  0x00007ffbbc6aca2c: 50db 76ff 

  0x00007ffbbc6aca30: ;   {other}
  0x00007ffbbc6aca30: 0f1f 8400 | a065 00b5 | bef6 ffff | ff48 8b6c | 2440 4c8b | 5424 384c | 8954 2418 | 4c8b 5424 
  0x00007ffbbc6aca50: 484c 8954 | 2420 4c8b | 5424 304c | 8954 2428 

  0x00007ffbbc6aca60: ;   {runtime_call UncommonTrapBlob}
  0x00007ffbbc6aca60: c5f8 77e8 

  0x00007ffbbc6aca64: ; ImmutableOopMap {rbp=Oop [24]=Oop [32]=Oop [40]=Oop [88]=Oop [152]=NarrowOop [156]=NarrowOop [160]=NarrowOop }
                      ;*invokevirtual getCrc {reexecute=0 rethrow=0 return_oop=0}
                      ; - jdk.internal.loader.URLClassPath$JarLoader$2::getBytes@26 (line 865)
                      ; - java.net.URLClassLoader::defineClass@179 (line 519)
                      ; - java.net.URLClassLoader$1::run@43 (line 427)
                      ; - java.net.URLClassLoader$1::run@1 (line 421)
                      ; - java.security.AccessController::executePrivileged@29 (line 809)
                      ; - java.security.AccessController::doPrivileged@13 (line 714)
  0x00007ffbbc6aca64: 18db 76ff 

  0x00007ffbbc6aca68: ;   {other}
  0x00007ffbbc6aca68: 0f1f 8400 | d865 00b6 | bef6 ffff | ff48 8b6c | 2440 4c8b | 5424 384c | 8954 2418 | 4c8b 5424 
  0x00007ffbbc6aca88: 484c 8954 | 2420 48ff | 7424 3048 | 8f44 2428 

  0x00007ffbbc6aca98: ;   {runtime_call UncommonTrapBlob}
  0x00007ffbbc6aca98: c5f8 77e8 

  0x00007ffbbc6aca9c: ; ImmutableOopMap {rbp=Oop [24]=Oop [32]=Oop [40]=Oop [96]=Oop [152]=NarrowOop [156]=NarrowOop [160]=NarrowOop }
                      ;*invokevirtual getCodeSigners {reexecute=0 rethrow=0 return_oop=0}
                      ; - jdk.internal.loader.URLClassPath$JarLoader$2::getCodeSigners@4 (line 858)
                      ; - java.net.URLClassLoader::defineClass@185 (line 521)
                      ; - java.net.URLClassLoader$1::run@43 (line 427)
                      ; - java.net.URLClassLoader$1::run@1 (line 421)
                      ; - java.security.AccessController::executePrivileged@29 (line 809)
                      ; - java.security.AccessController::doPrivileged@13 (line 714)
  0x00007ffbbc6aca9c: e0da 76ff 

  0x00007ffbbc6acaa0: ;   {other}
  0x00007ffbbc6acaa0: 0f1f 8400 | 1066 00b7 | bef6 ffff | ff48 8b6c | 2440 4c8b | 5424 384c | 8954 2418 | 4c8b 5424 
  0x00007ffbbc6acac0: 484c 8954 | 2420 48ff | 7424 3048 | 8f44 2428 | 4c8b 5424 | 504c 8954 | 2430 4c89 | 4424 5090 
  0x00007ffbbc6acae0: ;   {runtime_call UncommonTrapBlob}
  0x00007ffbbc6acae0: c5f8 77e8 

  0x00007ffbbc6acae4: ; ImmutableOopMap {rbp=Oop [24]=Oop [32]=Oop [40]=Oop [80]=Oop [96]=Oop [152]=NarrowOop [156]=NarrowOop [160]=NarrowOop }
                      ;*invokevirtual maybeInstantiateVerifier {reexecute=0 rethrow=0 return_oop=0}
                      ; - java.util.jar.JarFile$JarFileEntry::getCodeSigners@4 (line 670)
                      ; - jdk.internal.loader.URLClassPath$JarLoader$2::getCodeSigners@4 (line 858)
                      ; - java.net.URLClassLoader::defineClass@185 (line 521)
                      ; - java.net.URLClassLoader$1::run@43 (line 427)
                      ; - java.net.URLClassLoader$1::run@1 (line 421)
                      ; - java.security.AccessController::executePrivileged@29 (line 809)
                      ; - java.security.AccessController::doPrivileged@13 (line 714)
  0x00007ffbbc6acae4: 98da 76ff 

  0x00007ffbbc6acae8: ;   {other}
  0x00007ffbbc6acae8: 0f1f 8400 | 5866 00b8 | bef6 ffff | ff48 8b6c | 2440 4c8b | 5424 384c | 8954 2418 | 4c8b 5424 
  0x00007ffbbc6acb08: 484c 8954 | 2420 4c89 | 5c24 284c | 8b54 2450 | 4c89 5424 | 304c 8944 | 2450 6690 

  0x00007ffbbc6acb24: ;   {runtime_call UncommonTrapBlob}
  0x00007ffbbc6acb24: c5f8 77e8 

  0x00007ffbbc6acb28: ; ImmutableOopMap {rbp=Oop [24]=Oop [32]=Oop [40]=Oop [80]=Oop [96]=Oop [152]=NarrowOop [156]=NarrowOop [160]=NarrowOop }
                      ;*getfield jv {reexecute=1 rethrow=0 return_oop=0}
                      ; - (reexecute) java.util.jar.JarFile$JarFileEntry::getCodeSigners@31 (line 674)
                      ; - jdk.internal.loader.URLClassPath$JarLoader$2::getCodeSigners@4 (line 858)
                      ; - java.net.URLClassLoader::defineClass@185 (line 521)
                      ; - java.net.URLClassLoader$1::run@43 (line 427)
                      ; - java.net.URLClassLoader$1::run@1 (line 421)
                      ; - java.security.AccessController::executePrivileged@29 (line 809)
                      ; - java.security.AccessController::doPrivileged@13 (line 714)
  0x00007ffbbc6acb28: 54da 76ff 

  0x00007ffbbc6acb2c: ;   {other}
  0x00007ffbbc6acb2c: 0f1f 8400 | 9c66 00b9 | bef6 ffff | ff48 8b6c | 2440 4c8b | 5424 384c | 8954 2418 | 4c8b 5424 
  0x00007ffbbc6acb4c: 484c 8954 | 2420 4c8b | 5424 504c | 8954 2438 

  0x00007ffbbc6acb5c: ;   {runtime_call UncommonTrapBlob}
  0x00007ffbbc6acb5c: c5f8 77e8 

  0x00007ffbbc6acb60: ; ImmutableOopMap {rbp=Oop [24]=Oop [32]=Oop [48]=Oop [104]=Oop [128]=Oop [152]=NarrowOop [156]=NarrowOop [160]=NarrowOop }
                      ;*arraylength {reexecute=0 rethrow=0 return_oop=0}
                      ; - java.lang.String::isEmpty@4 (line 1532)
                      ; - java.lang.ClassLoader::definePackage@1 (line 2120)
                      ; - java.lang.ClassLoader::getDefinedPackage@32 (line 2267)
                      ; - java.net.URLClassLoader::getAndVerifyPackage@2 (line 457)
                      ; - java.net.URLClassLoader::defineClass@46 (line 492)
                      ; - java.net.URLClassLoader$1::run@43 (line 427)
                      ; - java.net.URLClassLoader$1::run@1 (line 421)
                      ; - java.security.AccessController::executePrivileged@29 (line 809)
                      ; - java.security.AccessController::doPrivileged@13 (line 714)
  0x00007ffbbc6acb60: 1cda 76ff 

  0x00007ffbbc6acb64: ;   {other}
  0x00007ffbbc6acb64: 0f1f 8400 | d466 00ba | bef6 ffff | ff48 8b6c | 2440 4c8b | 5424 384c | 8954 2418 | 4c8b 5424 
  0x00007ffbbc6acb84: 484c 8954 | 2420 4c8b | 5424 504c | 8954 2438 

  0x00007ffbbc6acb94: ;   {runtime_call UncommonTrapBlob}
  0x00007ffbbc6acb94: c5f8 77e8 

  0x00007ffbbc6acb98: ; ImmutableOopMap {rbp=Oop [24]=Oop [32]=Oop [48]=Oop [104]=Oop [128]=Oop [152]=NarrowOop [156]=NarrowOop [160]=NarrowOop }
                      ;*invokevirtual isNamed {reexecute=0 rethrow=0 return_oop=0}
                      ; - java.lang.Package::isSealed@4 (line 235)
                      ; - java.net.URLClassLoader::getAndVerifyPackage@14 (line 460)
                      ; - java.net.URLClassLoader::defineClass@46 (line 492)
                      ; - java.net.URLClassLoader$1::run@43 (line 427)
                      ; - java.net.URLClassLoader$1::run@1 (line 421)
                      ; - java.security.AccessController::executePrivileged@29 (line 809)
                      ; - java.security.AccessController::doPrivileged@13 (line 714)
  0x00007ffbbc6acb98: e4d9 76ff 

  0x00007ffbbc6acb9c: ;   {other}
  0x00007ffbbc6acb9c: 0f1f 8400 | 0c67 00bb | bef6 ffff | ff48 8b6c | 2440 4c8b | 5424 384c | 8954 2418 | 4c8b 5424 
  0x00007ffbbc6acbbc: 484c 8954 | 2420 4c8b | 5424 504c | 8954 2438 

  0x00007ffbbc6acbcc: ;   {runtime_call UncommonTrapBlob}
  0x00007ffbbc6acbcc: c5f8 77e8 

  0x00007ffbbc6acbd0: ; ImmutableOopMap {rbp=Oop [24]=Oop [32]=Oop [48]=Oop [104]=Oop [128]=Oop [152]=NarrowOop [156]=NarrowOop [160]=NarrowOop }
                      ;*getfield sealBase {reexecute=1 rethrow=0 return_oop=0}
                      ; - (reexecute) java.lang.Package::isSealed@14 (line 235)
                      ; - java.net.URLClassLoader::getAndVerifyPackage@14 (line 460)
                      ; - java.net.URLClassLoader::defineClass@46 (line 492)
                      ; - java.net.URLClassLoader$1::run@43 (line 427)
                      ; - java.net.URLClassLoader$1::run@1 (line 421)
                      ; - java.security.AccessController::executePrivileged@29 (line 809)
                      ; - java.security.AccessController::doPrivileged@13 (line 714)
  0x00007ffbbc6acbd0: acd9 76ff 

  0x00007ffbbc6acbd4: ;   {other}
  0x00007ffbbc6acbd4: 0f1f 8400 | 4467 00bc | bef6 ffff | ff48 8b6c | 2440 4c8b | 5424 384c | 8954 2418 | 4c8b 5424 
  0x00007ffbbc6acbf4: 484c 8954 | 2420 4c8b | 5424 504c | 8954 2438 

  0x00007ffbbc6acc04: ;   {runtime_call UncommonTrapBlob}
  0x00007ffbbc6acc04: c5f8 77e8 

  0x00007ffbbc6acc08: ; ImmutableOopMap {rbp=Oop [24]=Oop [32]=Oop [48]=Oop [112]=Oop [128]=Oop [152]=NarrowOop [156]=NarrowOop [160]=NarrowOop }
                      ;*arraylength {reexecute=0 rethrow=0 return_oop=0}
                      ; - java.lang.StringLatin1::replace@8 (line 295)
                      ; - java.lang.String::replace@18 (line 2933)
                      ; - java.net.URLClassLoader::isSealed@9 (line 601)
                      ; - java.net.URLClassLoader::getAndVerifyPackage@68 (line 469)
                      ; - java.net.URLClassLoader::defineClass@46 (line 492)
                      ; - java.net.URLClassLoader$1::run@43 (line 427)
                      ; - java.net.URLClassLoader$1::run@1 (line 421)
                      ; - java.security.AccessController::executePrivileged@29 (line 809)
                      ; - java.security.AccessController::doPrivileged@13 (line 714)
  0x00007ffbbc6acc08: 74d9 76ff 

  0x00007ffbbc6acc0c: ;   {other}
  0x00007ffbbc6acc0c: 0f1f 8400 | 7c67 00bd | bef6 ffff | ff48 8b6c | 2440 4c8b | 5c24 384c | 895c 2418 | 4c8b 5c24 
  0x00007ffbbc6acc2c: 484c 895c | 2420 4c8b | 5c24 504c | 895c 2438 | 4c89 4c24 | 6066 6690 

  0x00007ffbbc6acc44: ;   {runtime_call UncommonTrapBlob}
  0x00007ffbbc6acc44: c5f8 77e8 

  0x00007ffbbc6acc48: ; ImmutableOopMap {rbp=Oop [24]=Oop [32]=Oop [48]=Oop [96]=Oop [112]=Oop [128]=Oop [152]=NarrowOop [156]=NarrowOop [160]=NarrowOop }
                      ;*invokeinterface get {reexecute=0 rethrow=0 return_oop=0}
                      ; - java.util.jar.Manifest::getAttributes@5 (line 160)
                      ; - java.util.jar.Manifest::getTrustedAttributes@2 (line 177)
                      ; - java.util.jar.JavaUtilJarAccessImpl::getTrustedAttributes@2 (line 38)
                      ; - java.net.URLClassLoader::isSealed@18 (line 601)
                      ; - java.net.URLClassLoader::getAndVerifyPackage@68 (line 469)
                      ; - java.net.URLClassLoader::defineClass@46 (line 492)
                      ; - java.net.URLClassLoader$1::run@43 (line 427)
                      ; - java.net.URLClassLoader$1::run@1 (line 421)
                      ; - java.security.AccessController::executePrivileged@29 (line 809)
                      ; - java.security.AccessController::doPrivileged@13 (line 714)
  0x00007ffbbc6acc48: 34d9 76ff 

  0x00007ffbbc6acc4c: ;   {other}
  0x00007ffbbc6acc4c: 0f1f 8400 | bc67 00be | be45 ffff | ff48 8b6c | 2440 4c8b | 5424 384c | 8954 2418 | 4c8b 5424 
  0x00007ffbbc6acc6c: 484c 8954 | 2420 4c8b | 5424 304c | 8954 2428 | 4c8b 5424 | 504c 8954 | 2430 4c8b | 5424 604c 
  0x00007ffbbc6acc8c: 8954 2458 | 4489 4424 | 6066 6690 

  0x00007ffbbc6acc98: ;   {runtime_call UncommonTrapBlob}
  0x00007ffbbc6acc98: c5f8 77e8 

  0x00007ffbbc6acc9c: ; ImmutableOopMap {rbp=Oop [24]=Oop [32]=Oop [40]=Oop [88]=Oop [96]=NarrowOop [152]=NarrowOop [156]=NarrowOop [160]=NarrowOop [168]=Oop }
                      ;*ifnonnull {reexecute=1 rethrow=0 return_oop=0}
                      ; - (reexecute) jdk.internal.access.SharedSecrets::javaUtilJarAccess@5 (line 139)
                      ; - jdk.internal.loader.URLClassPath$JarLoader$2::getManifest@0 (line 852)
                      ; - java.net.URLClassLoader::defineClass@34 (line 491)
                      ; - java.net.URLClassLoader$1::run@43 (line 427)
                      ; - java.net.URLClassLoader$1::run@1 (line 421)
                      ; - java.security.AccessController::executePrivileged@29 (line 809)
                      ; - java.security.AccessController::doPrivileged@13 (line 714)
  0x00007ffbbc6acc9c: e0d8 76ff 

  0x00007ffbbc6acca0: ;   {other}
  0x00007ffbbc6acca0: 0f1f 8400 | 1068 00bf | bef6 ffff | ff48 8b6c | 2440 4c8b | 5c24 384c | 895c 2418 | 4c8b 5c24 
  0x00007ffbbc6accc0: 484c 895c | 2420 4c89 | 5424 304c | 8b54 2450 | 4c89 5424 | 384c 894c | 2450 6690 

  0x00007ffbbc6accdc: ;   {runtime_call UncommonTrapBlob}
  0x00007ffbbc6accdc: c5f8 77e8 

  0x00007ffbbc6acce0: ; ImmutableOopMap {rbp=Oop [24]=Oop [32]=Oop [48]=Oop [80]=Oop [152]=NarrowOop [156]=NarrowOop [160]=NarrowOop }
                      ;*getfield jar {reexecute=1 rethrow=0 return_oop=0}
                      ; - (reexecute) jdk.internal.loader.URLClassPath$JarLoader$2::getInputStream@4 (line 848)
                      ; - jdk.internal.loader.Resource::cachedInputStream@9 (line 77)
                      ; - jdk.internal.loader.Resource::getByteBuffer@1 (line 163)
                      ; - java.net.URLClassLoader::defineClass@132 (line 511)
                      ; - java.net.URLClassLoader$1::run@43 (line 427)
                      ; - java.net.URLClassLoader$1::run@1 (line 421)
                      ; - java.security.AccessController::executePrivileged@29 (line 809)
                      ; - java.security.AccessController::doPrivileged@13 (line 714)
  0x00007ffbbc6acce0: 9cd8 76ff 

  0x00007ffbbc6acce4: ;   {other}
  0x00007ffbbc6acce4: 0f1f 8400 | 5468 00c0 | bef6 ffff | ff48 8b6c | 2440 4c8b | 5c24 384c | 895c 2418 | 4c8b 5c24 
  0x00007ffbbc6acd04: 484c 895c | 2420 4c8b | 5c24 504c | 895c 2438 | 4c89 5424 | 5066 6690 

  0x00007ffbbc6acd1c: ;   {runtime_call UncommonTrapBlob}
  0x00007ffbbc6acd1c: c5f8 77e8 

  0x00007ffbbc6acd20: ; ImmutableOopMap {rbp=Oop [24]=Oop [32]=Oop [48]=Oop [80]=Oop [128]=Oop [152]=NarrowOop [156]=NarrowOop [160]=NarrowOop }
                      ;*invokeinterface get {reexecute=0 rethrow=0 return_oop=0}
                      ; - java.util.jar.Attributes::get@5 (line 106)
                      ; - java.util.jar.Attributes::getValue@2 (line 142)
                      ; - java.net.URLClassLoader::isSealed@58 (line 608)
                      ; - java.net.URLClassLoader::getAndVerifyPackage@68 (line 469)
                      ; - java.net.URLClassLoader::defineClass@46 (line 492)
                      ; - java.net.URLClassLoader$1::run@43 (line 427)
                      ; - java.net.URLClassLoader$1::run@1 (line 421)
                      ; - java.security.AccessController::executePrivileged@29 (line 809)
                      ; - java.security.AccessController::doPrivileged@13 (line 714)
  0x00007ffbbc6acd20: 5cd8 76ff 

  0x00007ffbbc6acd24: ;   {other}
  0x00007ffbbc6acd24: 0f1f 8400 | 9468 00c1 | be45 ffff | ff48 8b6c | 2440 4c8b | 5424 384c | 8954 2418 | 4c8b 5424 
  0x00007ffbbc6acd44: 484c 8954 | 2420 4c8b | 5424 504c | 8954 2438 | 4c8b 9424 | 8000 0000 | 4c89 5424 | 584c 894c 
  0x00007ffbbc6acd64: 2460 4c89 | 5424 684c | 895c 2470 | 4489 8424 | 8000 0000 

  0x00007ffbbc6acd78: ;   {runtime_call UncommonTrapBlob}
  0x00007ffbbc6acd78: c5f8 77e8 

  0x00007ffbbc6acd7c: ; ImmutableOopMap {rbp=Oop [24]=Oop [32]=Oop [48]=Oop [88]=Oop [96]=Oop [104]=Oop [112]=Oop [128]=NarrowOop [152]=NarrowOop [156]=NarrowOop [160]=NarrowOop }
                      ;*ifnonnull {reexecute=1 rethrow=0 return_oop=0}
                      ; - (reexecute) jdk.internal.access.SharedSecrets::javaUtilJarAccess@5 (line 139)
                      ; - java.net.URLClassLoader::isSealed@0 (line 600)
                      ; - java.net.URLClassLoader::getAndVerifyPackage@68 (line 469)
                      ; - java.net.URLClassLoader::defineClass@46 (line 492)
                      ; - java.net.URLClassLoader$1::run@43 (line 427)
                      ; - java.net.URLClassLoader$1::run@1 (line 421)
                      ; - java.security.AccessController::executePrivileged@29 (line 809)
                      ; - java.security.AccessController::doPrivileged@13 (line 714)
  0x00007ffbbc6acd7c: 00d8 76ff 

  0x00007ffbbc6acd80: ;   {other}
  0x00007ffbbc6acd80: 0f1f 8400 | f068 00c2 | bef6 ffff | ff48 8b6c | 2440 4c8b | 5c24 384c | 895c 2418 | 4c8b 5c24 
  0x00007ffbbc6acda0: 484c 895c | 2420 4c8b | 5c24 504c | 895c 2438 | 4c89 5424 | 5066 6690 

  0x00007ffbbc6acdb8: ;   {runtime_call UncommonTrapBlob}
  0x00007ffbbc6acdb8: c5f8 77e8 

  0x00007ffbbc6acdbc: ; ImmutableOopMap {rbp=Oop [24]=Oop [32]=Oop [48]=Oop [80]=Oop [128]=Oop [152]=NarrowOop [156]=NarrowOop [160]=NarrowOop }
                      ;*arraylength {reexecute=0 rethrow=0 return_oop=0}
                      ; - java.lang.String::length@4 (line 1519)
                      ; - java.lang.String::equalsIgnoreCase@14 (line 1992)
                      ; - java.net.URLClassLoader::isSealed@68 (line 611)
                      ; - java.net.URLClassLoader::getAndVerifyPackage@68 (line 469)
                      ; - java.net.URLClassLoader::defineClass@46 (line 492)
                      ; - java.net.URLClassLoader$1::run@43 (line 427)
                      ; - java.net.URLClassLoader$1::run@1 (line 421)
                      ; - java.security.AccessController::executePrivileged@29 (line 809)
                      ; - java.security.AccessController::doPrivileged@13 (line 714)
  0x00007ffbbc6acdbc: c0d7 76ff 

  0x00007ffbbc6acdc0: ;   {other}
  0x00007ffbbc6acdc0: 0f1f 8400 | 3069 00c3 | be45 ffff | ff48 8b6c | 2440 4c8b | 4424 384c | 8944 2418 | 4c8b 4424 
  0x00007ffbbc6acde0: 484c 8944 | 2420 4c8b | 4424 504c | 8944 2438 | 4c8b 8424 | 8000 0000 | 4c89 5424 | 504c 8944 
  0x00007ffbbc6ace00: 2458 4c8b | 5424 684c | 8954 2460 | 4489 5c24 | 7066 6690 

  0x00007ffbbc6ace14: ;   {runtime_call UncommonTrapBlob}
  0x00007ffbbc6ace14: c5f8 77e8 

  0x00007ffbbc6ace18: ; ImmutableOopMap {rbp=Oop [24]=Oop [32]=Oop [48]=Oop [80]=Oop [88]=Oop [96]=Oop [112]=NarrowOop [128]=Oop [152]=NarrowOop [156]=NarrowOop [160]=NarrowOop }
                      ;*ifnull {reexecute=1 rethrow=0 return_oop=0}
                      ; - (reexecute) java.net.URLClassLoader::isSealed@51 (line 607)
                      ; - java.net.URLClassLoader::getAndVerifyPackage@68 (line 469)
                      ; - java.net.URLClassLoader::defineClass@46 (line 492)
                      ; - java.net.URLClassLoader$1::run@43 (line 427)
                      ; - java.net.URLClassLoader$1::run@1 (line 421)
                      ; - java.security.AccessController::executePrivileged@29 (line 809)
                      ; - java.security.AccessController::doPrivileged@13 (line 714)
  0x00007ffbbc6ace18: 64d7 76ff 

  0x00007ffbbc6ace1c: ;   {other}
  0x00007ffbbc6ace1c: 0f1f 8400 | 8c69 00c4 | bef6 ffff | ff48 8b6c | 2440 4c8b | 5424 384c | 8954 2418 | 4c8b 5424 
  0x00007ffbbc6ace3c: 484c 8954 | 2420 4c89 | 6c24 2844 | 894c 2438 | 895c 243c | 4489 7424 | 4048 8954 | 2448 6690 
  0x00007ffbbc6ace5c: ;   {runtime_call UncommonTrapBlob}
  0x00007ffbbc6ace5c: c5f8 77e8 

  0x00007ffbbc6ace60: ; ImmutableOopMap {rbp=Oop [24]=Oop [32]=Oop [40]=Oop [60]=NarrowOop [64]=NarrowOop [72]=Oop }
                      ;*invokevirtual getBaseURL {reexecute=0 rethrow=0 return_oop=0}
                      ; - jdk.internal.loader.URLClassPath$FileLoader$1::getCodeSourceURL@4 (line 1117)
                      ; - java.net.URLClassLoader::defineClass@13 (line 487)
                      ; - java.net.URLClassLoader$1::run@43 (line 427)
                      ; - java.net.URLClassLoader$1::run@1 (line 421)
                      ; - java.security.AccessController::executePrivileged@29 (line 809)
                      ; - java.security.AccessController::doPrivileged@13 (line 714)
  0x00007ffbbc6ace60: 1cd7 76ff 

  0x00007ffbbc6ace64: ;   {other}
  0x00007ffbbc6ace64: 0f1f 8400 | d469 00c5 | be97 ffff | ff48 8b6c | 2440 4c8b | 5424 384c | 8954 2418 | 4c8b 5424 
  0x00007ffbbc6ace84: 484c 8954 | 2420 4c8b | 5424 504c | 8954 2438 | 4c8b 5424 | 684c 8954 | 2458 6690 

  0x00007ffbbc6acea0: ;   {runtime_call UncommonTrapBlob}
  0x00007ffbbc6acea0: c5f8 77e8 

  0x00007ffbbc6acea4: ; ImmutableOopMap {rbp=Oop [24]=Oop [32]=Oop [48]=Oop [88]=Oop [96]=NarrowOop [104]=Oop [152]=NarrowOop [156]=NarrowOop [160]=NarrowOop }
                      ;*invokevirtual clone {reexecute=1 rethrow=0 return_oop=0}
                      ; - (reexecute) java.util.Arrays::copyOfRange@18 (line 3856)
                      ; - java.lang.StringLatin1::newString@16 (line 752)
                      ; - java.lang.String::substring@41 (line 2839)
                      ; - java.net.URLClassLoader::defineClass@28 (line 489)
                      ; - java.net.URLClassLoader$1::run@43 (line 427)
                      ; - java.net.URLClassLoader$1::run@1 (line 421)
                      ; - java.security.AccessController::executePrivileged@29 (line 809)
                      ; - java.security.AccessController::doPrivileged@13 (line 714)
  0x00007ffbbc6acea4: d8d6 76ff 

  0x00007ffbbc6acea8: ;   {other}
  0x00007ffbbc6acea8: 0f1f 8400 | 186a 00c6 | be97 ffff | ff4c 8b54 | 2440 4c89 | 5424 184c | 8b54 2438 | 4c89 5424 
  0x00007ffbbc6acec8: 204c 8b54 | 2448 4c89 | 5424 284c | 8b54 2450 | 4c89 5424 | 3866 6690 

  0x00007ffbbc6acee0: ;   {runtime_call UncommonTrapBlob}
  0x00007ffbbc6acee0: c5f8 77e8 

  0x00007ffbbc6acee4: ; ImmutableOopMap {rbp=Oop [24]=Oop [32]=Oop [40]=Oop [48]=Oop [88]=Oop [96]=Oop [156]=NarrowOop [160]=NarrowOop }
                      ;*invokevirtual clone {reexecute=1 rethrow=0 return_oop=0}
                      ; - (reexecute) java.security.CodeSource::<init>@42 (line 128)
                      ; - java.net.URLClassLoader::defineClass@198 (line 522)
                      ; - java.net.URLClassLoader$1::run@43 (line 427)
                      ; - java.net.URLClassLoader$1::run@1 (line 421)
                      ; - java.security.AccessController::executePrivileged@29 (line 809)
                      ; - java.security.AccessController::doPrivileged@13 (line 714)
  0x00007ffbbc6acee4: 98d6 76ff 

  0x00007ffbbc6acee8: ;   {other}
  0x00007ffbbc6acee8: 0f1f 8400 | 586a 00c7 | be97 ffff | ff4c 8b54 | 2438 4c89 | 5424 184c | 8b54 2448 | 4c89 5424 
  0x00007ffbbc6acf08: 204c 8b54 | 2430 4c89 | 5424 2890 

  0x00007ffbbc6acf14: ;   {runtime_call UncommonTrapBlob}
  0x00007ffbbc6acf14: c5f8 77e8 

  0x00007ffbbc6acf18: ; ImmutableOopMap {rbp=Oop [24]=Oop [32]=Oop [40]=Oop [88]=NarrowOop [96]=Oop [152]=NarrowOop [156]=NarrowOop [160]=NarrowOop }
                      ;*invokevirtual clone {reexecute=1 rethrow=0 return_oop=0}
                      ; - (reexecute) java.util.jar.JarFile$JarFileEntry::getCodeSigners@70 (line 677)
                      ; - jdk.internal.loader.URLClassPath$JarLoader$2::getCodeSigners@4 (line 858)
                      ; - java.net.URLClassLoader::defineClass@185 (line 521)
                      ; - java.net.URLClassLoader$1::run@43 (line 427)
                      ; - java.net.URLClassLoader$1::run@1 (line 421)
                      ; - java.security.AccessController::executePrivileged@29 (line 809)
                      ; - java.security.AccessController::doPrivileged@13 (line 714)
  0x00007ffbbc6acf18: 64d6 76ff 

  0x00007ffbbc6acf1c: ;   {other}
  0x00007ffbbc6acf1c: 0f1f 8400 | 8c6a 00c8 | 488b d8e9 | 4402 0000 | 488b d8e9 | 3c02 0000 | 4c8b d0e9 | 4f00 0000 
  0x00007ffbbc6acf3c: 488b d890 | e9c4 0500 | 0048 8bd8 | e923 0200 | 0048 8bd8 | e9b4 0500 | 0048 8bd8 | e9ac 0500 
  0x00007ffbbc6acf5c: 0048 8bd8 | e9a4 0500 | 0048 8bd8 | 448b 5008 | 49bb 0000 | 0053 fb7f | 0000 4d03 | da48 ff74 
  0x00007ffbbc6acf7c: 2430 488f | 4424 28e9 | 3807 0000 | 4c8b d049 | 8bda e9c1 | 0700 0048 | 8bd8 e99d | 0600 0048 
  0x00007ffbbc6acf9c: 8bd8 6690 | e993 0600 | 0048 8bd8 | e98b 0600 | 004c 8bd0 | e9cc 0600 | 004c 8bd0 | e9c4 0600 
  0x00007ffbbc6acfbc: 004c 8bd0 | e9bc 0600 | 004c 8bd0 | e9b4 0600 | 004c 8bd0 | e9ac 0600 | 0048 8944 | 2478 488b 
  0x00007ffbbc6acfdc: 6c24 204c | 8b54 2428 | 4c89 5424 | 184c 8b54 | 2450 4c89 | 5424 2048 | 8b74 2470 

  0x00007ffbbc6acff8: ;   {static_call}
  0x00007ffbbc6acff8: c5f8 77e8 

  0x00007ffbbc6acffc: ; ImmutableOopMap {rbp=Oop [24]=Oop [56]=Oop [64]=Oop [72]=Oop [88]=Oop [96]=Oop [104]=Oop [120]=Oop [152]=NarrowOop [168]=Oop }
                      ;*invokestatic endInit {reexecute=0 rethrow=0 return_oop=0}
                      ; - java.util.jar.JarFile::ensureInitialization@53 (line 1074)
                      ; - java.util.jar.JavaUtilJarAccessImpl::ensureInitialization@1 (line 42)
                      ; - jdk.internal.loader.URLClassPath$JarLoader$2::getManifest@10 (line 852)
                      ; - java.net.URLClassLoader::defineClass@34 (line 491)
                      ; - java.net.URLClassLoader$1::run@43 (line 427)
                      ; - java.net.URLClassLoader$1::run@1 (line 421)
                      ; - java.security.AccessController::executePrivileged@29 (line 809)
                      ; - java.security.AccessController::doPrivileged@13 (line 714)
  0x00007ffbbc6acffc: 8051 76ff 

  0x00007ffbbc6ad000: ;   {other}
  0x00007ffbbc6ad000: 0f1f 8400 | 706b 00c9 | 4c8b 5424 | 7849 8bda | e95b 0100 | 0048 8bd8 | e953 0100 | 0048 8bd8 
  0x00007ffbbc6ad020: 448b 5008 | 49bb 0000 | 0053 fb7f | 0000 4d03 | da48 ff74 | 2420 488f | 4424 280f | 1f44 0000 
  0x00007ffbbc6ad040: e97b 0600 | 0048 8bd8 | 448b 5808 | 49ba 0000 | 0053 fb7f | 0000 4d03 | d3e9 3302 | 0000 488b 
  0x00007ffbbc6ad060: d8e9 4302 | 0000 488b | d8e9 3b02 | 0000 488b | d844 8b58 | 0849 ba00 | 0000 53fb | 7f00 004d 
  0x00007ffbbc6ad080: 03d3 e956 | 0200 004c | 8bd0 eb03 | 4c8b d049 | 8bda 458b | 4208 49bb | 0000 0053 | fb7f 0000 
  0x00007ffbbc6ad0a0: 4d03 d848 | ff74 2430 | 488f 4424 | 28e9 0e06 | 0000 4c8b | d0eb 034c | 8bd0 498b | da66 6690 
  0x00007ffbbc6ad0c0: e973 0500 | 004c 8bd0 | eb03 4c8b | d049 8bda | e963 0500 | 0048 ff74 | 2430 488f | 4424 2890 
  0x00007ffbbc6ad0e0: e9db 0500 | 0048 8bd8 | 448b 5808 | 49ba 0000 | 0053 fb7f | 0000 4d03 | d3e9 6105 

  0x00007ffbbc6ad0fc: ;   {no_reloc}
  0x00007ffbbc6ad0fc: 0000 488b | d8e9 0304 | 0000 488b | d8e9 fb03 | 0000 4889 | 4424 7048 | 8b6c 2428 | 4c8b 5424 
  0x00007ffbbc6ad11c: 504c 8954 | 2418 488b | 7424 6890 

  0x00007ffbbc6ad128: ;   {static_call}
  0x00007ffbbc6ad128: c5f8 77e8 

  0x00007ffbbc6ad12c: ; ImmutableOopMap {rbp=Oop [48]=Oop [56]=Oop [64]=Oop [72]=Oop [88]=Oop [96]=Oop [112]=Oop [152]=NarrowOop [156]=NarrowOop }
                      ;*invokestatic end {reexecute=0 rethrow=0 return_oop=0}
                      ; - java.io.FileInputStream::open@19 (line 215)
                      ; - java.io.FileInputStream::<init>@96 (line 152)
                      ; - jdk.internal.loader.URLClassPath$FileLoader$1::getInputStream@8 (line 1119)
                      ; - jdk.internal.loader.Resource::cachedInputStream@9 (line 77)
                      ; - jdk.internal.loader.Resource::getByteBuffer@1 (line 163)
                      ; - java.net.URLClassLoader::defineClass@132 (line 511)
                      ; - java.net.URLClassLoader$1::run@43 (line 427)
                      ; - java.net.URLClassLoader$1::run@1 (line 421)
                      ; - java.security.AccessController::executePrivileged@29 (line 809)
                      ; - java.security.AccessController::doPrivileged@13 (line 714)
  0x00007ffbbc6ad12c: 5050 76ff 

  0x00007ffbbc6ad130: ;   {other}
  0x00007ffbbc6ad130: 0f1f 8400 | a06c 00ca | 488b 5c24 | 7066 6690 | e9c4 0300 | 0048 8bd8 | e9bc 0300 | 0048 8bd8 
  0x00007ffbbc6ad150: e9b4 0300 | 0048 8bd8 | e9ac 0300 | 0048 8bd8 | e9a4 0300 | 0048 8bd8 | e99c 0300 | 0048 8bd8 
  0x00007ffbbc6ad170: 4c8b 5c24 | 6848 8d84 | 24e0 0000 | 0048 8338 | 000f 8479 | 0000 004d | 8b13 41f6 | c202 0f84 
  0x00007ffbbc6ad190: 6200 0000 | 4983 ba86 | 0000 0000 | 7409 49ff | 8a86 0000 | 00eb 4b49 | 8b82 9600 | 0000 490b 
  0x00007ffbbc6ad1b0: 828e 0000 | 0075 0a49 | c742 3e00 | 0000 00eb | 3d49 83ba | 9e00 0000 | 0074 2248 | 33c0 49c7 
  0x00007ffbbc6ad1d0: 423e 0000 | 0000 f083 | 0424 0049 | 83ba 9e00 | 0000 0075 | 0df0 4d0f | b17a 3e75 | 0583 c801 
  0x00007ffbbc6ad1f0: eb0c a800 | eb08 4c8b | 10f0 4d0f | b113 750a | 49ff 8f48 | 0500 0045 | 33d2 0f84 | 9504 0000 
  0x00007ffbbc6ad210: 498b fb48 | 8db4 24e0 | 0000 0049 | 8bd7 c5f8 | 7749 bac0 | 0b10 d1fb | 7f00 0041 

  0x00007ffbbc6ad22c: ;   {other}
  0x00007ffbbc6ad22c: ffd2 0f1f | 8400 0000 | 0000 e96a | 0400 0048 | 8bd8 448b | 4008 49bb | 0000 0053 | fb7f 0000 
  0x00007ffbbc6ad24c: 4d03 d84d | 8b53 504c | 3bd5 0f85 | 79fe ffff | 33c9 6690 | e91a 0200 | 004c 8bd0 | e914 0400 
  0x00007ffbbc6ad26c: 004c 8bd0 | e99d 0300 | 004c 8bd0 | e904 0400 | 0048 8bd8 | 448b 4008 | 49ba 0000 | 0053 fb7f 
  0x00007ffbbc6ad28c: 0000 4d03 | d04d 8b52 

  0x00007ffbbc6ad294: ;   {metadata('java/io/IOException')}
  0x00007ffbbc6ad294: 4849 bb48 | 4a04 54fb | 7f00 0090 | 4d3b d30f | 847f 0600 | 0044 8b53 | 0849 bb00 | 0000 53fb 
  0x00007ffbbc6ad2b4: 7f00 004d | 03da 48ff | 7424 3048 | 8f44 2428 | e9f7 0300 | 0048 8bd8 | 448b 4008 | 49ba 0000 
  0x00007ffbbc6ad2d4: 0053 fb7f | 0000 4d03 | d04d 8b52 

  0x00007ffbbc6ad2e0: ;   {metadata('java/io/IOException')}
  0x00007ffbbc6ad2e0: 4849 bb48 | 4a04 54fb | 7f00 004d | 3bd3 0f85 | 7cfe ffff | 4c8b db49 | 8b87 b801 | 0000 4c8b 
  0x00007ffbbc6ad300: d049 83c2 | 284d 3b97 | c801 0000 | 0f83 7605 | 0000 4d89 | 97b8 0100 | 0041 0f0d | 8a00 0100 
  0x00007ffbbc6ad320: 0048 c700 | 0100 0000 | 4c8b d049 

  0x00007ffbbc6ad32c: ;   {metadata('java/lang/RuntimeException')}
  0x00007ffbbc6ad32c: 83c2 10c7 | 4008 18e4 | 0500 4489 | 600c c5fd | efc0 41b8 | 0700 0000 | c4c1 7892 | f862 d1fe 
  0x00007ffbbc6ad34c: 2f7f 024c | 895c 2470 | 4c8b d04c | 8954 2478 | 488b 6c24 | 204c 8b54 | 2428 4c89 | 5424 184c 
  0x00007ffbbc6ad36c: 8b54 2450 | 4c89 5424 | 2048 8b74 | 2478 488b | 5424 7090 

  0x00007ffbbc6ad380: ;   {optimized virtual_call}
  0x00007ffbbc6ad380: c5f8 77e8 

  0x00007ffbbc6ad384: ; ImmutableOopMap {rbp=Oop [24]=Oop [56]=Oop [64]=Oop [72]=Oop [88]=Oop [96]=Oop [104]=Oop [120]=Oop [152]=NarrowOop [168]=Oop }
                      ;*invokespecial <init> {reexecute=0 rethrow=0 return_oop=0}
                      ; - java.util.jar.JarFile::ensureInitialization@13 (line 1066)
                      ; - java.util.jar.JavaUtilJarAccessImpl::ensureInitialization@1 (line 42)
                      ; - jdk.internal.loader.URLClassPath$JarLoader$2::getManifest@10 (line 852)
                      ; - java.net.URLClassLoader::defineClass@34 (line 491)
                      ; - java.net.URLClassLoader$1::run@43 (line 427)
                      ; - java.net.URLClassLoader$1::run@1 (line 421)
                      ; - java.security.AccessController::executePrivileged@29 (line 809)
                      ; - java.security.AccessController::doPrivileged@13 (line 714)
  0x00007ffbbc6ad384: f843 76ff 

  0x00007ffbbc6ad388: ;   {other}
  0x00007ffbbc6ad388: 0f1f 8400 | f86e 00cb | 4c8b 5c24 | 6848 8d84 | 24e0 0000 | 0048 8338 | 000f 8479 | 0000 004d 
  0x00007ffbbc6ad3a8: 8b13 41f6 | c202 0f84 | 6200 0000 | 4983 ba86 | 0000 0000 | 7409 49ff | 8a86 0000 | 00eb 4b49 
  0x00007ffbbc6ad3c8: 8b82 9600 | 0000 490b | 828e 0000 | 0075 0a49 | c742 3e00 | 0000 00eb | 3d49 83ba | 9e00 0000 
  0x00007ffbbc6ad3e8: 0074 2248 | 33c0 49c7 | 423e 0000 | 0000 f083 | 0424 0049 | 83ba 9e00 | 0000 0075 | 0df0 4d0f 
  0x00007ffbbc6ad408: b17a 3e75 | 0583 c801 | eb0c a800 | eb08 4c8b | 10f0 4d0f | b113 750a | 49ff 8f48 | 0500 0045 
  0x00007ffbbc6ad428: 33d2 0f85 | cd04 0000 | 4c8b 5424 | 7849 8bda | e939 0200 | 004c 8bd0 | e93c 0200 | 004c 8bd0 
  0x00007ffbbc6ad448: e934 0200 | 004c 8bd0 | e92c 0200 | 004c 8bd0 | e924 0200 | 0048 8bd8 | 448b 5008 | 49bb 0000 
  0x00007ffbbc6ad468: 0053 fb7f | 0000 4d03 | da4d 8b53 | 504c 3bd5 | 7545 488b | 4c24 1844 | 8b9c 249c 

  0x00007ffbbc6ad484: ;   {no_reloc}
  0x00007ffbbc6ad484: 0000 0049 | 8bf3 488b | 5424 604c | 8b44 2468 | 488b 6c24 | 4066 6690 

  0x00007ffbbc6ad49c: ;   {optimized virtual_call}
  0x00007ffbbc6ad49c: c5f8 77e8 

  0x00007ffbbc6ad4a0: ; ImmutableOopMap {rbp=Oop [40]=Oop [48]=Oop [56]=Oop [64]=Oop [72]=Oop [96]=Oop [152]=NarrowOop [156]=NarrowOop [160]=NarrowOop }
                      ;*invokevirtual getAndVerifyPackage {reexecute=0 rethrow=0 return_oop=1}
                      ; - java.net.URLClassLoader::defineClass@97 (line 502)
                      ; - java.net.URLClassLoader$1::run@43 (line 427)
                      ; - java.net.URLClassLoader$1::run@1 (line 421)
                      ; - java.security.AccessController::executePrivileged@29 (line 809)
                      ; - java.security.AccessController::doPrivileged@13 (line 714)
  0x00007ffbbc6ad4a0: dc42 76ff 

  0x00007ffbbc6ad4a4: ;   {other}
  0x00007ffbbc6ad4a4: 0f1f 8400 | 1470 00cc | 4885 c00f | 84fc 0300 | 004c 8b44 | 2458 e9f6 | aeff ff48 | ff74 2430 
  0x00007ffbbc6ad4c4: 488f 4424 | 28e9 f201 | 0000 4c8b | d0e9 ab01 | 0000 4c8b | d0e9 a301 | 0000 4c8b | d0e9 9b01 
  0x00007ffbbc6ad4e4: 0000 4c8b | d0e9 9301 | 0000 4c8b | d0e9 8b01 | 0000 4c8b | d0e9 8301 | 0000 4c8b | d0e9 7b01 
  0x00007ffbbc6ad504: 0000 488b | d848 ff74 | 2430 488f | 4424 2848 | 8d84 24e0 | 0000 004c | 8b5c 2430 | 4883 3800 
  0x00007ffbbc6ad524: 0f84 7900 | 0000 4d8b | 1341 f6c2 | 020f 8462 | 0000 0049 | 83ba 8600 | 0000 0074 | 0949 ff8a 
  0x00007ffbbc6ad544: 8600 0000 | eb4b 498b | 8296 0000 | 0049 0b82 | 8e00 0000 | 750a 49c7 | 423e 0000 | 0000 eb3d 
  0x00007ffbbc6ad564: 4983 ba9e | 0000 0000 | 7422 4833 | c049 c742 | 3e00 0000 | 00f0 8304 | 2400 4983 | ba9e 0000 
  0x00007ffbbc6ad584: 0000 750d | f04d 0fb1 | 7a3e 7505 | 83c8 01eb | 0ca8 00eb | 084c 8b10 | f04d 0fb1 

  0x00007ffbbc6ad5a0: ;   {no_reloc}
  0x00007ffbbc6ad5a0: 1375 0a49 | ff8f 4805 | 0000 4533 | d20f 851d | 0300 0044 | 8b43 0849 | bb00 0000 | 53fb 7f00 
  0x00007ffbbc6ad5c0: 004d 03d8 | e9f7 0000 | 0048 8bd8 | 448b 5008 | 49bb 0000 | 0053 fb7f | 0000 4d03 | da48 ff74 
  0x00007ffbbc6ad5e0: 2430 488f | 4424 28e9 | d400 0000 | 488b d844 | 8b50 0849 | bb00 0000 | 53fb 7f00 | 004d 03da 
  0x00007ffbbc6ad600: 48ff 7424 | 3048 8f44 | 2428 e9b1 | 0000 004c | 8bd0 498b | da45 8b52 | 0849 bb00 | 0000 53fb 
  0x00007ffbbc6ad620: 7f00 004d | 03da 48ff | 7424 3048 | 8f44 2428 | e98b 0000 | 0048 8bd8 | 448b 5b08 | 49ba 0000 
  0x00007ffbbc6ad640: 0053 fb7f | 0000 4d03 | d3eb 1448 | 8bd8 448b | 5808 49ba | 0000 0053 | fb7f 0000 | 4d03 d34d 
  0x00007ffbbc6ad660: ;   {metadata('java/lang/RuntimeException')}
  0x00007ffbbc6ad660: 8b5a 4849 | b818 e405 | 53fb 7f00 | 004d 3bd8 | 0f85 3b01 | 0000 488b | f3e9 d900 | 0000 4c8b 
  0x00007ffbbc6ad680: d049 8bda | 458b 5208 | 49bb 0000 | 0053 fb7f | 0000 4d03 | da48 ff74 | 2430 488f | 4424 2890 
  0x00007ffbbc6ad6a0: eb1e 488b | d844 8b53 | 0849 bb00 | 0000 53fb | 7f00 004d | 03da 48ff | 7424 5848 | 8f44 2428 
  0x00007ffbbc6ad6c0: 4d8b 5348 

  0x00007ffbbc6ad6c4: ;   {metadata('java/io/IOException')}
  0x00007ffbbc6ad6c4: 49b8 484a | 0454 fb7f | 0000 4d3b | d00f 8497 | 0100 004d 

  0x00007ffbbc6ad6d8: ;   {metadata('java/lang/ClassFormatError')}
  0x00007ffbbc6ad6d8: 8b53 5049 | bb28 ba17 | 54fb 7f00 | 004d 3bd3 | 0f85 4aff | ffff 488b | eb48 8b74 | 2428 c5f8 
  0x00007ffbbc6ad6f8: 7748 b8ff | ffff ffff 

  0x00007ffbbc6ad700: ;   {virtual_call}
  0x00007ffbbc6ad700: ffff ffe8 

  0x00007ffbbc6ad704: ; ImmutableOopMap {rbp=Oop [40]=Oop [56]=Oop [64]=Oop }
                      ;*invokevirtual getDataError {reexecute=0 rethrow=0 return_oop=1}
                      ; - java.net.URLClassLoader$1::run@63 (line 431)
                      ; - java.net.URLClassLoader$1::run@1 (line 421)
                      ; - java.security.AccessController::executePrivileged@29 (line 809)
                      ; - java.security.AccessController::doPrivileged@13 (line 714)
  0x00007ffbbc6ad704: 7845 76ff 

  0x00007ffbbc6ad708: ;   {other}
  0x00007ffbbc6ad708: 0f1f 8400 | 7872 00cd | 4885 c074 | 3748 8b74 | 2428 c5f8 | 7748 b8ff | ffff ffff 

  0x00007ffbbc6ad724: ;   {virtual_call}
  0x00007ffbbc6ad724: ffff ffe8 

  0x00007ffbbc6ad728: ; ImmutableOopMap {rbp=Oop [56]=Oop [64]=Oop }
                      ;*invokevirtual getDataError {reexecute=0 rethrow=0 return_oop=1}
                      ; - java.net.URLClassLoader$1::run@71 (line 432)
                      ; - java.net.URLClassLoader$1::run@1 (line 421)
                      ; - java.security.AccessController::executePrivileged@29 (line 809)
                      ; - java.security.AccessController::doPrivileged@13 (line 714)
  0x00007ffbbc6ad728: 5445 76ff 

  0x00007ffbbc6ad72c: ;   {other}
  0x00007ffbbc6ad72c: 0f1f 8400 | 9c72 00ce | 488b f548 | 8bd0 6690 

  0x00007ffbbc6ad73c: ;   {optimized virtual_call}
  0x00007ffbbc6ad73c: c5f8 77e8 

  0x00007ffbbc6ad740: ; ImmutableOopMap {rbp=Oop [56]=Oop [64]=Oop }
                      ;*invokevirtual addSuppressed {reexecute=0 rethrow=0 return_oop=0}
                      ; - java.net.URLClassLoader$1::run@74 (line 432)
                      ; - java.net.URLClassLoader$1::run@1 (line 421)
                      ; - java.security.AccessController::executePrivileged@29 (line 809)
                      ; - java.security.AccessController::doPrivileged@13 (line 714)
  0x00007ffbbc6ad740: 3c40 76ff 

  0x00007ffbbc6ad744: ;   {other}
  0x00007ffbbc6ad744: 0f1f 8400 | b472 00cf | 488b f5eb | 0648 8bd8 | 488b f3c5 | f877 4881 | c400 0100 | 005d 493b 
  0x00007ffbbc6ad764: a7d0 0400 | 000f 823d | 0000 0049 | 8bff 40f6 | c40f 0f84 | 1200 0000 | 4883 ec08 

  0x00007ffbbc6ad780: ;   {runtime_call SharedRuntime::enable_stack_reserved_zone(JavaThread*)}
  0x00007ffbbc6ad780: e8eb 4da5 | 1448 83c4 | 08e9 0500 

  0x00007ffbbc6ad78c: ;   {runtime_call SharedRuntime::enable_stack_reserved_zone(JavaThread*)}
  0x00007ffbbc6ad78c: 0000 e8dd 

  0x00007ffbbc6ad790: ;   {runtime_call delayed StackOverflowError throw_exception}
  0x00007ffbbc6ad790: 4da5 14e9 | e8ba 71ff 

  0x00007ffbbc6ad798: ;   {external_word}
  0x00007ffbbc6ad798: 48bf 0667 | 45d1 fb7f | 0000 4883 

  0x00007ffbbc6ad7a4: ;   {runtime_call MacroAssembler::debug64(char*, long, long*)}
  0x00007ffbbc6ad7a4: e4f0 e865 | be88 14f4 

  0x00007ffbbc6ad7ac: ;   {runtime_call _rethrow_Java}
  0x00007ffbbc6ad7ac: e94f 7384 | ff4d 8b52 

  0x00007ffbbc6ad7b4: ;   {metadata('java/lang/Exception')}
  0x00007ffbbc6ad7b4: 4049 bb58 | bf00 53fb | 7f00 0090 | 4d3b d375 | 8f4c 8bd3 | 4c89 5424 | 1849 8b87 | b801 0000 
  0x00007ffbbc6ad7d4: 4c8b d049 | 83c2 280f | 1f44 0000 | 4d3b 97c8 | 0100 0073 | 634d 8997 | b801 0000 | 410f 0d8a 
  0x00007ffbbc6ad7f4: 0001 0000 | 48c7 0001 | 0000 004c | 8bd0 4983 

  0x00007ffbbc6ad804: ;   {metadata('java/security/PrivilegedActionException')}
  0x00007ffbbc6ad804: c210 c740 | 08f0 a304 | 0144 8960 | 0cc5 fdef | c041 b807 | 0000 00c4 | c178 92f8 | 62d1 fe2f 
  0x00007ffbbc6ad824: 7f02 488b | e848 8bf5 | 488b 5424 | 1866 6690 

  0x00007ffbbc6ad834: ;   {optimized virtual_call}
  0x00007ffbbc6ad834: c5f8 77e8 

  0x00007ffbbc6ad838: ; ImmutableOopMap {rbp=Oop }
                      ;*invokespecial <init> {reexecute=0 rethrow=0 return_oop=0}
                      ; - java.security.AccessController::wrapException@5 (line 830)
                      ; - java.security.AccessController::doPrivileged@22 (line 718)
  0x00007ffbbc6ad838: 443f 76ff 

  0x00007ffbbc6ad83c: ;   {other}
  0x00007ffbbc6ad83c: 0f1f 8400 | ac73 00d0 | 488b f5e9 | 0bff ffff 

  0x00007ffbbc6ad84c: ;   {metadata('java/security/PrivilegedActionException')}
  0x00007ffbbc6ad84c: 48be f0a3 | 0454 fb7f | 0000 488b | 6c24 1890 

  0x00007ffbbc6ad85c: ;   {runtime_call _new_instance_Java}
  0x00007ffbbc6ad85c: c5f8 77e8 

  0x00007ffbbc6ad860: ; ImmutableOopMap {rbp=Oop [24]=Oop }
                      ;*new {reexecute=0 rethrow=0 return_oop=1}
                      ; - java.security.AccessController::wrapException@0 (line 830)
                      ; - java.security.AccessController::doPrivileged@22 (line 718)
  0x00007ffbbc6ad860: 1c21 7aff 

  0x00007ffbbc6ad864: ;   {other}
  0x00007ffbbc6ad864: 0f1f 8400 | d473 00d1 | ebb8 488b | ebbe 2f00 | 0000 6690 

  0x00007ffbbc6ad878: ;   {runtime_call UncommonTrapBlob}
  0x00007ffbbc6ad878: c5f8 77e8 

  0x00007ffbbc6ad87c: ; ImmutableOopMap {rbp=Oop [56]=Oop [64]=Oop [72]=Oop }
                      ;*new {reexecute=0 rethrow=0 return_oop=0}
                      ; - java.net.URLClassLoader$1::run@48 (line 429)
                      ; - java.net.URLClassLoader$1::run@1 (line 421)
                      ; - java.security.AccessController::executePrivileged@29 (line 809)
                      ; - java.security.AccessController::doPrivileged@13 (line 714)
  0x00007ffbbc6ad87c: 00cd 76ff 

  0x00007ffbbc6ad880: ;   {other}
  0x00007ffbbc6ad880: 0f1f 8400 | f073 00d2 | 4c89 5c24 

  0x00007ffbbc6ad88c: ;   {metadata('java/lang/RuntimeException')}
  0x00007ffbbc6ad88c: 7048 be18 | e405 53fb | 7f00 0048 | 8b6c 2440 

  0x00007ffbbc6ad89c: ;   {runtime_call _new_instance_Java}
  0x00007ffbbc6ad89c: c5f8 77e8 

  0x00007ffbbc6ad8a0: ; ImmutableOopMap {rbp=Oop [32]=Oop [40]=Oop [56]=Oop [64]=Oop [72]=Oop [88]=Oop [96]=Oop [104]=Oop [112]=Oop [152]=NarrowOop [168]=Oop }
                      ;*new {reexecute=0 rethrow=0 return_oop=1}
                      ; - java.util.jar.JarFile::ensureInitialization@8 (line 1066)
                      ; - java.util.jar.JavaUtilJarAccessImpl::ensureInitialization@1 (line 42)
                      ; - jdk.internal.loader.URLClassPath$JarLoader$2::getManifest@10 (line 852)
                      ; - java.net.URLClassLoader::defineClass@34 (line 491)
                      ; - java.net.URLClassLoader$1::run@43 (line 427)
                      ; - java.net.URLClassLoader$1::run@1 (line 421)
                      ; - java.security.AccessController::executePrivileged@29 (line 809)
                      ; - java.security.AccessController::doPrivileged@13 (line 714)
  0x00007ffbbc6ad8a0: dc20 7aff 

  0x00007ffbbc6ad8a4: ;   {other}
  0x00007ffbbc6ad8a4: 0f1f 8400 | 1474 00d3 | e9a3 faff | ffbe fd00 | 0000 4c8b | 5424 304c | 8954 2428 

  0x00007ffbbc6ad8c0: ;   {runtime_call UncommonTrapBlob}
  0x00007ffbbc6ad8c0: c5f8 77e8 

  0x00007ffbbc6ad8c4: ; ImmutableOopMap {rbp=Oop [40]=Oop [56]=Oop [72]=Oop [96]=Oop }
                      ;*new {reexecute=0 rethrow=0 return_oop=0}
                      ; - java.net.URLClassLoader::defineClass@103 (line 504)
                      ; - java.net.URLClassLoader$1::run@43 (line 427)
                      ; - java.net.URLClassLoader$1::run@1 (line 421)
                      ; - java.security.AccessController::executePrivileged@29 (line 809)
                      ; - java.security.AccessController::doPrivileged@13 (line 714)
  0x00007ffbbc6ad8c4: b8cc 76ff 

  0x00007ffbbc6ad8c8: ;   {other}
  0x00007ffbbc6ad8c8: 0f1f 8400 | 3874 00d4 | 488b 7c24 | 3048 8db4 | 24e0 0000 | 0049 8bd7 | c5f8 7749 | bac0 0b10 
  0x00007ffbbc6ad8e8: d1fb 7f00 | 0041 ffd2 

  0x00007ffbbc6ad8f0: ;   {other}
  0x00007ffbbc6ad8f0: 0f1f 8400 | 0000 0000 | e9b6 fcff | ff49 8bfb | 488d b424 | e000 0000 | 498b d7c5 | f877 49ba 
  0x00007ffbbc6ad910: c00b 10d1 | fb7f 0000 

  0x00007ffbbc6ad918: ;   {other}
  0x00007ffbbc6ad918: 41ff d20f | 1f84 0000 | 0000 00e9 | 08fb ffff | 488b ebbe | 2a00 0000 | 4c8b 5424 | 404c 8954 
  0x00007ffbbc6ad938: 2418 4c8b | 5424 384c | 8954 2420 | 4c8b 5424 | 484c 8954 | 2428 4c8b | 5424 504c | 8954 2438 
  0x00007ffbbc6ad958: ;   {runtime_call UncommonTrapBlob}
  0x00007ffbbc6ad958: c5f8 77e8 

  0x00007ffbbc6ad95c: ; ImmutableOopMap {rbp=Oop [24]=Oop [32]=Oop [40]=Oop [48]=Oop [96]=Oop [152]=NarrowOop [156]=NarrowOop [160]=NarrowOop }
                      ;*new {reexecute=0 rethrow=0 return_oop=0}
                      ; - java.util.jar.JarFile$JarFileEntry::getCodeSigners@11 (line 672)
                      ; - jdk.internal.loader.URLClassPath$JarLoader$2::getCodeSigners@4 (line 858)
                      ; - java.net.URLClassLoader::defineClass@185 (line 521)
                      ; - java.net.URLClassLoader$1::run@43 (line 427)
                      ; - java.net.URLClassLoader$1::run@1 (line 421)
                      ; - java.security.AccessController::executePrivileged@29 (line 809)
                      ; - java.security.AccessController::doPrivileged@13 (line 714)
  0x00007ffbbc6ad95c: 20cc 76ff 

  0x00007ffbbc6ad960: ;   {other}
  0x00007ffbbc6ad960: 0f1f 8400 | d074 00d5 

  0x00007ffbbc6ad968: ;   {internal_word}
  0x00007ffbbc6ad968: 49ba e189 | 6abc fb7f | 0000 4d89 | 9760 0400 

  0x00007ffbbc6ad978: ;   {runtime_call SafepointBlob}
  0x00007ffbbc6ad978: 00e9 82ba 

  0x00007ffbbc6ad97c: ;   {runtime_call StubRoutines (final stubs)}
  0x00007ffbbc6ad97c: 76ff e87d | b874 ffe9 | 1693 ffff 
[Stub Code]
  0x00007ffbbc6ad988: ;   {no_reloc}
  0x00007ffbbc6ad988: 48bb 0000 | 0000 0000 

  0x00007ffbbc6ad990: ;   {runtime_call nmethod}
  0x00007ffbbc6ad990: 0000 e9fb 

  0x00007ffbbc6ad994: ;   {static_stub}
  0x00007ffbbc6ad994: ffff ff48 | bb00 0000 | 0000 0000 

  0x00007ffbbc6ad9a0: ;   {runtime_call nmethod}
  0x00007ffbbc6ad9a0: 00e9 fbff 

  0x00007ffbbc6ad9a4: ;   {static_stub}
  0x00007ffbbc6ad9a4: ffff 48bb | 0000 0000 | 0000 0000 

  0x00007ffbbc6ad9b0: ;   {runtime_call nmethod}
  0x00007ffbbc6ad9b0: e9fb ffff 

  0x00007ffbbc6ad9b4: ;   {static_stub}
  0x00007ffbbc6ad9b4: ff48 bb00 | 0000 0000 

  0x00007ffbbc6ad9bc: ;   {runtime_call nmethod}
  0x00007ffbbc6ad9bc: 0000 00e9 | fbff ffff 

  0x00007ffbbc6ad9c4: ;   {static_stub}
  0x00007ffbbc6ad9c4: 48bb 0000 | 0000 0000 

  0x00007ffbbc6ad9cc: ;   {runtime_call nmethod}
  0x00007ffbbc6ad9cc: 0000 e9fb 

  0x00007ffbbc6ad9d0: ;   {static_stub}
  0x00007ffbbc6ad9d0: ffff ff48 | bb00 0000 | 0000 0000 

  0x00007ffbbc6ad9dc: ;   {runtime_call nmethod}
  0x00007ffbbc6ad9dc: 00e9 fbff 

  0x00007ffbbc6ad9e0: ;   {static_stub}
  0x00007ffbbc6ad9e0: ffff 48bb | 0000 0000 | 0000 0000 

  0x00007ffbbc6ad9ec: ;   {runtime_call nmethod}
  0x00007ffbbc6ad9ec: e9fb ffff 

  0x00007ffbbc6ad9f0: ;   {static_stub}
  0x00007ffbbc6ad9f0: ff48 bb00 | 0000 0000 

  0x00007ffbbc6ad9f8: ;   {runtime_call nmethod}
  0x00007ffbbc6ad9f8: 0000 00e9 | fbff ffff 

  0x00007ffbbc6ada00: ;   {static_stub}
  0x00007ffbbc6ada00: 48bb 0000 | 0000 0000 

  0x00007ffbbc6ada08: ;   {runtime_call nmethod}
  0x00007ffbbc6ada08: 0000 e9fb 

  0x00007ffbbc6ada0c: ;   {static_stub}
  0x00007ffbbc6ada0c: ffff ff48 | bb00 0000 | 0000 0000 

  0x00007ffbbc6ada18: ;   {runtime_call nmethod}
  0x00007ffbbc6ada18: 00e9 fbff 

  0x00007ffbbc6ada1c: ;   {static_stub}
  0x00007ffbbc6ada1c: ffff 48bb | 0000 0000 | 0000 0000 

  0x00007ffbbc6ada28: ;   {runtime_call nmethod}
  0x00007ffbbc6ada28: e9fb ffff 

  0x00007ffbbc6ada2c: ;   {static_stub}
  0x00007ffbbc6ada2c: ff48 bb00 | 0000 0000 

  0x00007ffbbc6ada34: ;   {runtime_call nmethod}
  0x00007ffbbc6ada34: 0000 00e9 | fbff ffff 

  0x00007ffbbc6ada3c: ;   {static_stub}
  0x00007ffbbc6ada3c: 48bb 0097 | 1753 fb7f 

  0x00007ffbbc6ada44: ;   {runtime_call I2C/C2I adapters}
  0x00007ffbbc6ada44: 0000 e938 

  0x00007ffbbc6ada48: ;   {static_stub}
  0x00007ffbbc6ada48: 8d76 ff48 | bb00 0000 | 0000 0000 

  0x00007ffbbc6ada54: ;   {runtime_call nmethod}
  0x00007ffbbc6ada54: 00e9 fbff 

  0x00007ffbbc6ada58: ;   {static_stub}
  0x00007ffbbc6ada58: ffff 48bb | 580e 1753 | fb7f 0000 

  0x00007ffbbc6ada64: ;   {runtime_call I2C/C2I adapters}
  0x00007ffbbc6ada64: e996 2d76 

  0x00007ffbbc6ada68: ;   {static_stub}
  0x00007ffbbc6ada68: ff48 bba8 | 0d17 53fb 

  0x00007ffbbc6ada70: ;   {runtime_call I2C/C2I adapters}
  0x00007ffbbc6ada70: 7f00 00e9 | 0b8d 76ff 

  0x00007ffbbc6ada78: ;   {static_stub}
  0x00007ffbbc6ada78: 48bb b00e | 1753 fb7f 

  0x00007ffbbc6ada80: ;   {runtime_call I2C/C2I adapters}
  0x00007ffbbc6ada80: 0000 e9fc 

  0x00007ffbbc6ada84: ;   {static_stub}
  0x00007ffbbc6ada84: 8c76 ff48 | bb00 0000 | 0000 0000 

  0x00007ffbbc6ada90: ;   {runtime_call nmethod}
  0x00007ffbbc6ada90: 00e9 fbff 

  0x00007ffbbc6ada94: ;   {static_stub}
  0x00007ffbbc6ada94: ffff 48bb | 0000 0000 | 0000 0000 

  0x00007ffbbc6adaa0: ;   {runtime_call nmethod}
  0x00007ffbbc6adaa0: e9fb ffff 

  0x00007ffbbc6adaa4: ;   {static_stub}
  0x00007ffbbc6adaa4: ff48 bb00 | 0000 0000 

  0x00007ffbbc6adaac: ;   {runtime_call nmethod}
  0x00007ffbbc6adaac: 0000 00e9 | fbff ffff 

  0x00007ffbbc6adab4: ;   {static_stub}
  0x00007ffbbc6adab4: 48bb 0000 | 0000 0000 

  0x00007ffbbc6adabc: ;   {runtime_call nmethod}
  0x00007ffbbc6adabc: 0000 e9fb 

  0x00007ffbbc6adac0: ;   {static_stub}
  0x00007ffbbc6adac0: ffff ff48 | bb00 0000 | 0000 0000 

  0x00007ffbbc6adacc: ;   {runtime_call nmethod}
  0x00007ffbbc6adacc: 00e9 fbff 

  0x00007ffbbc6adad0: ;   {static_stub}
  0x00007ffbbc6adad0: ffff 48bb | 0000 0000 | 0000 0000 

  0x00007ffbbc6adadc: ;   {runtime_call nmethod}
  0x00007ffbbc6adadc: e9fb ffff 

  0x00007ffbbc6adae0: ;   {static_stub}
  0x00007ffbbc6adae0: ff48 bb00 | 0000 0000 

  0x00007ffbbc6adae8: ;   {runtime_call nmethod}
  0x00007ffbbc6adae8: 0000 00e9 | fbff ffff 

  0x00007ffbbc6adaf0: ;   {static_stub}
  0x00007ffbbc6adaf0: 48bb 0000 | 0000 0000 

  0x00007ffbbc6adaf8: ;   {runtime_call nmethod}
  0x00007ffbbc6adaf8: 0000 e9fb 

  0x00007ffbbc6adafc: ;   {static_stub}
  0x00007ffbbc6adafc: ffff ff48 | bb00 0000 | 0000 0000 

  0x00007ffbbc6adb08: ;   {runtime_call nmethod}
  0x00007ffbbc6adb08: 00e9 fbff 

  0x00007ffbbc6adb0c: ;   {static_stub}
  0x00007ffbbc6adb0c: ffff 48bb | 0000 0000 | 0000 0000 

  0x00007ffbbc6adb18: ;   {runtime_call nmethod}
  0x00007ffbbc6adb18: e9fb ffff 

  0x00007ffbbc6adb1c: ;   {static_stub}
  0x00007ffbbc6adb1c: ff48 bb00 | 0000 0000 

  0x00007ffbbc6adb24: ;   {runtime_call nmethod}
  0x00007ffbbc6adb24: 0000 00e9 | fbff ffff 

  0x00007ffbbc6adb2c: ;   {static_stub}
  0x00007ffbbc6adb2c: 48bb 0000 | 0000 0000 

  0x00007ffbbc6adb34: ;   {runtime_call nmethod}
  0x00007ffbbc6adb34: 0000 e9fb 

  0x00007ffbbc6adb38: ;   {static_stub}
  0x00007ffbbc6adb38: ffff ff48 | bb00 0000 | 0000 0000 

  0x00007ffbbc6adb44: ;   {runtime_call nmethod}
  0x00007ffbbc6adb44: 00e9 fbff 

  0x00007ffbbc6adb48: ;   {static_stub}
  0x00007ffbbc6adb48: ffff 48bb | d0e9 0053 | fb7f 0000 

  0x00007ffbbc6adb54: ;   {runtime_call I2C/C2I adapters}
  0x00007ffbbc6adb54: e9ae 9c76 

  0x00007ffbbc6adb58: ;   {static_stub}
  0x00007ffbbc6adb58: ff48 bb00 | 0000 0000 

  0x00007ffbbc6adb60: ;   {runtime_call nmethod}
  0x00007ffbbc6adb60: 0000 00e9 | fbff ffff 

  0x00007ffbbc6adb68: ;   {static_stub}
  0x00007ffbbc6adb68: 48bb 0000 | 0000 0000 

  0x00007ffbbc6adb70: ;   {runtime_call nmethod}
  0x00007ffbbc6adb70: 0000 e9fb 

  0x00007ffbbc6adb74: ;   {static_stub}
  0x00007ffbbc6adb74: ffff ff48 | bb00 0000 | 0000 0000 

  0x00007ffbbc6adb80: ;   {runtime_call nmethod}
  0x00007ffbbc6adb80: 00e9 fbff 

  0x00007ffbbc6adb84: ;   {static_stub}
  0x00007ffbbc6adb84: ffff 48bb | 0000 0000 | 0000 0000 

  0x00007ffbbc6adb90: ;   {runtime_call nmethod}
  0x00007ffbbc6adb90: e9fb ffff 

  0x00007ffbbc6adb94: ;   {runtime_call ExceptionBlob}
  0x00007ffbbc6adb94: ffe9 e620 | 7aff e800 | 0000 0048 | 832c 2405 

  0x00007ffbbc6adba4: ;   {runtime_call DeoptimizationBlob}
  0x00007ffbbc6adba4: e9f7 cc76 | fff4 f4f4 | f4f4 f4f4 
[/MachCode]


---------------  P R O C E S S  ---------------

Threads class SMR info:
_java_thread_list=0x00007ffb3c1a3100, length=58, elements={
0x00007ffbcc02e180, 0x00007ffbcc0eed90, 0x00007ffbcc0f02f0, 0x00007ffbcc0f1a70,
0x00007ffbcc0f30a0, 0x00007ffbcc0f4630, 0x00007ffbcc0f6160, 0x00007ffbcc0f7810,
0x00007ffbcc110950, 0x00007ffbcc1b2f20, 0x00007ffbcd399b90, 0x00007ffbcd406e40,
0x00007ffbcd460c30, 0x00007ffb3c016a30, 0x00007ffb440020c0, 0x00007ffb4400bb50,
0x00007ffb44008b50, 0x00007ffb98007f80, 0x00007ffb9800a490, 0x00007ffb980167d0,
0x00007ffb98225240, 0x00007ffb9822a9e0, 0x00007ffb98267880, 0x00007ffb98a54fc0,
0x00007ffb98a5cf10, 0x00007ffb98d89270, 0x00007ffb98db0f60, 0x00007ffb990c37d0,
0x00007ffb99105dd0, 0x00007ffb99662350, 0x00007ffb9967e460, 0x00007ffb9968e390,
0x00007ffb98fea290, 0x00007ffb98e893a0, 0x00007ffb98e87c00, 0x00007ffb9a031d20,
0x00007ffb98e781e0, 0x00007ffb9a3955a0, 0x00007ffb4401b3e0, 0x00007ffb40023ff0,
0x00007ffb4005cfd0, 0x00007ffb400dd040, 0x00007ffb400e1970, 0x00007ffb400e09d0,
0x00007ffb400db050, 0x00007ffb400e30a0, 0x00007ffb400ea950, 0x00007ffb40117d00,
0x00007ffb40108050, 0x00007ffb40109030, 0x00007ffb400fe300, 0x00007ffb401e0990,
0x00007ffb4403a4c0, 0x00007ffb440fcb10, 0x00007ffb401caa70, 0x00007ffb442a6aa0,
0x00007ffb3c1cb2e0, 0x00007ffb3c1a25d0
}

Java Threads: ( => current thread )
  0x00007ffbcc02e180 JavaThread "main"                              [_thread_blocked, id=2449, stack(0x00007ffbd015a000,0x00007ffbd025a000) (1024K)]
  0x00007ffbcc0eed90 JavaThread "Reference Handler"          daemon [_thread_blocked, id=2457, stack(0x00007ffbb11d9000,0x00007ffbb12d9000) (1024K)]
  0x00007ffbcc0f02f0 JavaThread "Finalizer"                  daemon [_thread_blocked, id=2458, stack(0x00007ffbb10d8000,0x00007ffbb11d8000) (1024K)]
  0x00007ffbcc0f1a70 JavaThread "Signal Dispatcher"          daemon [_thread_blocked, id=2459, stack(0x00007ffbb0fd7000,0x00007ffbb10d7000) (1024K)]
  0x00007ffbcc0f30a0 JavaThread "Service Thread"             daemon [_thread_blocked, id=2460, stack(0x00007ffbb0ed6000,0x00007ffbb0fd6000) (1024K)]
  0x00007ffbcc0f4630 JavaThread "Monitor Deflation Thread"   daemon [_thread_blocked, id=2461, stack(0x00007ffbb0dd5000,0x00007ffbb0ed5000) (1024K)]
  0x00007ffbcc0f6160 JavaThread "C2 CompilerThread0"         daemon [_thread_blocked, id=2462, stack(0x00007ffbb0cd4000,0x00007ffbb0dd4000) (1024K)]
  0x00007ffbcc0f7810 JavaThread "C1 CompilerThread0"         daemon [_thread_blocked, id=2463, stack(0x00007ffbb0bd3000,0x00007ffbb0cd3000) (1024K)]
  0x00007ffbcc110950 JavaThread "Common-Cleaner"             daemon [_thread_blocked, id=2464, stack(0x00007ffbb0a02000,0x00007ffbb0b02000) (1024K)]
  0x00007ffbcc1b2f20 JavaThread "Notification Thread"        daemon [_thread_blocked, id=2465, stack(0x00007ffbb08c0000,0x00007ffbb09c0000) (1024K)]
  0x00007ffbcd399b90 JavaThread "Daemon health stats"               [_thread_blocked, id=2471, stack(0x00007ffbb0610000,0x00007ffbb0710000) (1024K)]
  0x00007ffbcd406e40 JavaThread "Incoming local TCP Connector on port 43783"        [_thread_in_native, id=2473, stack(0x00007ffbb0300000,0x00007ffbb0400000) (1024K)]
  0x00007ffbcd460c30 JavaThread "Daemon periodic checks"            [_thread_blocked, id=2474, stack(0x00007ffbb01ff000,0x00007ffbb02ff000) (1024K)]
  0x00007ffb3c016a30 JavaThread "Daemon"                            [_thread_blocked, id=2475, stack(0x00007ffbb00fe000,0x00007ffbb01fe000) (1024K)]
  0x00007ffb440020c0 JavaThread "Handler for socket connection from /127.0.0.1:43783 to /127.0.0.1:60724"        [_thread_in_native, id=2476, stack(0x00007ffba1f00000,0x00007ffba2000000) (1024K)]
  0x00007ffb4400bb50 JavaThread "Cancel handler"                    [_thread_blocked, id=2477, stack(0x00007ffba1dff000,0x00007ffba1eff000) (1024K)]
  0x00007ffb44008b50 JavaThread "Daemon worker"                     [_thread_blocked, id=2478, stack(0x00007ffba1cfe000,0x00007ffba1dfe000) (1024K)]
  0x00007ffb98007f80 JavaThread "Asynchronous log dispatcher for DefaultDaemonConnection: socket connection from /127.0.0.1:43783 to /127.0.0.1:60724"        [_thread_blocked, id=2479, stack(0x00007ffba1bfd000,0x00007ffba1cfd000) (1024K)]
  0x00007ffb9800a490 JavaThread "Stdin handler"                     [_thread_blocked, id=2480, stack(0x00007ffba1afc000,0x00007ffba1bfc000) (1024K)]
  0x00007ffb980167d0 JavaThread "Daemon client event forwarder"        [_thread_blocked, id=2481, stack(0x00007ffba19fb000,0x00007ffba1afb000) (1024K)]
  0x00007ffb98225240 JavaThread "Cache worker for journal cache (/root/.gradle/caches/journal-1)"        [_thread_blocked, id=2483, stack(0x00007ffba18fa000,0x00007ffba19fa000) (1024K)]
  0x00007ffb9822a9e0 JavaThread "File lock request listener"        [_thread_in_native, id=2484, stack(0x00007ffba17f9000,0x00007ffba18f9000) (1024K)]
  0x00007ffb98267880 JavaThread "Cache worker for file hash cache (/root/.gradle/caches/9.3.1/fileHashes)"        [_thread_blocked, id=2486, stack(0x00007ffba16f8000,0x00007ffba17f8000) (1024K)]
  0x00007ffb98a54fc0 JavaThread "Cache worker for file hash cache (/workspace/.gradle/9.3.1/fileHashes)"        [_thread_blocked, id=2489, stack(0x00007ffba11d1000,0x00007ffba12d1000) (1024K)]
  0x00007ffb98a5cf10 JavaThread "Cache worker for Build Output Cleanup Cache (/workspace/.gradle/buildOutputCleanup)"        [_thread_blocked, id=2490, stack(0x00007ffba13d0000,0x00007ffba14d0000) (1024K)]
  0x00007ffb98d89270 JavaThread "Cache worker for checksums cache (/workspace/.gradle/9.3.1/checksums)"        [_thread_blocked, id=2493, stack(0x00007ffba15f7000,0x00007ffba16f7000) (1024K)]
  0x00007ffb98db0f60 JavaThread "Cache worker for file content cache (/root/.gradle/caches/9.3.1/fileContent)"        [_thread_blocked, id=2494, stack(0x00007ffba14f6000,0x00007ffba15f6000) (1024K)]
  0x00007ffb990c37d0 JavaThread "Cache worker for cache directory md-supplier (/root/.gradle/caches/9.3.1/md-supplier)"        [_thread_blocked, id=2496, stack(0x00007ffba10d0000,0x00007ffba11d0000) (1024K)]
  0x00007ffb99105dd0 JavaThread "Cache worker for cache directory md-rule (/root/.gradle/caches/9.3.1/md-rule)"        [_thread_blocked, id=2497, stack(0x00007ffba0fcf000,0x00007ffba10cf000) (1024K)]
  0x00007ffb99662350 JavaThread "Unconstrained build operations"        [_thread_blocked, id=2503, stack(0x00007ffba0ece000,0x00007ffba0fce000) (1024K)]
  0x00007ffb9967e460 JavaThread "Unconstrained build operations Thread 2"        [_thread_blocked, id=2504, stack(0x00007ffba0dcd000,0x00007ffba0ecd000) (1024K)]
  0x00007ffb9968e390 JavaThread "Unconstrained build operations Thread 3"        [_thread_blocked, id=2505, stack(0x00007ffba0ccc000,0x00007ffba0dcc000) (1024K)]
  0x00007ffb98fea290 JavaThread "Unconstrained build operations Thread 4"        [_thread_blocked, id=2511, stack(0x00007ffba0bcb000,0x00007ffba0ccb000) (1024K)]
  0x00007ffb98e893a0 JavaThread "Unconstrained build operations Thread 5"        [_thread_blocked, id=2513, stack(0x00007ffba0aca000,0x00007ffba0bca000) (1024K)]
  0x00007ffb98e87c00 JavaThread "Unconstrained build operations Thread 6"        [_thread_blocked, id=2515, stack(0x00007ffba09c9000,0x00007ffba0ac9000) (1024K)]
  0x00007ffb9a031d20 JavaThread "Memory manager"                    [_thread_blocked, id=2521, stack(0x00007ffba08c8000,0x00007ffba09c8000) (1024K)]
  0x00007ffb98e781e0 JavaThread "build event listener"              [_thread_blocked, id=2524, stack(0x00007ffba07c7000,0x00007ffba08c7000) (1024K)]
  0x00007ffb9a3955a0 JavaThread "included builds"                   [_thread_blocked, id=2572, stack(0x00007ffba05c5000,0x00007ffba06c5000) (1024K)]
  0x00007ffb4401b3e0 JavaThread "Execution worker"                  [_thread_blocked, id=2573, stack(0x00007ffba01c1000,0x00007ffba02c1000) (1024K)]
  0x00007ffb40023ff0 JavaThread "Cache worker for execution history cache (/workspace/.gradle/9.3.1/executionHistory)"        [_thread_blocked, id=2574, stack(0x00007ffba04c4000,0x00007ffba05c4000) (1024K)]
  0x00007ffb4005cfd0 JavaThread "Unconstrained build operations Thread 7"        [_thread_blocked, id=2576, stack(0x00007ffba03c3000,0x00007ffba04c3000) (1024K)]
  0x00007ffb400dd040 JavaThread "Unconstrained build operations Thread 8"        [_thread_blocked, id=2579, stack(0x00007ffba02c2000,0x00007ffba03c2000) (1024K)]
  0x00007ffb400e1970 JavaThread "Unconstrained build operations Thread 9"        [_thread_blocked, id=2581, stack(0x00007ffba00c0000,0x00007ffba01c0000) (1024K)]
  0x00007ffb400e09d0 JavaThread "Unconstrained build operations Thread 10"        [_thread_blocked, id=2583, stack(0x00007ffb4ef00000,0x00007ffb4f000000) (1024K)]
  0x00007ffb400db050 JavaThread "Unconstrained build operations Thread 11"        [_thread_blocked, id=2585, stack(0x00007ffb4edff000,0x00007ffb4eeff000) (1024K)]
  0x00007ffb400e30a0 JavaThread "Unconstrained build operations Thread 12"        [_thread_blocked, id=2586, stack(0x00007ffb4ecfe000,0x00007ffb4edfe000) (1024K)]
  0x00007ffb400ea950 JavaThread "Unconstrained build operations Thread 13"        [_thread_blocked, id=2589, stack(0x00007ffb4ebfd000,0x00007ffb4ecfd000) (1024K)]
  0x00007ffb40117d00 JavaThread "Unconstrained build operations Thread 14"        [_thread_blocked, id=2597, stack(0x00007ffb4eafc000,0x00007ffb4ebfc000) (1024K)]
  0x00007ffb40108050 JavaThread "Unconstrained build operations Thread 15"        [_thread_blocked, id=2598, stack(0x00007ffb4e9fb000,0x00007ffb4eafb000) (1024K)]
  0x00007ffb40109030 JavaThread "Unconstrained build operations Thread 16"        [_thread_blocked, id=2599, stack(0x00007ffb4e8fa000,0x00007ffb4e9fa000) (1024K)]
  0x00007ffb400fe300 JavaThread "Unconstrained build operations Thread 17"        [_thread_blocked, id=2602, stack(0x00007ffb4e7f9000,0x00007ffb4e8f9000) (1024K)]
=>0x00007ffb401e0990 JavaThread "WorkerExecutor Queue"              [_thread_in_vm, id=2604, stack(0x00007ffb4e6f8000,0x00007ffb4e7f8000) (1024K)]
  0x00007ffb4403a4c0 JavaThread "Unconstrained build operations Thread 18"        [_thread_blocked, id=2605, stack(0x00007ffb4e5f7000,0x00007ffb4e6f7000) (1024K)]
  0x00007ffb440fcb10 JavaThread "WorkerExecutor Queue Thread 2"        [_thread_blocked, id=2610, stack(0x00007ffba06c6000,0x00007ffba07c6000) (1024K)]
  0x00007ffb401caa70 JavaThread "Unconstrained build operations Thread 19"        [_thread_blocked, id=2617, stack(0x00007ffb4e4f6000,0x00007ffb4e5f6000) (1024K)]
  0x00007ffb442a6aa0 JavaThread "Unconstrained build operations Thread 20"        [_thread_blocked, id=2627, stack(0x00007ffb4e3f5000,0x00007ffb4e4f5000) (1024K)]
  0x00007ffb3c1cb2e0 JavaThread "process reaper"             daemon [_thread_blocked, id=2793, stack(0x00007ffbb00db000,0x00007ffbb00fd000) (136K)]
  0x00007ffb3c1a25d0 JavaThread "Thread-50"                         [_thread_in_vm, id=2819, stack(0x00007ffb4e2f4000,0x00007ffb4e3f4000) (1024K)]
Total: 58

Other Threads:
  0x00007ffbcc0e4120 VMThread "VM Thread"                           [id=2456, stack(0x00007ffbb1334000,0x00007ffbb1434000) (1024K)]
  0x00007ffbcc0d2c40 WatcherThread "VM Periodic Task Thread"        [id=2455, stack(0x00007ffbb1435000,0x00007ffbb1535000) (1024K)]
  0x00007ffbcc086060 WorkerThread "GC Thread#0"                     [id=2450, stack(0x00007ffbb1c59000,0x00007ffbb1d59000) (1024K)]
  0x00007ffb480062c0 WorkerThread "GC Thread#1"                     [id=2467, stack(0x00007ffbb07bf000,0x00007ffbb08bf000) (1024K)]
  0x00007ffbcc097620 ConcurrentGCThread "G1 Main Marker"            [id=2451, stack(0x00007ffbb1b58000,0x00007ffbb1c58000) (1024K)]
  0x00007ffbcc0985c0 WorkerThread "G1 Conc#0"                       [id=2452, stack(0x00007ffbb1a57000,0x00007ffbb1b57000) (1024K)]
  0x00007ffbcc0bebd0 ConcurrentGCThread "G1 Refine#0"               [id=2453, stack(0x00007ffbb1754000,0x00007ffbb1854000) (1024K)]
  0x00007ffbcc0bfb80 ConcurrentGCThread "G1 Service"                [id=2454, stack(0x00007ffbb1653000,0x00007ffbb1753000) (1024K)]
Total: 8

Threads with active compile tasks:
Total: 0

VM state: not at safepoint (normal execution)

VM Mutex/Monitor currently owned by a thread:  ([mutex/lock_event])
[0x00007ffbd1886cd0] Metaspace_lock - owner thread: 0x00007ffb401e0990

Heap address: 0x0000000080000000, size: 2048 MB, Compressed Oops mode: 32-bit

CDS archive(s) mapped at: [0x00007ffb53000000-0x00007ffb53c97000-0x00007ffb53c97000), size 13201408, SharedBaseAddress: 0x00007ffb53000000, ArchiveRelocationMode: 1.
Compressed class space mapped at: 0x00007ffb54000000-0x00007ffb94000000, reserved size: 1073741824
Narrow klass base: 0x00007ffb53000000, Narrow klass shift: 0, Narrow klass range: 0x100000000

GC Precious Log:
 CardTable entry size: 512
 Card Set container configuration: InlinePtr #cards 5 size 8 Array Of Cards #cards 12 size 40 Howl #buckets 4 coarsen threshold 1843 Howl Bitmap #cards 512 size 80 coarsen threshold 460 Card regions per heap region 1 cards per card region 2048
 CPUs: 2 total, 2 available
 Memory: 2048M
 Large Page Support: Disabled
 NUMA Support: Disabled
 Compressed Oops: Enabled (32-bit)
 Heap Region Size: 1M
 Heap Min Capacity: 8M
 Heap Initial Capacity: 32M
 Heap Max Capacity: 2G
 Pre-touch: Disabled
 Parallel Workers: 2
 Concurrent Workers: 1
 Concurrent Refinement Workers: 2
 Periodic GC: Disabled

Heap:
 garbage-first heap   total 399360K, used 126263K [0x0000000080000000, 0x0000000100000000)
  region size 1024K, 19 young (19456K), 11 survivors (11264K)
 Metaspace       used 128226K, committed 130688K, reserved 1179648K
  class space    used 16393K, committed 17664K, reserved 1048576K

Heap Regions: E=young(eden), S=young(survivor), O=old, HS=humongous(starts), HC=humongous(continues), CS=collection set, F=free, TAMS=top-at-mark-start, PB=parsable bottom
|   0|0x0000000080000000, 0x0000000080100000, 0x0000000080100000|100%| O|  |TAMS 0x0000000080000000| PB 0x0000000080000000| Untracked 
|   1|0x0000000080100000, 0x0000000080200000, 0x0000000080200000|100%|HS|  |TAMS 0x0000000080100000| PB 0x0000000080100000| Complete 
|   2|0x0000000080200000, 0x0000000080300000, 0x0000000080300000|100%|HC|  |TAMS 0x0000000080200000| PB 0x0000000080200000| Complete 
|   3|0x0000000080300000, 0x0000000080400000, 0x0000000080400000|100%|HC|  |TAMS 0x0000000080300000| PB 0x0000000080300000| Complete 
|   4|0x0000000080400000, 0x0000000080500000, 0x0000000080500000|100%|HC|  |TAMS 0x0000000080400000| PB 0x0000000080400000| Complete 
|   5|0x0000000080500000, 0x0000000080600000, 0x0000000080600000|100%| O|  |TAMS 0x0000000080500000| PB 0x0000000080500000| Untracked 
|   6|0x0000000080600000, 0x0000000080700000, 0x0000000080700000|100%| O|  |TAMS 0x0000000080600000| PB 0x0000000080600000| Untracked 
|   7|0x0000000080700000, 0x0000000080800000, 0x0000000080800000|100%| O|  |TAMS 0x0000000080700000| PB 0x0000000080700000| Untracked 
|   8|0x0000000080800000, 0x0000000080900000, 0x0000000080900000|100%| O|  |TAMS 0x0000000080800000| PB 0x0000000080800000| Untracked 
|   9|0x0000000080900000, 0x0000000080a00000, 0x0000000080a00000|100%| O|  |TAMS 0x0000000080900000| PB 0x0000000080900000| Untracked 
|  10|0x0000000080a00000, 0x0000000080b00000, 0x0000000080b00000|100%|HS|  |TAMS 0x0000000080a00000| PB 0x0000000080a00000| Complete 
|  11|0x0000000080b00000, 0x0000000080c00000, 0x0000000080c00000|100%| O|  |TAMS 0x0000000080b00000| PB 0x0000000080b00000| Untracked 
|  12|0x0000000080c00000, 0x0000000080d00000, 0x0000000080d00000|100%| O|  |TAMS 0x0000000080c00000| PB 0x0000000080c00000| Untracked 
|  13|0x0000000080d00000, 0x0000000080e00000, 0x0000000080e00000|100%| O|  |TAMS 0x0000000080d00000| PB 0x0000000080d00000| Untracked 
|  14|0x0000000080e00000, 0x0000000080f00000, 0x0000000080f00000|100%| O|  |TAMS 0x0000000080e00000| PB 0x0000000080e00000| Untracked 
|  15|0x0000000080f00000, 0x0000000081000000, 0x0000000081000000|100%| O|  |TAMS 0x0000000080f00000| PB 0x0000000080f00000| Untracked 
|  16|0x0000000081000000, 0x0000000081100000, 0x0000000081100000|100%| O|  |TAMS 0x0000000081000000| PB 0x0000000081000000| Untracked 
|  17|0x0000000081100000, 0x0000000081200000, 0x0000000081200000|100%| O|  |TAMS 0x0000000081100000| PB 0x0000000081100000| Untracked 
|  18|0x0000000081200000, 0x0000000081300000, 0x0000000081300000|100%| O|  |TAMS 0x0000000081200000| PB 0x0000000081200000| Untracked 
|  19|0x0000000081300000, 0x0000000081400000, 0x0000000081400000|100%| O|  |TAMS 0x0000000081300000| PB 0x0000000081300000| Untracked 
|  20|0x0000000081400000, 0x0000000081500000, 0x0000000081500000|100%| O|  |TAMS 0x0000000081400000| PB 0x0000000081400000| Untracked 
|  21|0x0000000081500000, 0x0000000081600000, 0x0000000081600000|100%| O|  |TAMS 0x0000000081500000| PB 0x0000000081500000| Untracked 
|  22|0x0000000081600000, 0x0000000081700000, 0x0000000081700000|100%| O|  |TAMS 0x0000000081600000| PB 0x0000000081600000| Untracked 
|  23|0x0000000081700000, 0x0000000081800000, 0x0000000081800000|100%| O|  |TAMS 0x0000000081700000| PB 0x0000000081700000| Untracked 
|  24|0x0000000081800000, 0x0000000081900000, 0x0000000081900000|100%| O|  |TAMS 0x0000000081800000| PB 0x0000000081800000| Untracked 
|  25|0x0000000081900000, 0x0000000081a00000, 0x0000000081a00000|100%| O|  |TAMS 0x0000000081900000| PB 0x0000000081900000| Untracked 
|  26|0x0000000081a00000, 0x0000000081b00000, 0x0000000081b00000|100%| O|  |TAMS 0x0000000081a00000| PB 0x0000000081a00000| Untracked 
|  27|0x0000000081b00000, 0x0000000081c00000, 0x0000000081c00000|100%| O|  |TAMS 0x0000000081b00000| PB 0x0000000081b00000| Untracked 
|  28|0x0000000081c00000, 0x0000000081d00000, 0x0000000081d00000|100%| O|  |TAMS 0x0000000081c00000| PB 0x0000000081c00000| Untracked 
|  29|0x0000000081d00000, 0x0000000081e00000, 0x0000000081e00000|100%| O|  |TAMS 0x0000000081d00000| PB 0x0000000081d00000| Untracked 
|  30|0x0000000081e00000, 0x0000000081f00000, 0x0000000081f00000|100%| O|  |TAMS 0x0000000081e00000| PB 0x0000000081e00000| Untracked 
|  31|0x0000000081f00000, 0x0000000082000000, 0x0000000082000000|100%| O|  |TAMS 0x0000000081f00000| PB 0x0000000081f00000| Untracked 
|  32|0x0000000082000000, 0x0000000082100000, 0x0000000082100000|100%| O|  |TAMS 0x0000000082000000| PB 0x0000000082000000| Untracked 
|  33|0x0000000082100000, 0x0000000082200000, 0x0000000082200000|100%| O|  |TAMS 0x0000000082100000| PB 0x0000000082100000| Untracked 
|  34|0x0000000082200000, 0x0000000082300000, 0x0000000082300000|100%| O|  |TAMS 0x0000000082200000| PB 0x0000000082200000| Untracked 
|  35|0x0000000082300000, 0x0000000082400000, 0x0000000082400000|100%| O|  |TAMS 0x0000000082300000| PB 0x0000000082300000| Untracked 
|  36|0x0000000082400000, 0x0000000082500000, 0x0000000082500000|100%| O|  |TAMS 0x0000000082400000| PB 0x0000000082400000| Untracked 
|  37|0x0000000082500000, 0x0000000082600000, 0x0000000082600000|100%| O|  |TAMS 0x0000000082500000| PB 0x0000000082500000| Untracked 
|  38|0x0000000082600000, 0x0000000082700000, 0x0000000082700000|100%|HS|  |TAMS 0x0000000082600000| PB 0x0000000082600000| Complete 
|  39|0x0000000082700000, 0x0000000082800000, 0x0000000082800000|100%|HS|  |TAMS 0x0000000082700000| PB 0x0000000082700000| Complete 
|  40|0x0000000082800000, 0x0000000082900000, 0x0000000082900000|100%|HS|  |TAMS 0x0000000082800000| PB 0x0000000082800000| Complete 
|  41|0x0000000082900000, 0x0000000082a00000, 0x0000000082a00000|100%|HC|  |TAMS 0x0000000082900000| PB 0x0000000082900000| Complete 
|  42|0x0000000082a00000, 0x0000000082b00000, 0x0000000082b00000|100%| O|  |TAMS 0x0000000082a00000| PB 0x0000000082a00000| Untracked 
|  43|0x0000000082b00000, 0x0000000082c00000, 0x0000000082c00000|100%| O|  |TAMS 0x0000000082b00000| PB 0x0000000082b00000| Untracked 
|  44|0x0000000082c00000, 0x0000000082d00000, 0x0000000082d00000|100%| O|  |TAMS 0x0000000082c00000| PB 0x0000000082c00000| Untracked 
|  45|0x0000000082d00000, 0x0000000082e00000, 0x0000000082e00000|100%| O|  |TAMS 0x0000000082d00000| PB 0x0000000082d00000| Untracked 
|  46|0x0000000082e00000, 0x0000000082f00000, 0x0000000082f00000|100%|HS|  |TAMS 0x0000000082e00000| PB 0x0000000082e00000| Complete 
|  47|0x0000000082f00000, 0x0000000083000000, 0x0000000083000000|100%|HS|  |TAMS 0x0000000082f00000| PB 0x0000000082f00000| Complete 
|  48|0x0000000083000000, 0x0000000083100000, 0x0000000083100000|100%| O|  |TAMS 0x0000000083000000| PB 0x0000000083000000| Untracked 
|  49|0x0000000083100000, 0x0000000083200000, 0x0000000083200000|100%|HS|  |TAMS 0x0000000083100000| PB 0x0000000083100000| Complete 
|  50|0x0000000083200000, 0x0000000083300000, 0x0000000083300000|100%|HS|  |TAMS 0x0000000083200000| PB 0x0000000083200000| Complete 
|  51|0x0000000083300000, 0x0000000083400000, 0x0000000083400000|100%| O|  |TAMS 0x0000000083300000| PB 0x0000000083300000| Untracked 
|  52|0x0000000083400000, 0x0000000083500000, 0x0000000083500000|100%| O|  |TAMS 0x0000000083400000| PB 0x0000000083400000| Untracked 
|  53|0x0000000083500000, 0x0000000083600000, 0x0000000083600000|100%| O|  |TAMS 0x0000000083500000| PB 0x0000000083500000| Untracked 
|  54|0x0000000083600000, 0x0000000083700000, 0x0000000083700000|100%| O|  |TAMS 0x0000000083600000| PB 0x0000000083600000| Untracked 
|  55|0x0000000083700000, 0x0000000083800000, 0x0000000083800000|100%|HS|  |TAMS 0x0000000083700000| PB 0x0000000083700000| Complete 
|  56|0x0000000083800000, 0x0000000083900000, 0x0000000083900000|100%|HC|  |TAMS 0x0000000083800000| PB 0x0000000083800000| Complete 
|  57|0x0000000083900000, 0x0000000083a00000, 0x0000000083a00000|100%|HS|  |TAMS 0x0000000083900000| PB 0x0000000083900000| Complete 
|  58|0x0000000083a00000, 0x0000000083b00000, 0x0000000083b00000|100%| O|  |TAMS 0x0000000083a00000| PB 0x0000000083a00000| Untracked 
|  59|0x0000000083b00000, 0x0000000083c00000, 0x0000000083c00000|100%| O|  |TAMS 0x0000000083b00000| PB 0x0000000083b00000| Untracked 
|  60|0x0000000083c00000, 0x0000000083d00000, 0x0000000083d00000|100%| O|  |TAMS 0x0000000083c00000| PB 0x0000000083c00000| Untracked 
|  61|0x0000000083d00000, 0x0000000083e00000, 0x0000000083e00000|100%| O|  |TAMS 0x0000000083d00000| PB 0x0000000083d00000| Untracked 
|  62|0x0000000083e00000, 0x0000000083f00000, 0x0000000083f00000|100%| O|  |TAMS 0x0000000083e00000| PB 0x0000000083e00000| Untracked 
|  63|0x0000000083f00000, 0x0000000084000000, 0x0000000084000000|100%| O|  |TAMS 0x0000000083f00000| PB 0x0000000083f00000| Untracked 
|  64|0x0000000084000000, 0x0000000084100000, 0x0000000084100000|100%| O|  |TAMS 0x0000000084000000| PB 0x0000000084000000| Untracked 
|  65|0x0000000084100000, 0x0000000084200000, 0x0000000084200000|100%| O|  |TAMS 0x0000000084100000| PB 0x0000000084100000| Untracked 
|  66|0x0000000084200000, 0x0000000084300000, 0x0000000084300000|100%| O|  |TAMS 0x0000000084200000| PB 0x0000000084200000| Untracked 
|  67|0x0000000084300000, 0x0000000084400000, 0x0000000084400000|100%| O|  |TAMS 0x0000000084300000| PB 0x0000000084300000| Untracked 
|  68|0x0000000084400000, 0x0000000084500000, 0x0000000084500000|100%| O|  |TAMS 0x0000000084400000| PB 0x0000000084400000| Untracked 
|  69|0x0000000084500000, 0x0000000084600000, 0x0000000084600000|100%| O|  |TAMS 0x0000000084500000| PB 0x0000000084500000| Untracked 
|  70|0x0000000084600000, 0x0000000084700000, 0x0000000084700000|100%| O|Cm|TAMS 0x0000000084600000| PB 0x0000000084600000| Complete 
|  71|0x0000000084700000, 0x0000000084800000, 0x0000000084800000|100%| O|  |TAMS 0x0000000084700000| PB 0x0000000084700000| Untracked 
|  72|0x0000000084800000, 0x0000000084900000, 0x0000000084900000|100%| O|  |TAMS 0x0000000084800000| PB 0x0000000084800000| Untracked 
|  73|0x0000000084900000, 0x0000000084a00000, 0x0000000084a00000|100%| O|  |TAMS 0x0000000084900000| PB 0x0000000084900000| Untracked 
|  74|0x0000000084a00000, 0x0000000084b00000, 0x0000000084b00000|100%| O|  |TAMS 0x0000000084a00000| PB 0x0000000084a00000| Untracked 
|  75|0x0000000084b00000, 0x0000000084b00000, 0x0000000084c00000|  0%| F|  |TAMS 0x0000000084b00000| PB 0x0000000084b00000| Untracked 
|  76|0x0000000084c00000, 0x0000000084c00000, 0x0000000084d00000|  0%| F|  |TAMS 0x0000000084c00000| PB 0x0000000084c00000| Untracked 
|  77|0x0000000084d00000, 0x0000000084e00000, 0x0000000084e00000|100%| O|  |TAMS 0x0000000084d00000| PB 0x0000000084d00000| Untracked 
|  78|0x0000000084e00000, 0x0000000084e00000, 0x0000000084f00000|  0%| F|  |TAMS 0x0000000084e00000| PB 0x0000000084e00000| Untracked 
|  79|0x0000000084f00000, 0x0000000085000000, 0x0000000085000000|100%| O|  |TAMS 0x0000000084f00000| PB 0x0000000084f00000| Untracked 
|  80|0x0000000085000000, 0x000000008504dff8, 0x0000000085100000| 30%| O|Cm|TAMS 0x0000000085000000| PB 0x0000000085000000| Complete 
|  81|0x0000000085100000, 0x0000000085200000, 0x0000000085200000|100%| O|  |TAMS 0x0000000085100000| PB 0x0000000085100000| Untracked 
|  82|0x0000000085200000, 0x0000000085200000, 0x0000000085300000|  0%| F|  |TAMS 0x0000000085200000| PB 0x0000000085200000| Untracked 
|  83|0x0000000085300000, 0x0000000085400000, 0x0000000085400000|100%| O|  |TAMS 0x0000000085300000| PB 0x0000000085300000| Untracked 
|  84|0x0000000085400000, 0x0000000085500000, 0x0000000085500000|100%| O|  |TAMS 0x0000000085400000| PB 0x0000000085400000| Untracked 
|  85|0x0000000085500000, 0x0000000085600000, 0x0000000085600000|100%| O|  |TAMS 0x0000000085500000| PB 0x0000000085500000| Untracked 
|  86|0x0000000085600000, 0x0000000085700000, 0x0000000085700000|100%| O|  |TAMS 0x0000000085600000| PB 0x0000000085600000| Untracked 
|  87|0x0000000085700000, 0x0000000085700000, 0x0000000085800000|  0%| F|  |TAMS 0x0000000085700000| PB 0x0000000085700000| Untracked 
|  88|0x0000000085800000, 0x0000000085900000, 0x0000000085900000|100%| O|  |TAMS 0x0000000085800000| PB 0x0000000085800000| Untracked 
|  89|0x0000000085900000, 0x0000000085a00000, 0x0000000085a00000|100%|HS|  |TAMS 0x0000000085900000| PB 0x0000000085900000| Complete 
|  90|0x0000000085a00000, 0x0000000085b00000, 0x0000000085b00000|100%|HC|  |TAMS 0x0000000085a00000| PB 0x0000000085a00000| Complete 
|  91|0x0000000085b00000, 0x0000000085c00000, 0x0000000085c00000|100%|HC|  |TAMS 0x0000000085b00000| PB 0x0000000085b00000| Complete 
|  92|0x0000000085c00000, 0x0000000085c00000, 0x0000000085d00000|  0%| F|  |TAMS 0x0000000085c00000| PB 0x0000000085c00000| Untracked 
|  93|0x0000000085d00000, 0x0000000085d00000, 0x0000000085e00000|  0%| F|  |TAMS 0x0000000085d00000| PB 0x0000000085d00000| Untracked 
|  94|0x0000000085e00000, 0x0000000085e00000, 0x0000000085f00000|  0%| F|  |TAMS 0x0000000085e00000| PB 0x0000000085e00000| Untracked 
|  95|0x0000000085f00000, 0x0000000086000000, 0x0000000086000000|100%| O|Cm|TAMS 0x0000000085f00000| PB 0x0000000085f00000| Complete 
|  96|0x0000000086000000, 0x0000000086000000, 0x0000000086100000|  0%| F|  |TAMS 0x0000000086000000| PB 0x0000000086000000| Untracked 
|  97|0x0000000086100000, 0x0000000086100000, 0x0000000086200000|  0%| F|  |TAMS 0x0000000086100000| PB 0x0000000086100000| Untracked 
|  98|0x0000000086200000, 0x0000000086200000, 0x0000000086300000|  0%| F|  |TAMS 0x0000000086200000| PB 0x0000000086200000| Untracked 
|  99|0x0000000086300000, 0x0000000086400000, 0x0000000086400000|100%| O|  |TAMS 0x0000000086300000| PB 0x0000000086300000| Untracked 
| 100|0x0000000086400000, 0x0000000086500000, 0x0000000086500000|100%| O|  |TAMS 0x0000000086400000| PB 0x0000000086400000| Untracked 
| 101|0x0000000086500000, 0x0000000086600000, 0x0000000086600000|100%| O|  |TAMS 0x0000000086500000| PB 0x0000000086500000| Untracked 
| 102|0x0000000086600000, 0x0000000086700000, 0x0000000086700000|100%| O|  |TAMS 0x0000000086600000| PB 0x0000000086600000| Untracked 
| 103|0x0000000086700000, 0x0000000086800000, 0x0000000086800000|100%| O|  |TAMS 0x0000000086700000| PB 0x0000000086700000| Untracked 
| 104|0x0000000086800000, 0x0000000086900000, 0x0000000086900000|100%| O|  |TAMS 0x0000000086800000| PB 0x0000000086800000| Untracked 
| 105|0x0000000086900000, 0x0000000086900000, 0x0000000086a00000|  0%| F|  |TAMS 0x0000000086900000| PB 0x0000000086900000| Untracked 
| 106|0x0000000086a00000, 0x0000000086a00000, 0x0000000086b00000|  0%| F|  |TAMS 0x0000000086a00000| PB 0x0000000086a00000| Untracked 
| 107|0x0000000086b00000, 0x0000000086b00000, 0x0000000086c00000|  0%| F|  |TAMS 0x0000000086b00000| PB 0x0000000086b00000| Untracked 
| 108|0x0000000086c00000, 0x0000000086c00000, 0x0000000086d00000|  0%| F|  |TAMS 0x0000000086c00000| PB 0x0000000086c00000| Untracked 
| 109|0x0000000086d00000, 0x0000000086d00000, 0x0000000086e00000|  0%| F|  |TAMS 0x0000000086d00000| PB 0x0000000086d00000| Untracked 
| 110|0x0000000086e00000, 0x0000000086e00000, 0x0000000086f00000|  0%| F|  |TAMS 0x0000000086e00000| PB 0x0000000086e00000| Untracked 
| 111|0x0000000086f00000, 0x0000000086f00000, 0x0000000087000000|  0%| F|  |TAMS 0x0000000086f00000| PB 0x0000000086f00000| Untracked 
| 112|0x0000000087000000, 0x0000000087000000, 0x0000000087100000|  0%| F|  |TAMS 0x0000000087000000| PB 0x0000000087000000| Untracked 
| 113|0x0000000087100000, 0x0000000087200000, 0x0000000087200000|100%| O|  |TAMS 0x0000000087100000| PB 0x0000000087100000| Untracked 
| 114|0x0000000087200000, 0x0000000087200000, 0x0000000087300000|  0%| F|  |TAMS 0x0000000087200000| PB 0x0000000087200000| Untracked 
| 115|0x0000000087300000, 0x0000000087400000, 0x0000000087400000|100%| O|  |TAMS 0x0000000087300000| PB 0x0000000087300000| Untracked 
| 116|0x0000000087400000, 0x0000000087400000, 0x0000000087500000|  0%| F|  |TAMS 0x0000000087400000| PB 0x0000000087400000| Untracked 
| 117|0x0000000087500000, 0x0000000087600000, 0x0000000087600000|100%| O|Cm|TAMS 0x0000000087500000| PB 0x0000000087500000| Complete 
| 118|0x0000000087600000, 0x0000000087600000, 0x0000000087700000|  0%| F|  |TAMS 0x0000000087600000| PB 0x0000000087600000| Untracked 
| 119|0x0000000087700000, 0x0000000087800000, 0x0000000087800000|100%| O|  |TAMS 0x0000000087700000| PB 0x0000000087700000| Untracked 
| 120|0x0000000087800000, 0x0000000087800000, 0x0000000087900000|  0%| F|  |TAMS 0x0000000087800000| PB 0x0000000087800000| Untracked 
| 121|0x0000000087900000, 0x0000000087900000, 0x0000000087a00000|  0%| F|  |TAMS 0x0000000087900000| PB 0x0000000087900000| Untracked 
| 122|0x0000000087a00000, 0x0000000087a00000, 0x0000000087b00000|  0%| F|  |TAMS 0x0000000087a00000| PB 0x0000000087a00000| Untracked 
| 123|0x0000000087b00000, 0x0000000087b00000, 0x0000000087c00000|  0%| F|  |TAMS 0x0000000087b00000| PB 0x0000000087b00000| Untracked 
| 124|0x0000000087c00000, 0x0000000087c00000, 0x0000000087d00000|  0%| F|  |TAMS 0x0000000087c00000| PB 0x0000000087c00000| Untracked 
| 125|0x0000000087d00000, 0x0000000087d00000, 0x0000000087e00000|  0%| F|  |TAMS 0x0000000087d00000| PB 0x0000000087d00000| Untracked 
| 126|0x0000000087e00000, 0x0000000087e00000, 0x0000000087f00000|  0%| F|  |TAMS 0x0000000087e00000| PB 0x0000000087e00000| Untracked 
| 127|0x0000000087f00000, 0x0000000087f00000, 0x0000000088000000|  0%| F|  |TAMS 0x0000000087f00000| PB 0x0000000087f00000| Untracked 
| 128|0x0000000088000000, 0x0000000088000000, 0x0000000088100000|  0%| F|  |TAMS 0x0000000088000000| PB 0x0000000088000000| Untracked 
| 129|0x0000000088100000, 0x0000000088100000, 0x0000000088200000|  0%| F|  |TAMS 0x0000000088100000| PB 0x0000000088100000| Untracked 
| 130|0x0000000088200000, 0x0000000088200000, 0x0000000088300000|  0%| F|  |TAMS 0x0000000088200000| PB 0x0000000088200000| Untracked 
| 131|0x0000000088300000, 0x0000000088300000, 0x0000000088400000|  0%| F|  |TAMS 0x0000000088300000| PB 0x0000000088300000| Untracked 
| 132|0x0000000088400000, 0x0000000088400000, 0x0000000088500000|  0%| F|  |TAMS 0x0000000088400000| PB 0x0000000088400000| Untracked 
| 133|0x0000000088500000, 0x0000000088500000, 0x0000000088600000|  0%| F|  |TAMS 0x0000000088500000| PB 0x0000000088500000| Untracked 
| 134|0x0000000088600000, 0x0000000088600000, 0x0000000088700000|  0%| F|  |TAMS 0x0000000088600000| PB 0x0000000088600000| Untracked 
| 135|0x0000000088700000, 0x0000000088700000, 0x0000000088800000|  0%| F|  |TAMS 0x0000000088700000| PB 0x0000000088700000| Untracked 
| 136|0x0000000088800000, 0x0000000088800000, 0x0000000088900000|  0%| F|  |TAMS 0x0000000088800000| PB 0x0000000088800000| Untracked 
| 137|0x0000000088900000, 0x0000000088900000, 0x0000000088a00000|  0%| F|  |TAMS 0x0000000088900000| PB 0x0000000088900000| Untracked 
| 138|0x0000000088a00000, 0x0000000088a00000, 0x0000000088b00000|  0%| F|  |TAMS 0x0000000088a00000| PB 0x0000000088a00000| Untracked 
| 139|0x0000000088b00000, 0x0000000088b00000, 0x0000000088c00000|  0%| F|  |TAMS 0x0000000088b00000| PB 0x0000000088b00000| Untracked 
| 140|0x0000000088c00000, 0x0000000088c00000, 0x0000000088d00000|  0%| F|  |TAMS 0x0000000088c00000| PB 0x0000000088c00000| Untracked 
| 141|0x0000000088d00000, 0x0000000088d00000, 0x0000000088e00000|  0%| F|  |TAMS 0x0000000088d00000| PB 0x0000000088d00000| Untracked 
| 142|0x0000000088e00000, 0x0000000088f00000, 0x0000000088f00000|100%| S|CS|TAMS 0x0000000088e00000| PB 0x0000000088e00000| Complete 
| 143|0x0000000088f00000, 0x0000000089000000, 0x0000000089000000|100%| S|CS|TAMS 0x0000000088f00000| PB 0x0000000088f00000| Complete 
| 144|0x0000000089000000, 0x0000000089100000, 0x0000000089100000|100%| S|CS|TAMS 0x0000000089000000| PB 0x0000000089000000| Complete 
| 145|0x0000000089100000, 0x0000000089200000, 0x0000000089200000|100%| S|CS|TAMS 0x0000000089100000| PB 0x0000000089100000| Complete 
| 146|0x0000000089200000, 0x0000000089300000, 0x0000000089300000|100%| S|CS|TAMS 0x0000000089200000| PB 0x0000000089200000| Complete 
| 147|0x0000000089300000, 0x0000000089400000, 0x0000000089400000|100%| S|CS|TAMS 0x0000000089300000| PB 0x0000000089300000| Complete 
| 148|0x0000000089400000, 0x0000000089500000, 0x0000000089500000|100%| S|CS|TAMS 0x0000000089400000| PB 0x0000000089400000| Complete 
| 149|0x0000000089500000, 0x0000000089600000, 0x0000000089600000|100%| S|CS|TAMS 0x0000000089500000| PB 0x0000000089500000| Complete 
| 150|0x0000000089600000, 0x0000000089600000, 0x0000000089700000|  0%| F|  |TAMS 0x0000000089600000| PB 0x0000000089600000| Untracked 
| 151|0x0000000089700000, 0x0000000089700000, 0x0000000089800000|  0%| F|  |TAMS 0x0000000089700000| PB 0x0000000089700000| Untracked 
| 152|0x0000000089800000, 0x0000000089800000, 0x0000000089900000|  0%| F|  |TAMS 0x0000000089800000| PB 0x0000000089800000| Untracked 
| 153|0x0000000089900000, 0x0000000089900000, 0x0000000089a00000|  0%| F|  |TAMS 0x0000000089900000| PB 0x0000000089900000| Untracked 
| 154|0x0000000089a00000, 0x0000000089a00000, 0x0000000089b00000|  0%| F|  |TAMS 0x0000000089a00000| PB 0x0000000089a00000| Untracked 
| 155|0x0000000089b00000, 0x0000000089b00000, 0x0000000089c00000|  0%| F|  |TAMS 0x0000000089b00000| PB 0x0000000089b00000| Untracked 
| 156|0x0000000089c00000, 0x0000000089c00000, 0x0000000089d00000|  0%| F|  |TAMS 0x0000000089c00000| PB 0x0000000089c00000| Untracked 
| 157|0x0000000089d00000, 0x0000000089d00000, 0x0000000089e00000|  0%| F|  |TAMS 0x0000000089d00000| PB 0x0000000089d00000| Untracked 
| 158|0x0000000089e00000, 0x0000000089f00000, 0x0000000089f00000|100%| S|CS|TAMS 0x0000000089e00000| PB 0x0000000089e00000| Complete 
| 159|0x0000000089f00000, 0x000000008a000000, 0x000000008a000000|100%| S|CS|TAMS 0x0000000089f00000| PB 0x0000000089f00000| Complete 
| 160|0x000000008a000000, 0x000000008a100000, 0x000000008a100000|100%| S|CS|TAMS 0x000000008a000000| PB 0x000000008a000000| Complete 
| 161|0x000000008a100000, 0x000000008a100000, 0x000000008a200000|  0%| F|  |TAMS 0x000000008a100000| PB 0x000000008a100000| Untracked 
| 162|0x000000008a200000, 0x000000008a200000, 0x000000008a300000|  0%| F|  |TAMS 0x000000008a200000| PB 0x000000008a200000| Untracked 
| 163|0x000000008a300000, 0x000000008a300000, 0x000000008a400000|  0%| F|  |TAMS 0x000000008a300000| PB 0x000000008a300000| Untracked 
| 164|0x000000008a400000, 0x000000008a400000, 0x000000008a500000|  0%| F|  |TAMS 0x000000008a400000| PB 0x000000008a400000| Untracked 
| 165|0x000000008a500000, 0x000000008a500000, 0x000000008a600000|  0%| F|  |TAMS 0x000000008a500000| PB 0x000000008a500000| Untracked 
| 166|0x000000008a600000, 0x000000008a600000, 0x000000008a700000|  0%| F|  |TAMS 0x000000008a600000| PB 0x000000008a600000| Untracked 
| 167|0x000000008a700000, 0x000000008a700000, 0x000000008a800000|  0%| F|  |TAMS 0x000000008a700000| PB 0x000000008a700000| Untracked 
| 168|0x000000008a800000, 0x000000008a800000, 0x000000008a900000|  0%| F|  |TAMS 0x000000008a800000| PB 0x000000008a800000| Untracked 
| 169|0x000000008a900000, 0x000000008a900000, 0x000000008aa00000|  0%| F|  |TAMS 0x000000008a900000| PB 0x000000008a900000| Untracked 
| 170|0x000000008aa00000, 0x000000008aa00000, 0x000000008ab00000|  0%| F|  |TAMS 0x000000008aa00000| PB 0x000000008aa00000| Untracked 
| 171|0x000000008ab00000, 0x000000008ab00000, 0x000000008ac00000|  0%| F|  |TAMS 0x000000008ab00000| PB 0x000000008ab00000| Untracked 
| 172|0x000000008ac00000, 0x000000008ac00000, 0x000000008ad00000|  0%| F|  |TAMS 0x000000008ac00000| PB 0x000000008ac00000| Untracked 
| 173|0x000000008ad00000, 0x000000008ad00000, 0x000000008ae00000|  0%| F|  |TAMS 0x000000008ad00000| PB 0x000000008ad00000| Untracked 
| 174|0x000000008ae00000, 0x000000008ae00000, 0x000000008af00000|  0%| F|  |TAMS 0x000000008ae00000| PB 0x000000008ae00000| Untracked 
| 175|0x000000008af00000, 0x000000008af00000, 0x000000008b000000|  0%| F|  |TAMS 0x000000008af00000| PB 0x000000008af00000| Untracked 
| 176|0x000000008b000000, 0x000000008b000000, 0x000000008b100000|  0%| F|  |TAMS 0x000000008b000000| PB 0x000000008b000000| Untracked 
| 177|0x000000008b100000, 0x000000008b100000, 0x000000008b200000|  0%| F|  |TAMS 0x000000008b100000| PB 0x000000008b100000| Untracked 
| 178|0x000000008b200000, 0x000000008b200000, 0x000000008b300000|  0%| F|  |TAMS 0x000000008b200000| PB 0x000000008b200000| Untracked 
| 179|0x000000008b300000, 0x000000008b300000, 0x000000008b400000|  0%| F|  |TAMS 0x000000008b300000| PB 0x000000008b300000| Untracked 
| 180|0x000000008b400000, 0x000000008b400000, 0x000000008b500000|  0%| F|  |TAMS 0x000000008b400000| PB 0x000000008b400000| Untracked 
| 181|0x000000008b500000, 0x000000008b500000, 0x000000008b600000|  0%| F|  |TAMS 0x000000008b500000| PB 0x000000008b500000| Untracked 
| 182|0x000000008b600000, 0x000000008b600000, 0x000000008b700000|  0%| F|  |TAMS 0x000000008b600000| PB 0x000000008b600000| Untracked 
| 183|0x000000008b700000, 0x000000008b700000, 0x000000008b800000|  0%| F|  |TAMS 0x000000008b700000| PB 0x000000008b700000| Untracked 
| 184|0x000000008b800000, 0x000000008b800000, 0x000000008b900000|  0%| F|  |TAMS 0x000000008b800000| PB 0x000000008b800000| Untracked 
| 185|0x000000008b900000, 0x000000008b900000, 0x000000008ba00000|  0%| F|  |TAMS 0x000000008b900000| PB 0x000000008b900000| Untracked 
| 186|0x000000008ba00000, 0x000000008ba00000, 0x000000008bb00000|  0%| F|  |TAMS 0x000000008ba00000| PB 0x000000008ba00000| Untracked 
| 187|0x000000008bb00000, 0x000000008bb00000, 0x000000008bc00000|  0%| F|  |TAMS 0x000000008bb00000| PB 0x000000008bb00000| Untracked 
| 188|0x000000008bc00000, 0x000000008bc00000, 0x000000008bd00000|  0%| F|  |TAMS 0x000000008bc00000| PB 0x000000008bc00000| Untracked 
| 189|0x000000008bd00000, 0x000000008bd00000, 0x000000008be00000|  0%| F|  |TAMS 0x000000008bd00000| PB 0x000000008bd00000| Untracked 
| 190|0x000000008be00000, 0x000000008be00000, 0x000000008bf00000|  0%| F|  |TAMS 0x000000008be00000| PB 0x000000008be00000| Untracked 
| 191|0x000000008bf00000, 0x000000008bf00000, 0x000000008c000000|  0%| F|  |TAMS 0x000000008bf00000| PB 0x000000008bf00000| Untracked 
| 192|0x000000008c000000, 0x000000008c000000, 0x000000008c100000|  0%| F|  |TAMS 0x000000008c000000| PB 0x000000008c000000| Untracked 
| 193|0x000000008c100000, 0x000000008c100000, 0x000000008c200000|  0%| F|  |TAMS 0x000000008c100000| PB 0x000000008c100000| Untracked 
| 194|0x000000008c200000, 0x000000008c200000, 0x000000008c300000|  0%| F|  |TAMS 0x000000008c200000| PB 0x000000008c200000| Untracked 
| 195|0x000000008c300000, 0x000000008c300000, 0x000000008c400000|  0%| F|  |TAMS 0x000000008c300000| PB 0x000000008c300000| Untracked 
| 196|0x000000008c400000, 0x000000008c400000, 0x000000008c500000|  0%| F|  |TAMS 0x000000008c400000| PB 0x000000008c400000| Untracked 
| 197|0x000000008c500000, 0x000000008c500000, 0x000000008c600000|  0%| F|  |TAMS 0x000000008c500000| PB 0x000000008c500000| Untracked 
| 198|0x000000008c600000, 0x000000008c600000, 0x000000008c700000|  0%| F|  |TAMS 0x000000008c600000| PB 0x000000008c600000| Untracked 
| 199|0x000000008c700000, 0x000000008c700000, 0x000000008c800000|  0%| F|  |TAMS 0x000000008c700000| PB 0x000000008c700000| Untracked 
| 200|0x000000008c800000, 0x000000008c800000, 0x000000008c900000|  0%| F|  |TAMS 0x000000008c800000| PB 0x000000008c800000| Untracked 
| 201|0x000000008c900000, 0x000000008c900000, 0x000000008ca00000|  0%| F|  |TAMS 0x000000008c900000| PB 0x000000008c900000| Untracked 
| 202|0x000000008ca00000, 0x000000008ca00000, 0x000000008cb00000|  0%| F|  |TAMS 0x000000008ca00000| PB 0x000000008ca00000| Untracked 
| 203|0x000000008cb00000, 0x000000008cb00000, 0x000000008cc00000|  0%| F|  |TAMS 0x000000008cb00000| PB 0x000000008cb00000| Untracked 
| 204|0x000000008cc00000, 0x000000008cc00000, 0x000000008cd00000|  0%| F|  |TAMS 0x000000008cc00000| PB 0x000000008cc00000| Untracked 
| 205|0x000000008cd00000, 0x000000008cd00000, 0x000000008ce00000|  0%| F|  |TAMS 0x000000008cd00000| PB 0x000000008cd00000| Untracked 
| 206|0x000000008ce00000, 0x000000008ce00000, 0x000000008cf00000|  0%| F|  |TAMS 0x000000008ce00000| PB 0x000000008ce00000| Untracked 
| 207|0x000000008cf00000, 0x000000008cf00000, 0x000000008d000000|  0%| F|  |TAMS 0x000000008cf00000| PB 0x000000008cf00000| Untracked 
| 208|0x000000008d000000, 0x000000008d000000, 0x000000008d100000|  0%| F|  |TAMS 0x000000008d000000| PB 0x000000008d000000| Untracked 
| 209|0x000000008d100000, 0x000000008d100000, 0x000000008d200000|  0%| F|  |TAMS 0x000000008d100000| PB 0x000000008d100000| Untracked 
| 210|0x000000008d200000, 0x000000008d200000, 0x000000008d300000|  0%| F|  |TAMS 0x000000008d200000| PB 0x000000008d200000| Untracked 
| 211|0x000000008d300000, 0x000000008d300000, 0x000000008d400000|  0%| F|  |TAMS 0x000000008d300000| PB 0x000000008d300000| Untracked 
| 212|0x000000008d400000, 0x000000008d400000, 0x000000008d500000|  0%| F|  |TAMS 0x000000008d400000| PB 0x000000008d400000| Untracked 
| 213|0x000000008d500000, 0x000000008d500000, 0x000000008d600000|  0%| F|  |TAMS 0x000000008d500000| PB 0x000000008d500000| Untracked 
| 214|0x000000008d600000, 0x000000008d600000, 0x000000008d700000|  0%| F|  |TAMS 0x000000008d600000| PB 0x000000008d600000| Untracked 
| 215|0x000000008d700000, 0x000000008d700000, 0x000000008d800000|  0%| F|  |TAMS 0x000000008d700000| PB 0x000000008d700000| Untracked 
| 216|0x000000008d800000, 0x000000008d800000, 0x000000008d900000|  0%| F|  |TAMS 0x000000008d800000| PB 0x000000008d800000| Untracked 
| 217|0x000000008d900000, 0x000000008d900000, 0x000000008da00000|  0%| F|  |TAMS 0x000000008d900000| PB 0x000000008d900000| Untracked 
| 218|0x000000008da00000, 0x000000008da00000, 0x000000008db00000|  0%| F|  |TAMS 0x000000008da00000| PB 0x000000008da00000| Untracked 
| 219|0x000000008db00000, 0x000000008db00000, 0x000000008dc00000|  0%| F|  |TAMS 0x000000008db00000| PB 0x000000008db00000| Untracked 
| 220|0x000000008dc00000, 0x000000008dc00000, 0x000000008dd00000|  0%| F|  |TAMS 0x000000008dc00000| PB 0x000000008dc00000| Untracked 
| 221|0x000000008dd00000, 0x000000008dd00000, 0x000000008de00000|  0%| F|  |TAMS 0x000000008dd00000| PB 0x000000008dd00000| Untracked 
| 222|0x000000008de00000, 0x000000008de00000, 0x000000008df00000|  0%| F|  |TAMS 0x000000008de00000| PB 0x000000008de00000| Untracked 
| 223|0x000000008df00000, 0x000000008df00000, 0x000000008e000000|  0%| F|  |TAMS 0x000000008df00000| PB 0x000000008df00000| Untracked 
| 224|0x000000008e000000, 0x000000008e000000, 0x000000008e100000|  0%| F|  |TAMS 0x000000008e000000| PB 0x000000008e000000| Untracked 
| 225|0x000000008e100000, 0x000000008e100000, 0x000000008e200000|  0%| F|  |TAMS 0x000000008e100000| PB 0x000000008e100000| Untracked 
| 226|0x000000008e200000, 0x000000008e200000, 0x000000008e300000|  0%| F|  |TAMS 0x000000008e200000| PB 0x000000008e200000| Untracked 
| 227|0x000000008e300000, 0x000000008e300000, 0x000000008e400000|  0%| F|  |TAMS 0x000000008e300000| PB 0x000000008e300000| Untracked 
| 228|0x000000008e400000, 0x000000008e400000, 0x000000008e500000|  0%| F|  |TAMS 0x000000008e400000| PB 0x000000008e400000| Untracked 
| 229|0x000000008e500000, 0x000000008e500000, 0x000000008e600000|  0%| F|  |TAMS 0x000000008e500000| PB 0x000000008e500000| Untracked 
| 230|0x000000008e600000, 0x000000008e600000, 0x000000008e700000|  0%| F|  |TAMS 0x000000008e600000| PB 0x000000008e600000| Untracked 
| 231|0x000000008e700000, 0x000000008e700000, 0x000000008e800000|  0%| F|  |TAMS 0x000000008e700000| PB 0x000000008e700000| Untracked 
| 232|0x000000008e800000, 0x000000008e800000, 0x000000008e900000|  0%| F|  |TAMS 0x000000008e800000| PB 0x000000008e800000| Untracked 
| 233|0x000000008e900000, 0x000000008e900000, 0x000000008ea00000|  0%| F|  |TAMS 0x000000008e900000| PB 0x000000008e900000| Untracked 
| 234|0x000000008ea00000, 0x000000008ea00000, 0x000000008eb00000|  0%| F|  |TAMS 0x000000008ea00000| PB 0x000000008ea00000| Untracked 
| 235|0x000000008eb00000, 0x000000008eb00000, 0x000000008ec00000|  0%| F|  |TAMS 0x000000008eb00000| PB 0x000000008eb00000| Untracked 
| 236|0x000000008ec00000, 0x000000008ec00000, 0x000000008ed00000|  0%| F|  |TAMS 0x000000008ec00000| PB 0x000000008ec00000| Untracked 
| 237|0x000000008ed00000, 0x000000008ed00000, 0x000000008ee00000|  0%| F|  |TAMS 0x000000008ed00000| PB 0x000000008ed00000| Untracked 
| 238|0x000000008ee00000, 0x000000008ee00000, 0x000000008ef00000|  0%| F|  |TAMS 0x000000008ee00000| PB 0x000000008ee00000| Untracked 
| 239|0x000000008ef00000, 0x000000008ef00000, 0x000000008f000000|  0%| F|  |TAMS 0x000000008ef00000| PB 0x000000008ef00000| Untracked 
| 240|0x000000008f000000, 0x000000008f000000, 0x000000008f100000|  0%| F|  |TAMS 0x000000008f000000| PB 0x000000008f000000| Untracked 
| 241|0x000000008f100000, 0x000000008f100000, 0x000000008f200000|  0%| F|  |TAMS 0x000000008f100000| PB 0x000000008f100000| Untracked 
| 242|0x000000008f200000, 0x000000008f200000, 0x000000008f300000|  0%| F|  |TAMS 0x000000008f200000| PB 0x000000008f200000| Untracked 
| 243|0x000000008f300000, 0x000000008f300000, 0x000000008f400000|  0%| F|  |TAMS 0x000000008f300000| PB 0x000000008f300000| Untracked 
| 244|0x000000008f400000, 0x000000008f400000, 0x000000008f500000|  0%| F|  |TAMS 0x000000008f400000| PB 0x000000008f400000| Untracked 
| 245|0x000000008f500000, 0x000000008f500000, 0x000000008f600000|  0%| F|  |TAMS 0x000000008f500000| PB 0x000000008f500000| Untracked 
| 246|0x000000008f600000, 0x000000008f600000, 0x000000008f700000|  0%| F|  |TAMS 0x000000008f600000| PB 0x000000008f600000| Untracked 
| 247|0x000000008f700000, 0x000000008f700000, 0x000000008f800000|  0%| F|  |TAMS 0x000000008f700000| PB 0x000000008f700000| Untracked 
| 248|0x000000008f800000, 0x000000008f800000, 0x000000008f900000|  0%| F|  |TAMS 0x000000008f800000| PB 0x000000008f800000| Untracked 
| 249|0x000000008f900000, 0x000000008f900000, 0x000000008fa00000|  0%| F|  |TAMS 0x000000008f900000| PB 0x000000008f900000| Untracked 
| 250|0x000000008fa00000, 0x000000008fa00000, 0x000000008fb00000|  0%| F|  |TAMS 0x000000008fa00000| PB 0x000000008fa00000| Untracked 
| 251|0x000000008fb00000, 0x000000008fb00000, 0x000000008fc00000|  0%| F|  |TAMS 0x000000008fb00000| PB 0x000000008fb00000| Untracked 
| 252|0x000000008fc00000, 0x000000008fc00000, 0x000000008fd00000|  0%| F|  |TAMS 0x000000008fc00000| PB 0x000000008fc00000| Untracked 
| 253|0x000000008fd00000, 0x000000008fd00000, 0x000000008fe00000|  0%| F|  |TAMS 0x000000008fd00000| PB 0x000000008fd00000| Untracked 
| 254|0x000000008fe00000, 0x000000008fe00000, 0x000000008ff00000|  0%| F|  |TAMS 0x000000008fe00000| PB 0x000000008fe00000| Untracked 
| 255|0x000000008ff00000, 0x000000008ff00000, 0x0000000090000000|  0%| F|  |TAMS 0x000000008ff00000| PB 0x000000008ff00000| Untracked 
| 256|0x0000000090000000, 0x0000000090000000, 0x0000000090100000|  0%| F|  |TAMS 0x0000000090000000| PB 0x0000000090000000| Untracked 
| 257|0x0000000090100000, 0x0000000090100000, 0x0000000090200000|  0%| F|  |TAMS 0x0000000090100000| PB 0x0000000090100000| Untracked 
| 258|0x0000000090200000, 0x0000000090200000, 0x0000000090300000|  0%| F|  |TAMS 0x0000000090200000| PB 0x0000000090200000| Untracked 
| 259|0x0000000090300000, 0x0000000090300000, 0x0000000090400000|  0%| F|  |TAMS 0x0000000090300000| PB 0x0000000090300000| Untracked 
| 260|0x0000000090400000, 0x0000000090400000, 0x0000000090500000|  0%| F|  |TAMS 0x0000000090400000| PB 0x0000000090400000| Untracked 
| 261|0x0000000090500000, 0x0000000090500000, 0x0000000090600000|  0%| F|  |TAMS 0x0000000090500000| PB 0x0000000090500000| Untracked 
| 262|0x0000000090600000, 0x0000000090600000, 0x0000000090700000|  0%| F|  |TAMS 0x0000000090600000| PB 0x0000000090600000| Untracked 
| 263|0x0000000090700000, 0x0000000090700000, 0x0000000090800000|  0%| F|  |TAMS 0x0000000090700000| PB 0x0000000090700000| Untracked 
| 264|0x0000000090800000, 0x0000000090800000, 0x0000000090900000|  0%| F|  |TAMS 0x0000000090800000| PB 0x0000000090800000| Untracked 
| 265|0x0000000090900000, 0x0000000090900000, 0x0000000090a00000|  0%| F|  |TAMS 0x0000000090900000| PB 0x0000000090900000| Untracked 
| 266|0x0000000090a00000, 0x0000000090a00000, 0x0000000090b00000|  0%| F|  |TAMS 0x0000000090a00000| PB 0x0000000090a00000| Untracked 
| 267|0x0000000090b00000, 0x0000000090b00000, 0x0000000090c00000|  0%| F|  |TAMS 0x0000000090b00000| PB 0x0000000090b00000| Untracked 
| 268|0x0000000090c00000, 0x0000000090c00000, 0x0000000090d00000|  0%| F|  |TAMS 0x0000000090c00000| PB 0x0000000090c00000| Untracked 
| 269|0x0000000090d00000, 0x0000000090d00000, 0x0000000090e00000|  0%| F|  |TAMS 0x0000000090d00000| PB 0x0000000090d00000| Untracked 
| 270|0x0000000090e00000, 0x0000000090e00000, 0x0000000090f00000|  0%| F|  |TAMS 0x0000000090e00000| PB 0x0000000090e00000| Untracked 
| 271|0x0000000090f00000, 0x0000000090f00000, 0x0000000091000000|  0%| F|  |TAMS 0x0000000090f00000| PB 0x0000000090f00000| Untracked 
| 272|0x0000000091000000, 0x0000000091000000, 0x0000000091100000|  0%| F|  |TAMS 0x0000000091000000| PB 0x0000000091000000| Untracked 
| 273|0x0000000091100000, 0x0000000091100000, 0x0000000091200000|  0%| F|  |TAMS 0x0000000091100000| PB 0x0000000091100000| Untracked 
| 274|0x0000000091200000, 0x0000000091200000, 0x0000000091300000|  0%| F|  |TAMS 0x0000000091200000| PB 0x0000000091200000| Untracked 
| 275|0x0000000091300000, 0x0000000091300000, 0x0000000091400000|  0%| F|  |TAMS 0x0000000091300000| PB 0x0000000091300000| Untracked 
| 276|0x0000000091400000, 0x0000000091400000, 0x0000000091500000|  0%| F|  |TAMS 0x0000000091400000| PB 0x0000000091400000| Untracked 
| 277|0x0000000091500000, 0x0000000091500000, 0x0000000091600000|  0%| F|  |TAMS 0x0000000091500000| PB 0x0000000091500000| Untracked 
| 278|0x0000000091600000, 0x0000000091600000, 0x0000000091700000|  0%| F|  |TAMS 0x0000000091600000| PB 0x0000000091600000| Untracked 
| 279|0x0000000091700000, 0x0000000091700000, 0x0000000091800000|  0%| F|  |TAMS 0x0000000091700000| PB 0x0000000091700000| Untracked 
| 280|0x0000000091800000, 0x0000000091800000, 0x0000000091900000|  0%| F|  |TAMS 0x0000000091800000| PB 0x0000000091800000| Untracked 
| 281|0x0000000091900000, 0x0000000091900000, 0x0000000091a00000|  0%| F|  |TAMS 0x0000000091900000| PB 0x0000000091900000| Untracked 
| 282|0x0000000091a00000, 0x0000000091a00000, 0x0000000091b00000|  0%| F|  |TAMS 0x0000000091a00000| PB 0x0000000091a00000| Untracked 
| 283|0x0000000091b00000, 0x0000000091b00000, 0x0000000091c00000|  0%| F|  |TAMS 0x0000000091b00000| PB 0x0000000091b00000| Untracked 
| 284|0x0000000091c00000, 0x0000000091c00000, 0x0000000091d00000|  0%| F|  |TAMS 0x0000000091c00000| PB 0x0000000091c00000| Untracked 
| 285|0x0000000091d00000, 0x0000000091d00000, 0x0000000091e00000|  0%| F|  |TAMS 0x0000000091d00000| PB 0x0000000091d00000| Untracked 
| 286|0x0000000091e00000, 0x0000000091e00000, 0x0000000091f00000|  0%| F|  |TAMS 0x0000000091e00000| PB 0x0000000091e00000| Untracked 
| 287|0x0000000091f00000, 0x0000000091f00000, 0x0000000092000000|  0%| F|  |TAMS 0x0000000091f00000| PB 0x0000000091f00000| Untracked 
| 288|0x0000000092000000, 0x0000000092000000, 0x0000000092100000|  0%| F|  |TAMS 0x0000000092000000| PB 0x0000000092000000| Untracked 
| 289|0x0000000092100000, 0x0000000092100000, 0x0000000092200000|  0%| F|  |TAMS 0x0000000092100000| PB 0x0000000092100000| Untracked 
| 290|0x0000000092200000, 0x0000000092200000, 0x0000000092300000|  0%| F|  |TAMS 0x0000000092200000| PB 0x0000000092200000| Untracked 
| 291|0x0000000092300000, 0x0000000092300000, 0x0000000092400000|  0%| F|  |TAMS 0x0000000092300000| PB 0x0000000092300000| Untracked 
| 292|0x0000000092400000, 0x0000000092400000, 0x0000000092500000|  0%| F|  |TAMS 0x0000000092400000| PB 0x0000000092400000| Untracked 
| 293|0x0000000092500000, 0x0000000092500000, 0x0000000092600000|  0%| F|  |TAMS 0x0000000092500000| PB 0x0000000092500000| Untracked 
| 294|0x0000000092600000, 0x0000000092600000, 0x0000000092700000|  0%| F|  |TAMS 0x0000000092600000| PB 0x0000000092600000| Untracked 
| 295|0x0000000092700000, 0x0000000092700000, 0x0000000092800000|  0%| F|  |TAMS 0x0000000092700000| PB 0x0000000092700000| Untracked 
| 296|0x0000000092800000, 0x0000000092800000, 0x0000000092900000|  0%| F|  |TAMS 0x0000000092800000| PB 0x0000000092800000| Untracked 
| 297|0x0000000092900000, 0x0000000092900000, 0x0000000092a00000|  0%| F|  |TAMS 0x0000000092900000| PB 0x0000000092900000| Untracked 
| 298|0x0000000092a00000, 0x0000000092a00000, 0x0000000092b00000|  0%| F|  |TAMS 0x0000000092a00000| PB 0x0000000092a00000| Untracked 
| 299|0x0000000092b00000, 0x0000000092b00000, 0x0000000092c00000|  0%| F|  |TAMS 0x0000000092b00000| PB 0x0000000092b00000| Untracked 
| 300|0x0000000092c00000, 0x0000000092c00000, 0x0000000092d00000|  0%| F|  |TAMS 0x0000000092c00000| PB 0x0000000092c00000| Untracked 
| 301|0x0000000092d00000, 0x0000000092d00000, 0x0000000092e00000|  0%| F|  |TAMS 0x0000000092d00000| PB 0x0000000092d00000| Untracked 
| 302|0x0000000092e00000, 0x0000000092e00000, 0x0000000092f00000|  0%| F|  |TAMS 0x0000000092e00000| PB 0x0000000092e00000| Untracked 
| 303|0x0000000092f00000, 0x0000000092f00000, 0x0000000093000000|  0%| F|  |TAMS 0x0000000092f00000| PB 0x0000000092f00000| Untracked 
| 304|0x0000000093000000, 0x0000000093000000, 0x0000000093100000|  0%| F|  |TAMS 0x0000000093000000| PB 0x0000000093000000| Untracked 
| 305|0x0000000093100000, 0x0000000093100000, 0x0000000093200000|  0%| F|  |TAMS 0x0000000093100000| PB 0x0000000093100000| Untracked 
| 306|0x0000000093200000, 0x0000000093200000, 0x0000000093300000|  0%| F|  |TAMS 0x0000000093200000| PB 0x0000000093200000| Untracked 
| 307|0x0000000093300000, 0x0000000093300000, 0x0000000093400000|  0%| F|  |TAMS 0x0000000093300000| PB 0x0000000093300000| Untracked 
| 308|0x0000000093400000, 0x0000000093400000, 0x0000000093500000|  0%| F|  |TAMS 0x0000000093400000| PB 0x0000000093400000| Untracked 
| 309|0x0000000093500000, 0x0000000093500000, 0x0000000093600000|  0%| F|  |TAMS 0x0000000093500000| PB 0x0000000093500000| Untracked 
| 310|0x0000000093600000, 0x0000000093600000, 0x0000000093700000|  0%| F|  |TAMS 0x0000000093600000| PB 0x0000000093600000| Untracked 
| 311|0x0000000093700000, 0x0000000093700000, 0x0000000093800000|  0%| F|  |TAMS 0x0000000093700000| PB 0x0000000093700000| Untracked 
| 312|0x0000000093800000, 0x0000000093800000, 0x0000000093900000|  0%| F|  |TAMS 0x0000000093800000| PB 0x0000000093800000| Untracked 
| 313|0x0000000093900000, 0x0000000093900000, 0x0000000093a00000|  0%| F|  |TAMS 0x0000000093900000| PB 0x0000000093900000| Untracked 
| 314|0x0000000093a00000, 0x0000000093a00000, 0x0000000093b00000|  0%| F|  |TAMS 0x0000000093a00000| PB 0x0000000093a00000| Untracked 
| 315|0x0000000093b00000, 0x0000000093b00000, 0x0000000093c00000|  0%| F|  |TAMS 0x0000000093b00000| PB 0x0000000093b00000| Untracked 
| 316|0x0000000093c00000, 0x0000000093c00000, 0x0000000093d00000|  0%| F|  |TAMS 0x0000000093c00000| PB 0x0000000093c00000| Untracked 
| 317|0x0000000093d00000, 0x0000000093d00000, 0x0000000093e00000|  0%| F|  |TAMS 0x0000000093d00000| PB 0x0000000093d00000| Untracked 
| 318|0x0000000093e00000, 0x0000000093e00000, 0x0000000093f00000|  0%| F|  |TAMS 0x0000000093e00000| PB 0x0000000093e00000| Untracked 
| 319|0x0000000093f00000, 0x0000000093f00000, 0x0000000094000000|  0%| F|  |TAMS 0x0000000093f00000| PB 0x0000000093f00000| Untracked 
| 320|0x0000000094000000, 0x0000000094000000, 0x0000000094100000|  0%| F|  |TAMS 0x0000000094000000| PB 0x0000000094000000| Untracked 
| 321|0x0000000094100000, 0x0000000094100000, 0x0000000094200000|  0%| F|  |TAMS 0x0000000094100000| PB 0x0000000094100000| Untracked 
| 322|0x0000000094200000, 0x0000000094200000, 0x0000000094300000|  0%| F|  |TAMS 0x0000000094200000| PB 0x0000000094200000| Untracked 
| 323|0x0000000094300000, 0x0000000094300000, 0x0000000094400000|  0%| F|  |TAMS 0x0000000094300000| PB 0x0000000094300000| Untracked 
| 324|0x0000000094400000, 0x0000000094400000, 0x0000000094500000|  0%| F|  |TAMS 0x0000000094400000| PB 0x0000000094400000| Untracked 
| 325|0x0000000094500000, 0x0000000094500000, 0x0000000094600000|  0%| F|  |TAMS 0x0000000094500000| PB 0x0000000094500000| Untracked 
| 326|0x0000000094600000, 0x0000000094600000, 0x0000000094700000|  0%| F|  |TAMS 0x0000000094600000| PB 0x0000000094600000| Untracked 
| 327|0x0000000094700000, 0x0000000094700000, 0x0000000094800000|  0%| F|  |TAMS 0x0000000094700000| PB 0x0000000094700000| Untracked 
| 328|0x0000000094800000, 0x0000000094800000, 0x0000000094900000|  0%| F|  |TAMS 0x0000000094800000| PB 0x0000000094800000| Untracked 
| 329|0x0000000094900000, 0x0000000094900000, 0x0000000094a00000|  0%| F|  |TAMS 0x0000000094900000| PB 0x0000000094900000| Untracked 
| 330|0x0000000094a00000, 0x0000000094a00000, 0x0000000094b00000|  0%| F|  |TAMS 0x0000000094a00000| PB 0x0000000094a00000| Untracked 
| 331|0x0000000094b00000, 0x0000000094b00000, 0x0000000094c00000|  0%| F|  |TAMS 0x0000000094b00000| PB 0x0000000094b00000| Untracked 
| 332|0x0000000094c00000, 0x0000000094c00000, 0x0000000094d00000|  0%| F|  |TAMS 0x0000000094c00000| PB 0x0000000094c00000| Untracked 
| 333|0x0000000094d00000, 0x0000000094d00000, 0x0000000094e00000|  0%| F|  |TAMS 0x0000000094d00000| PB 0x0000000094d00000| Untracked 
| 334|0x0000000094e00000, 0x0000000094e00000, 0x0000000094f00000|  0%| F|  |TAMS 0x0000000094e00000| PB 0x0000000094e00000| Untracked 
| 335|0x0000000094f00000, 0x0000000094f00000, 0x0000000095000000|  0%| F|  |TAMS 0x0000000094f00000| PB 0x0000000094f00000| Untracked 
| 336|0x0000000095000000, 0x0000000095000000, 0x0000000095100000|  0%| F|  |TAMS 0x0000000095000000| PB 0x0000000095000000| Untracked 
| 337|0x0000000095100000, 0x0000000095100000, 0x0000000095200000|  0%| F|  |TAMS 0x0000000095100000| PB 0x0000000095100000| Untracked 
| 338|0x0000000095200000, 0x0000000095200000, 0x0000000095300000|  0%| F|  |TAMS 0x0000000095200000| PB 0x0000000095200000| Untracked 
| 339|0x0000000095300000, 0x0000000095300000, 0x0000000095400000|  0%| F|  |TAMS 0x0000000095300000| PB 0x0000000095300000| Untracked 
| 340|0x0000000095400000, 0x0000000095400000, 0x0000000095500000|  0%| F|  |TAMS 0x0000000095400000| PB 0x0000000095400000| Untracked 
| 341|0x0000000095500000, 0x0000000095500000, 0x0000000095600000|  0%| F|  |TAMS 0x0000000095500000| PB 0x0000000095500000| Untracked 
| 342|0x0000000095600000, 0x0000000095600000, 0x0000000095700000|  0%| F|  |TAMS 0x0000000095600000| PB 0x0000000095600000| Untracked 
| 343|0x0000000095700000, 0x0000000095700000, 0x0000000095800000|  0%| F|  |TAMS 0x0000000095700000| PB 0x0000000095700000| Untracked 
| 344|0x0000000095800000, 0x0000000095800000, 0x0000000095900000|  0%| F|  |TAMS 0x0000000095800000| PB 0x0000000095800000| Untracked 
| 345|0x0000000095900000, 0x0000000095900000, 0x0000000095a00000|  0%| F|  |TAMS 0x0000000095900000| PB 0x0000000095900000| Untracked 
| 346|0x0000000095a00000, 0x0000000095a00000, 0x0000000095b00000|  0%| F|  |TAMS 0x0000000095a00000| PB 0x0000000095a00000| Untracked 
| 347|0x0000000095b00000, 0x0000000095b00000, 0x0000000095c00000|  0%| F|  |TAMS 0x0000000095b00000| PB 0x0000000095b00000| Untracked 
| 348|0x0000000095c00000, 0x0000000095c00000, 0x0000000095d00000|  0%| F|  |TAMS 0x0000000095c00000| PB 0x0000000095c00000| Untracked 
| 349|0x0000000095d00000, 0x0000000095d00000, 0x0000000095e00000|  0%| F|  |TAMS 0x0000000095d00000| PB 0x0000000095d00000| Untracked 
| 350|0x0000000095e00000, 0x0000000095e00000, 0x0000000095f00000|  0%| F|  |TAMS 0x0000000095e00000| PB 0x0000000095e00000| Untracked 
| 351|0x0000000095f00000, 0x0000000095f00000, 0x0000000096000000|  0%| F|  |TAMS 0x0000000095f00000| PB 0x0000000095f00000| Untracked 
| 352|0x0000000096000000, 0x0000000096000000, 0x0000000096100000|  0%| F|  |TAMS 0x0000000096000000| PB 0x0000000096000000| Untracked 
| 353|0x0000000096100000, 0x0000000096100000, 0x0000000096200000|  0%| F|  |TAMS 0x0000000096100000| PB 0x0000000096100000| Untracked 
| 354|0x0000000096200000, 0x0000000096200000, 0x0000000096300000|  0%| F|  |TAMS 0x0000000096200000| PB 0x0000000096200000| Untracked 
| 355|0x0000000096300000, 0x0000000096300000, 0x0000000096400000|  0%| F|  |TAMS 0x0000000096300000| PB 0x0000000096300000| Untracked 
| 356|0x0000000096400000, 0x0000000096400000, 0x0000000096500000|  0%| F|  |TAMS 0x0000000096400000| PB 0x0000000096400000| Untracked 
| 357|0x0000000096500000, 0x0000000096500000, 0x0000000096600000|  0%| F|  |TAMS 0x0000000096500000| PB 0x0000000096500000| Untracked 
| 358|0x0000000096600000, 0x0000000096600000, 0x0000000096700000|  0%| F|  |TAMS 0x0000000096600000| PB 0x0000000096600000| Untracked 
|2013|0x00000000fdd00000, 0x00000000fde00000, 0x00000000fde00000|100%| O|  |TAMS 0x00000000fdd00000| PB 0x00000000fdd00000| Untracked 
|2014|0x00000000fde00000, 0x00000000fde00000, 0x00000000fdf00000|  0%| F|  |TAMS 0x00000000fde00000| PB 0x00000000fde00000| Untracked 
|2015|0x00000000fdf00000, 0x00000000fdf00000, 0x00000000fe000000|  0%| F|  |TAMS 0x00000000fdf00000| PB 0x00000000fdf00000| Untracked 
|2016|0x00000000fe000000, 0x00000000fe000000, 0x00000000fe100000|  0%| F|  |TAMS 0x00000000fe000000| PB 0x00000000fe000000| Untracked 
|2017|0x00000000fe100000, 0x00000000fe100000, 0x00000000fe200000|  0%| F|  |TAMS 0x00000000fe100000| PB 0x00000000fe100000| Untracked 
|2018|0x00000000fe200000, 0x00000000fe200000, 0x00000000fe300000|  0%| F|  |TAMS 0x00000000fe200000| PB 0x00000000fe200000| Untracked 
|2019|0x00000000fe300000, 0x00000000fe300000, 0x00000000fe400000|  0%| F|  |TAMS 0x00000000fe300000| PB 0x00000000fe300000| Untracked 
|2020|0x00000000fe400000, 0x00000000fe400000, 0x00000000fe500000|  0%| F|  |TAMS 0x00000000fe400000| PB 0x00000000fe400000| Untracked 
|2021|0x00000000fe500000, 0x00000000fe500000, 0x00000000fe600000|  0%| F|  |TAMS 0x00000000fe500000| PB 0x00000000fe500000| Untracked 
|2022|0x00000000fe600000, 0x00000000fe600000, 0x00000000fe700000|  0%| F|  |TAMS 0x00000000fe600000| PB 0x00000000fe600000| Untracked 
|2023|0x00000000fe700000, 0x00000000fe700000, 0x00000000fe800000|  0%| F|  |TAMS 0x00000000fe700000| PB 0x00000000fe700000| Untracked 
|2024|0x00000000fe800000, 0x00000000fe800000, 0x00000000fe900000|  0%| F|  |TAMS 0x00000000fe800000| PB 0x00000000fe800000| Untracked 
|2025|0x00000000fe900000, 0x00000000fe900000, 0x00000000fea00000|  0%| F|  |TAMS 0x00000000fe900000| PB 0x00000000fe900000| Untracked 
|2026|0x00000000fea00000, 0x00000000fea00000, 0x00000000feb00000|  0%| F|  |TAMS 0x00000000fea00000| PB 0x00000000fea00000| Untracked 
|2027|0x00000000feb00000, 0x00000000feb00000, 0x00000000fec00000|  0%| F|  |TAMS 0x00000000feb00000| PB 0x00000000feb00000| Untracked 
|2028|0x00000000fec00000, 0x00000000fec00000, 0x00000000fed00000|  0%| F|  |TAMS 0x00000000fec00000| PB 0x00000000fec00000| Untracked 
|2029|0x00000000fed00000, 0x00000000fed6e798, 0x00000000fee00000| 43%| E|  |TAMS 0x00000000fed00000| PB 0x00000000fed00000| Complete 
|2030|0x00000000fee00000, 0x00000000fef00000, 0x00000000fef00000|100%| E|CS|TAMS 0x00000000fee00000| PB 0x00000000fee00000| Complete 
|2031|0x00000000fef00000, 0x00000000ff000000, 0x00000000ff000000|100%| E|CS|TAMS 0x00000000fef00000| PB 0x00000000fef00000| Complete 
|2032|0x00000000ff000000, 0x00000000ff100000, 0x00000000ff100000|100%| E|CS|TAMS 0x00000000ff000000| PB 0x00000000ff000000| Complete 
|2033|0x00000000ff100000, 0x00000000ff200000, 0x00000000ff200000|100%| E|CS|TAMS 0x00000000ff100000| PB 0x00000000ff100000| Complete 
|2034|0x00000000ff200000, 0x00000000ff300000, 0x00000000ff300000|100%| E|CS|TAMS 0x00000000ff200000| PB 0x00000000ff200000| Complete 
|2035|0x00000000ff300000, 0x00000000ff400000, 0x00000000ff400000|100%| O|  |TAMS 0x00000000ff300000| PB 0x00000000ff300000| Untracked 
|2036|0x00000000ff400000, 0x00000000ff500000, 0x00000000ff500000|100%| O|  |TAMS 0x00000000ff400000| PB 0x00000000ff400000| Untracked 
|2037|0x00000000ff500000, 0x00000000ff600000, 0x00000000ff600000|100%| O|  |TAMS 0x00000000ff500000| PB 0x00000000ff500000| Untracked 
|2038|0x00000000ff600000, 0x00000000ff700000, 0x00000000ff700000|100%| E|CS|TAMS 0x00000000ff600000| PB 0x00000000ff600000| Complete 
|2043|0x00000000ffb00000, 0x00000000ffc00000, 0x00000000ffc00000|100%| O|  |TAMS 0x00000000ffb00000| PB 0x00000000ffb00000| Untracked 
|2044|0x00000000ffc00000, 0x00000000ffd00000, 0x00000000ffd00000|100%| O|  |TAMS 0x00000000ffc00000| PB 0x00000000ffc00000| Untracked 
|2045|0x00000000ffd00000, 0x00000000ffe00000, 0x00000000ffe00000|100%| O|  |TAMS 0x00000000ffd00000| PB 0x00000000ffd00000| Untracked 
|2046|0x00000000ffe00000, 0x00000000fff00000, 0x00000000fff00000|100%| O|  |TAMS 0x00000000ffe00000| PB 0x00000000ffe00000| Untracked 
|2047|0x00000000fff00000, 0x0000000100000000, 0x0000000100000000|100%| E|CS|TAMS 0x00000000fff00000| PB 0x00000000fff00000| Complete 

Card table byte_map: [0x00007ffbb3d9e000,0x00007ffbb419e000] _byte_map_base: 0x00007ffbb399e000

Marking Bits: (CMBitMap*) 0x00007ffbcc086b80
 Bits: [0x00007ffbb1d9e000, 0x00007ffbb3d9e000)

Polling page: 0x00007ffbd1aab000

Metaspace:

Usage:
  Non-class:    109.21 MB used.
      Class:     16.01 MB used.
       Both:    125.22 MB used.

Virtual space:
  Non-class space:      128.00 MB reserved,     110.38 MB ( 86%) committed,  2 nodes.
      Class space:        1.00 GB reserved,      17.25 MB (  2%) committed,  1 nodes.
             Both:        1.12 GB reserved,     127.62 MB ( 11%) committed. 

Chunk freelists:
   Non-Class:  1.48 MB
       Class:  14.64 MB
        Both:  16.12 MB

MaxMetaspaceSize: unlimited
CompressedClassSpaceSize: 1.00 GB
Initial GC threshold: 21.00 MB
Current GC threshold: 212.00 MB
CDS: on
 - commit_granule_bytes: 65536.
 - commit_granule_words: 8192.
 - virtual_space_node_default_size: 8388608.
 - enlarge_chunks_in_place: 1.
 - use_allocation_guard: 0.


Internal statistics:

num_allocs_failed_limit: 9.
num_arena_births: 4640.
num_arena_deaths: 0.
num_vsnodes_births: 3.
num_vsnodes_deaths: 0.
num_space_committed: 2040.
num_space_uncommitted: 0.
num_chunks_returned_to_freelist: 9.
num_chunks_taken_from_freelist: 10195.
num_chunk_merges: 9.
num_chunk_splits: 6687.
num_chunks_enlarged: 4224.
num_inconsistent_stats: 0.

CodeHeap 'non-profiled nmethods': size=120036Kb used=8999Kb max_used=9494Kb free=111036Kb
 bounds [0x00007ffbbc352000, 0x00007ffbbcca2000, 0x00007ffbc388b000]
CodeHeap 'profiled nmethods': size=120032Kb used=31842Kb max_used=34313Kb free=88189Kb
 bounds [0x00007ffbb488b000, 0x00007ffbb6a1b000, 0x00007ffbbbdc3000]
CodeHeap 'non-nmethods': size=5692Kb used=2516Kb max_used=2567Kb free=3175Kb
 bounds [0x00007ffbbbdc3000, 0x00007ffbbc073000, 0x00007ffbbc352000]
 total_blobs=16870 nmethods=15891 adapters=884
 compilation: enabled
              stopped_count=0, restarted_count=0
 full_count=0

Compilation events (20 events):
Event: 168.917 Thread 0x00007ffbcc0f6160 nmethod 22826 0x00007ffbbc4fdc90 code [0x00007ffbbc4fdf20, 0x00007ffbbc4fe8c0]
Event: 168.983 Thread 0x00007ffbcc0f6160 22828       4       kotlin.text.CharsKt__CharJVMKt::isWhitespace (20 bytes)
Event: 169.077 Thread 0x00007ffbcc0f6160 nmethod 22828 0x00007ffbbc3de090 code [0x00007ffbbc3de260, 0x00007ffbbc3de5c0]
Event: 169.085 Thread 0x00007ffbcc0f7810 22830       3       java.lang.StackTraceElement::length (13 bytes)
Event: 169.086 Thread 0x00007ffbcc0f6160 22829       4       com.google.common.collect.MapMakerInternalMap$Segment::getEntry (80 bytes)
Event: 169.125 Thread 0x00007ffbcc0f7810 nmethod 22830 0x00007ffbb48d3910 code [0x00007ffbb48d3ac0, 0x00007ffbb48d3d08]
Event: 169.133 Thread 0x00007ffbcc0f7810 22831   !   3       org.gradle.internal.classloader.VisitableURLClassLoader$InstrumentingVisitableURLClassLoader::findClass (36 bytes)
Event: 169.231 Thread 0x00007ffbcc0f7810 nmethod 22831 0x00007ffbb4bc4f10 code [0x00007ffbb4bc5200, 0x00007ffbb4bc6230]
Event: 169.484 Thread 0x00007ffbcc0f6160 nmethod 22829 0x00007ffbbcc1c390 code [0x00007ffbbcc1c580, 0x00007ffbbcc1cb20]
Event: 169.494 Thread 0x00007ffbcc0f6160 22832       4       java.nio.HeapCharBuffer::<init> (23 bytes)
Event: 169.709 Thread 0x00007ffbcc0f6160 nmethod 22832 0x00007ffbbc49c910 code [0x00007ffbbc49caa0, 0x00007ffbbc49cea0]
Event: 169.719 Thread 0x00007ffbcc0f6160 22833   !   4       java.nio.CharBuffer::wrap (21 bytes)
Event: 169.851 Thread 0x00007ffbcc0f6160 nmethod 22833 0x00007ffbbc3b0410 code [0x00007ffbbc3b05a0, 0x00007ffbbc3b0860]
Event: 170.017 Thread 0x00007ffbcc0f7810 22834       3       java.util.Random::nextLong (19 bytes)
Event: 170.120 Thread 0x00007ffbcc0f7810 nmethod 22834 0x00007ffbb48d6610 code [0x00007ffbb48d67c0, 0x00007ffbb48d6a78]
Event: 170.127 Thread 0x00007ffbcc0f6160 22835       4       java.util.ArrayList::sort (45 bytes)
Event: 170.443 Thread 0x00007ffbcc0f6160 nmethod 22835 0x00007ffbbc550d10 code [0x00007ffbbc550fe0, 0x00007ffbbc552fc0]
Event: 170.448 Thread 0x00007ffbcc0f6160 22837       4       java.util.stream.Collectors$$Lambda/0x00007ffb54071990::accept (14 bytes)
Event: 171.003 Thread 0x00007ffbcc0f6160 nmethod 22837 0x00007ffbbc3cc310 code [0x00007ffbbc3cc4e0, 0x00007ffbbc3ccb48]
Event: 171.016 Thread 0x00007ffbcc0f6160 22836       4       kotlin.jvm.internal.Intrinsics::compare (20 bytes)

GC Heap History (20 events):
Event: 56.722 GC heap before
{Heap before GC invocations=61 (full 0):
 garbage-first heap   total 403456K, used 229714K [0x0000000080000000, 0x0000000100000000)
  region size 1024K, 80 young (81920K), 10 survivors (10240K)
 Metaspace       used 116497K, committed 118912K, reserved 1179648K
  class space    used 15243K, committed 16448K, reserved 1048576K
}
Event: 56.743 GC heap after
{Heap after GC invocations=62 (full 0):
 garbage-first heap   total 403456K, used 155986K [0x0000000080000000, 0x0000000100000000)
  region size 1024K, 9 young (9216K), 9 survivors (9216K)
 Metaspace       used 116497K, committed 118912K, reserved 1179648K
  class space    used 15243K, committed 16448K, reserved 1048576K
}
Event: 60.544 GC heap before
{Heap before GC invocations=63 (full 0):
 garbage-first heap   total 403456K, used 343552K [0x0000000080000000, 0x0000000100000000)
  region size 1024K, 220 young (225280K), 9 survivors (9216K)
 Metaspace       used 119245K, committed 121728K, reserved 1179648K
  class space    used 15543K, committed 16768K, reserved 1048576K
}
Event: 60.603 GC heap after
{Heap after GC invocations=64 (full 0):
 garbage-first heap   total 403456K, used 123904K [0x0000000080000000, 0x0000000100000000)
  region size 1024K, 6 young (6144K), 6 survivors (6144K)
 Metaspace       used 119245K, committed 121728K, reserved 1179648K
  class space    used 15543K, committed 16768K, reserved 1048576K
}
Event: 64.533 GC heap before
{Heap before GC invocations=64 (full 0):
 garbage-first heap   total 403456K, used 362496K [0x0000000080000000, 0x0000000100000000)
  region size 1024K, 236 young (241664K), 6 survivors (6144K)
 Metaspace       used 119463K, committed 121856K, reserved 1179648K
  class space    used 15558K, committed 16768K, reserved 1048576K
}
Event: 64.567 GC heap after
{Heap after GC invocations=65 (full 0):
 garbage-first heap   total 403456K, used 124953K [0x0000000080000000, 0x0000000100000000)
  region size 1024K, 9 young (9216K), 9 survivors (9216K)
 Metaspace       used 119463K, committed 121856K, reserved 1179648K
  class space    used 15558K, committed 16768K, reserved 1048576K
}
Event: 65.416 GC heap before
{Heap before GC invocations=65 (full 0):
 garbage-first heap   total 403456K, used 357401K [0x0000000080000000, 0x0000000100000000)
  region size 1024K, 236 young (241664K), 9 survivors (9216K)
 Metaspace       used 119463K, committed 121856K, reserved 1179648K
  class space    used 15558K, committed 16768K, reserved 1048576K
}
Event: 65.440 GC heap after
{Heap after GC invocations=66 (full 0):
 garbage-first heap   total 403456K, used 119321K [0x0000000080000000, 0x0000000100000000)
  region size 1024K, 7 young (7168K), 7 survivors (7168K)
 Metaspace       used 119463K, committed 121856K, reserved 1179648K
  class space    used 15558K, committed 16768K, reserved 1048576K
}
Event: 67.813 GC heap before
{Heap before GC invocations=67 (full 0):
 garbage-first heap   total 403456K, used 359961K [0x0000000080000000, 0x0000000100000000)
  region size 1024K, 236 young (241664K), 7 survivors (7168K)
 Metaspace       used 122782K, committed 125312K, reserved 1179648K
  class space    used 15790K, committed 17088K, reserved 1048576K
}
Event: 67.864 GC heap after
{Heap after GC invocations=68 (full 0):
 garbage-first heap   total 403456K, used 129049K [0x0000000080000000, 0x0000000100000000)
  region size 1024K, 11 young (11264K), 11 survivors (11264K)
 Metaspace       used 122782K, committed 125312K, reserved 1179648K
  class space    used 15790K, committed 17088K, reserved 1048576K
}
Event: 69.517 GC heap before
{Heap before GC invocations=68 (full 0):
 garbage-first heap   total 403456K, used 358425K [0x0000000080000000, 0x0000000100000000)
  region size 1024K, 236 young (241664K), 11 survivors (11264K)
 Metaspace       used 124482K, committed 127040K, reserved 1179648K
  class space    used 15968K, committed 17280K, reserved 1048576K
}
Event: 69.590 GC heap after
{Heap after GC invocations=69 (full 0):
 garbage-first heap   total 403456K, used 123925K [0x0000000080000000, 0x0000000100000000)
  region size 1024K, 12 young (12288K), 12 survivors (12288K)
 Metaspace       used 124482K, committed 127040K, reserved 1179648K
  class space    used 15968K, committed 17280K, reserved 1048576K
}
Event: 74.710 GC heap before
{Heap before GC invocations=69 (full 0):
 garbage-first heap   total 403456K, used 296981K [0x0000000080000000, 0x0000000100000000)
  region size 1024K, 182 young (186368K), 12 survivors (12288K)
 Metaspace       used 124889K, committed 127424K, reserved 1179648K
  class space    used 15984K, committed 17280K, reserved 1048576K
}
Event: 74.836 GC heap after
{Heap after GC invocations=70 (full 0):
 garbage-first heap   total 403456K, used 120853K [0x0000000080000000, 0x0000000100000000)
  region size 1024K, 9 young (9216K), 9 survivors (9216K)
 Metaspace       used 124889K, committed 127424K, reserved 1179648K
  class space    used 15984K, committed 17280K, reserved 1048576K
}
Event: 97.407 GC heap before
{Heap before GC invocations=71 (full 0):
 garbage-first heap   total 403456K, used 354325K [0x0000000080000000, 0x0000000100000000)
  region size 1024K, 236 young (241664K), 9 survivors (9216K)
 Metaspace       used 124964K, committed 127488K, reserved 1179648K
  class space    used 15989K, committed 17280K, reserved 1048576K
}
Event: 97.577 GC heap after
{Heap after GC invocations=72 (full 0):
 garbage-first heap   total 403456K, used 119829K [0x0000000080000000, 0x0000000100000000)
  region size 1024K, 8 young (8192K), 8 survivors (8192K)
 Metaspace       used 124964K, committed 127488K, reserved 1179648K
  class space    used 15989K, committed 17280K, reserved 1048576K
}
Event: 118.340 GC heap before
{Heap before GC invocations=72 (full 0):
 garbage-first heap   total 403456K, used 353301K [0x0000000080000000, 0x0000000100000000)
  region size 1024K, 236 young (241664K), 8 survivors (8192K)
 Metaspace       used 124977K, committed 127488K, reserved 1179648K
  class space    used 15989K, committed 17280K, reserved 1048576K
}
Event: 118.409 GC heap after
{Heap after GC invocations=73 (full 0):
 garbage-first heap   total 403456K, used 118583K [0x0000000080000000, 0x0000000100000000)
  region size 1024K, 11 young (11264K), 11 survivors (11264K)
 Metaspace       used 124977K, committed 127488K, reserved 1179648K
  class space    used 15989K, committed 17280K, reserved 1048576K
}
Event: 159.274 GC heap before
{Heap before GC invocations=73 (full 0):
 garbage-first heap   total 403456K, used 348983K [0x0000000080000000, 0x0000000100000000)
  region size 1024K, 236 young (241664K), 11 survivors (11264K)
 Metaspace       used 127669K, committed 130240K, reserved 1179648K
  class space    used 16295K, committed 17600K, reserved 1048576K
}
Event: 159.402 GC heap after
{Heap after GC invocations=74 (full 0):
 garbage-first heap   total 403456K, used 119095K [0x0000000080000000, 0x0000000100000000)
  region size 1024K, 11 young (11264K), 11 survivors (11264K)
 Metaspace       used 127669K, committed 130240K, reserved 1179648K
  class space    used 16295K, committed 17600K, reserved 1048576K
}

Dll operation events (14 events):
Event: 0.003 Loaded shared library /root/.gradle/jdks/eclipse_adoptium-21-amd64-linux.2/lib/libjava.so
Event: 0.034 Loaded shared library /root/.gradle/jdks/eclipse_adoptium-21-amd64-linux.2/lib/libjsvml.so
Event: 0.127 Loaded shared library /root/.gradle/jdks/eclipse_adoptium-21-amd64-linux.2/lib/libzip.so
Event: 0.131 Loaded shared library /root/.gradle/jdks/eclipse_adoptium-21-amd64-linux.2/lib/libinstrument.so
Event: 0.133 Loaded shared library /root/.gradle/jdks/eclipse_adoptium-21-amd64-linux.2/lib/libnio.so
Event: 0.135 Loaded shared library /root/.gradle/jdks/eclipse_adoptium-21-amd64-linux.2/lib/libzip.so
Event: 0.411 Loaded shared library /root/.gradle/jdks/eclipse_adoptium-21-amd64-linux.2/lib/libjimage.so
Event: 0.630 Loaded shared library /root/.gradle/jdks/eclipse_adoptium-21-amd64-linux.2/lib/libverify.so
Event: 0.701 Loaded shared library /root/.gradle/jdks/eclipse_adoptium-21-amd64-linux.2/lib/libnet.so
Event: 0.702 Loaded shared library /root/.gradle/native/660c5614fbf4a5f2a75b1949f50a0caf5cd603558e7d8a26e50b933a0cfb79d1/linux-amd64/libnative-platform.so
Event: 0.710 Loaded shared library /root/.gradle/native/0.2.8/x86_64-linux-gnu/libgradle-fileevents.so
Event: 2.109 Loaded shared library /root/.gradle/jdks/eclipse_adoptium-21-amd64-linux.2/lib/libmanagement.so
Event: 2.110 Loaded shared library /root/.gradle/jdks/eclipse_adoptium-21-amd64-linux.2/lib/libmanagement_ext.so
Event: 2.296 Loaded shared library /root/.gradle/jdks/eclipse_adoptium-21-amd64-linux.2/lib/libextnet.so

Deoptimization events (20 events):
Event: 167.106 Thread 0x00007ffb98007f80 Uncommon trap: trap_request=0xffffffde fr.pc=0x00007ffbbc8cdcb0 relative=0x0000000000000450
Event: 167.106 Thread 0x00007ffb98007f80 Uncommon trap: reason=class_check action=maybe_recompile pc=0x00007ffbbc8cdcb0 method=java.io.ObjectOutputStream$BlockDataOutputStream.drain()V @ 36 c2
Event: 167.106 Thread 0x00007ffb98007f80 DEOPT PACKING pc=0x00007ffbbc8cdcb0 sp=0x00007ffba1cfb200
Event: 167.106 Thread 0x00007ffb98007f80 DEOPT UNPACKING pc=0x00007ffbbbe1a619 sp=0x00007ffba1cfb1d0 mode 2
Event: 167.106 Thread 0x00007ffb98007f80 Uncommon trap: trap_request=0xffffffde fr.pc=0x00007ffbbc8cdcb0 relative=0x0000000000000450
Event: 167.106 Thread 0x00007ffb98007f80 Uncommon trap: reason=class_check action=maybe_recompile pc=0x00007ffbbc8cdcb0 method=java.io.ObjectOutputStream$BlockDataOutputStream.drain()V @ 36 c2
Event: 167.106 Thread 0x00007ffb98007f80 DEOPT PACKING pc=0x00007ffbbc8cdcb0 sp=0x00007ffba1cfb160
Event: 167.106 Thread 0x00007ffb98007f80 DEOPT UNPACKING pc=0x00007ffbbbe1a619 sp=0x00007ffba1cfb130 mode 2
Event: 169.868 Thread 0x00007ffb401e0990 Uncommon trap: trap_request=0xffffff45 fr.pc=0x00007ffbbc8a9608 relative=0x00000000000004a8
Event: 169.870 Thread 0x00007ffb401e0990 Uncommon trap: reason=unstable_if action=reinterpret pc=0x00007ffbbc8a9608 method=java.time.LocalDate.ofEpochDay(J)Ljava/time/LocalDate; @ 182 c2
Event: 169.873 Thread 0x00007ffb401e0990 DEOPT PACKING pc=0x00007ffbbc8a9608 sp=0x00007ffb4e7f4f60
Event: 169.891 Thread 0x00007ffb401e0990 DEOPT UNPACKING pc=0x00007ffbbbe1a619 sp=0x00007ffb4e7f4e28 mode 2
Event: 169.901 Thread 0x00007ffb401e0990 Uncommon trap: trap_request=0xffffff45 fr.pc=0x00007ffbbc8aa19c relative=0x000000000000017c
Event: 169.904 Thread 0x00007ffb401e0990 Uncommon trap: reason=unstable_if action=reinterpret pc=0x00007ffbbc8aa19c method=java.time.LocalTime.create(IIII)Ljava/time/LocalTime; @ 5 c2
Event: 169.905 Thread 0x00007ffb401e0990 DEOPT PACKING pc=0x00007ffbbc8aa19c sp=0x00007ffb4e7f4ec0
Event: 169.906 Thread 0x00007ffb401e0990 DEOPT UNPACKING pc=0x00007ffbbbe1a619 sp=0x00007ffb4e7f4e00 mode 2
Event: 170.465 Thread 0x00007ffb401e0990 Uncommon trap: trap_request=0xffffff45 fr.pc=0x00007ffbbc91e7a0 relative=0x0000000000000080
Event: 170.466 Thread 0x00007ffb401e0990 Uncommon trap: reason=unstable_if action=reinterpret pc=0x00007ffbbc91e7a0 method=java.io.UnixFileSystem.resolve(Ljava/io/File;)Ljava/lang/String; @ 5 c2
Event: 170.466 Thread 0x00007ffb401e0990 DEOPT PACKING pc=0x00007ffbbc91e7a0 sp=0x00007ffb4e7f45a0
Event: 170.468 Thread 0x00007ffb401e0990 DEOPT UNPACKING pc=0x00007ffbbbe1a619 sp=0x00007ffb4e7f4548 mode 2

Classes loaded (20 events):
Event: 164.158 Loading class java/lang/ProcessHandleImpl$1
Event: 164.160 Loading class java/lang/ProcessHandleImpl$1 done
Event: 164.251 Loading class java/util/concurrent/CompletableFuture$UniHandle
Event: 164.283 Loading class java/util/concurrent/CompletableFuture$UniCompletion
Event: 164.302 Loading class java/util/concurrent/CompletableFuture$UniCompletion done
Event: 164.302 Loading class java/util/concurrent/CompletableFuture$UniHandle done
Event: 164.413 Loading class java/lang/ProcessBuilder$NullInputStream
Event: 164.442 Loading class java/lang/ProcessBuilder$NullInputStream done
Event: 164.454 Loading class java/lang/ProcessBuilder$NullOutputStream
Event: 164.461 Loading class java/lang/ProcessBuilder$NullOutputStream done
Event: 164.462 Loading class jdk/internal/event/ProcessStartEvent
Event: 164.470 Loading class jdk/internal/event/ProcessStartEvent done
Event: 164.513 Loading class java/util/concurrent/Semaphore$NonfairSync
Event: 164.530 Loading class java/util/concurrent/Semaphore$Sync
Event: 164.540 Loading class java/util/concurrent/Semaphore$Sync done
Event: 164.542 Loading class java/util/concurrent/Semaphore$NonfairSync done
Event: 167.208 Loading class java/lang/Throwable$WrappedPrintWriter
Event: 167.266 Loading class java/lang/Throwable$PrintStreamOrWriter
Event: 167.344 Loading class java/lang/Throwable$PrintStreamOrWriter done
Event: 167.347 Loading class java/lang/Throwable$WrappedPrintWriter done

Classes unloaded (0 events):
No events

Classes redefined (0 events):
No events

Internal exceptions (20 events):
Event: 70.912 Thread 0x00007ffb400dd040 Exception <a 'sun/nio/fs/UnixException'{0x0000000090e47530}> (0x0000000090e47530) 
thrown [src/hotspot/share/prims/jni.cpp, line 520]
Event: 92.737 Thread 0x00007ffb9a3955a0 Exception <a 'sun/nio/fs/UnixException'{0x000000009048a490}> (0x000000009048a490) 
thrown [src/hotspot/share/prims/jni.cpp, line 520]
Event: 92.902 Thread 0x00007ffb9a3955a0 Exception <a 'sun/nio/fs/UnixException'{0x000000008f911c98}> (0x000000008f911c98) 
thrown [src/hotspot/share/prims/jni.cpp, line 520]
Event: 93.445 Thread 0x00007ffb9a3955a0 Exception <a 'sun/nio/fs/UnixException'{0x000000008e3d9ab0}> (0x000000008e3d9ab0) 
thrown [src/hotspot/share/prims/jni.cpp, line 520]
Event: 93.542 Thread 0x00007ffb9a3955a0 Exception <a 'sun/nio/fs/UnixException'{0x000000008de3a660}> (0x000000008de3a660) 
thrown [src/hotspot/share/prims/jni.cpp, line 520]
Event: 93.639 Thread 0x00007ffb9a3955a0 Exception <a 'sun/nio/fs/UnixException'{0x000000008dbabae8}> (0x000000008dbabae8) 
thrown [src/hotspot/share/prims/jni.cpp, line 520]
Event: 93.714 Thread 0x00007ffb9a3955a0 Exception <a 'sun/nio/fs/UnixException'{0x000000008dbfe218}> (0x000000008dbfe218) 
thrown [src/hotspot/share/prims/jni.cpp, line 520]
Event: 134.743 Thread 0x00007ffb9a3955a0 Exception <a 'java/lang/NoSuchMethodError'{0x000000008b6afba8}: method resolution failed> (0x000000008b6afba8) 
thrown [src/hotspot/share/prims/methodHandles.cpp, line 1144]
Event: 150.364 Thread 0x00007ffb9a3955a0 Exception <a 'java/lang/NoSuchMethodError'{0x000000008a59e428}: static [Ljava/lang/String;.<clinit>()V> (0x000000008a59e428) 
thrown [src/hotspot/share/prims/jni.cpp, line 1111]
Event: 151.811 Thread 0x00007ffb9a3955a0 Exception <a 'java/lang/NoSuchMethodError'{0x000000008a416918}: static Ljava/lang/Object;.<clinit>()V> (0x000000008a416918) 
thrown [src/hotspot/share/prims/jni.cpp, line 1111]
Event: 152.294 Thread 0x00007ffb9a3955a0 Exception <a 'java/lang/NoSuchMethodError'{0x000000008a44ef78}: static Lorg/jetbrains/kotlin/incremental/ClasspathChanges$ClasspathSnapshotEnabled$NotAvailableForNonIncrementalRun;.<clinit>()V> (0x000000008a44ef78) 
thrown [src/hotspot/share/prims/jni.cpp, line 1111]
Event: 152.315 Thread 0x00007ffb9a3955a0 Exception <a 'java/lang/NoSuchMethodError'{0x000000008a4512f8}: static Lorg/jetbrains/kotlin/incremental/ClasspathChanges$ClasspathSnapshotEnabled;.<clinit>()V> (0x000000008a4512f8) 
thrown [src/hotspot/share/prims/jni.cpp, line 1111]
Event: 152.315 Thread 0x00007ffb9a3955a0 Exception <a 'java/lang/NoSuchMethodError'{0x000000008a4534b8}: static Lorg/jetbrains/kotlin/incremental/ClasspathChanges;.<clinit>()V> (0x000000008a4534b8) 
thrown [src/hotspot/share/prims/jni.cpp, line 1111]
Event: 160.913 Thread 0x00007ffb401e0990 Exception <a 'java/lang/NoSuchMethodError'{0x00000000ff65f968}: 'long java.lang.invoke.DirectMethodHandle$Holder.invokeStatic(java.lang.Object)'> (0x00000000ff65f968) 
thrown [src/hotspot/share/interpreter/linkResolver.cpp, line 772]
Event: 160.921 Thread 0x00007ffb401e0990 Exception <a 'java/lang/NoSuchMethodError'{0x00000000ff662d80}: 'long java.lang.invoke.DirectMethodHandle$Holder.invokeStaticInit(java.lang.Object)'> (0x00000000ff662d80) 
thrown [src/hotspot/share/interpreter/linkResolver.cpp, line 772]
Event: 162.521 Thread 0x00007ffb401e0990 Exception <a 'java/lang/NoSuchMethodError'{0x00000000ff296388}: 'int java.lang.invoke.DirectMethodHandle$Holder.invokeStatic(java.lang.Object, long)'> (0x00000000ff296388) 
thrown [src/hotspot/share/interpreter/linkResolver.cpp, line 772]
Event: 163.915 Thread 0x00007ffb401e0990 Exception <a 'java/lang/NoSuchMethodError'{0x00000000ff128ab0}: 'java.lang.Object java.lang.invoke.DirectMethodHandle$Holder.invokeStaticInit(java.lang.Object, long, java.lang.Object)'> (0x00000000ff128ab0) 
thrown [src/hotspot/share/interpreter/linkResolver.cpp, line 772]
Event: 165.085 Thread 0x00007ffb3c1ce960 Implicit null exception at 0x00007ffbbc6e9d11 to 0x00007ffbbc6ebda4
Event: 165.158 Thread 0x00007ffb3c1ce960 Implicit null exception at 0x00007ffbbc911ea1 to 0x00007ffbbc912358
Event: 171.126 Thread 0x00007ffb3c1a25d0 Implicit null exception at 0x00007ffbbc6ee9ac to 0x00007ffbbc6ef384

ZGC Phase Switch (0 events):
No events

VM Operations (20 events):
Event: 160.527 Executing VM operation: G1PauseCleanup
Event: 160.535 Executing VM operation: G1PauseCleanup done
Event: 162.590 Executing VM operation: Cleanup
Event: 162.595 Executing VM operation: Cleanup done
Event: 163.599 Executing VM operation: Cleanup
Event: 163.761 Executing VM operation: Cleanup done
Event: 164.146 Executing VM operation: HandshakeAllThreads (Deoptimize)
Event: 164.150 Executing VM operation: HandshakeAllThreads (Deoptimize) done
Event: 164.154 Executing VM operation: HandshakeAllThreads (Deoptimize)
Event: 164.154 Executing VM operation: HandshakeAllThreads (Deoptimize) done
Event: 164.656 Executing VM operation: HandshakeAllThreads (Deoptimize)
Event: 164.660 Executing VM operation: HandshakeAllThreads (Deoptimize) done
Event: 165.664 Executing VM operation: Cleanup
Event: 165.671 Executing VM operation: Cleanup done
Event: 166.677 Executing VM operation: Cleanup
Event: 166.707 Executing VM operation: Cleanup done
Event: 167.797 Executing VM operation: Cleanup
Event: 167.944 Executing VM operation: Cleanup done
Event: 169.953 Executing VM operation: Cleanup
Event: 169.968 Executing VM operation: Cleanup done

Memory protections (20 events):
Event: 38.221 Protecting memory [0x00007ffba02c2000,0x00007ffba02c6000] with protection modes 0
Event: 38.730 Protecting memory [0x00007ffba00c0000,0x00007ffba00c4000] with protection modes 0
Event: 39.243 Protecting memory [0x00007ffb4ef00000,0x00007ffb4ef04000] with protection modes 0
Event: 39.412 Protecting memory [0x00007ffb4edff000,0x00007ffb4ee03000] with protection modes 0
Event: 39.512 Protecting memory [0x00007ffb4ecfe000,0x00007ffb4ed02000] with protection modes 0
Event: 40.432 Protecting memory [0x00007ffb4ebfd000,0x00007ffb4ec01000] with protection modes 0
Event: 44.034 Protecting memory [0x00007ffb4eafc000,0x00007ffb4eb00000] with protection modes 0
Event: 44.403 Protecting memory [0x00007ffb4e9fb000,0x00007ffb4e9ff000] with protection modes 0
Event: 44.491 Protecting memory [0x00007ffb4e8fa000,0x00007ffb4e8fe000] with protection modes 0
Event: 45.142 Protecting memory [0x00007ffb4e7f9000,0x00007ffb4e7fd000] with protection modes 0
Event: 45.688 Protecting memory [0x00007ffb4e6f8000,0x00007ffb4e6fc000] with protection modes 0
Event: 45.988 Protecting memory [0x00007ffb4e5f7000,0x00007ffb4e5fb000] with protection modes 0
Event: 48.091 Protecting memory [0x00007ffba06c6000,0x00007ffba06ca000] with protection modes 0
Event: 51.237 Protecting memory [0x00007ffb4e4f6000,0x00007ffb4e4fa000] with protection modes 0
Event: 55.735 Protecting memory [0x00007ffb4e3f5000,0x00007ffb4e3f9000] with protection modes 0
Event: 164.216 Protecting memory [0x00007ffbb00db000,0x00007ffbb00df000] with protection modes 0
Event: 165.082 Protecting memory [0x00007ffb4e2f4000,0x00007ffb4e2f8000] with protection modes 0
Event: 165.201 Protecting memory [0x00007ffb4e2f4000,0x00007ffb4e2f8000] with protection modes 0
Event: 165.919 Protecting memory [0x00007ffb4e2f4000,0x00007ffb4e2f8000] with protection modes 0
Event: 171.063 Protecting memory [0x00007ffb4e2f4000,0x00007ffb4e2f8000] with protection modes 0

Nmethod flushes (20 events):
Event: 160.224 Thread 0x00007ffbcc0e4120 flushing  nmethod 0x00007ffbb6754290
Event: 160.224 Thread 0x00007ffbcc0e4120 flushing  nmethod 0x00007ffbb6759390
Event: 160.224 Thread 0x00007ffbcc0e4120 flushing  nmethod 0x00007ffbb6778c90
Event: 160.224 Thread 0x00007ffbcc0e4120 flushing  nmethod 0x00007ffbb6779390
Event: 160.224 Thread 0x00007ffbcc0e4120 flushing  nmethod 0x00007ffbb67a5510
Event: 160.224 Thread 0x00007ffbcc0e4120 flushing  nmethod 0x00007ffbb67a5a10
Event: 160.224 Thread 0x00007ffbcc0e4120 flushing  nmethod 0x00007ffbb67a6210
Event: 160.224 Thread 0x00007ffbcc0e4120 flushing  nmethod 0x00007ffbb67dcc90
Event: 160.224 Thread 0x00007ffbcc0e4120 flushing  nmethod 0x00007ffbb67de090
Event: 160.224 Thread 0x00007ffbcc0e4120 flushing  nmethod 0x00007ffbb67de410
Event: 160.224 Thread 0x00007ffbcc0e4120 flushing  nmethod 0x00007ffbb67dea10
Event: 160.224 Thread 0x00007ffbcc0e4120 flushing  nmethod 0x00007ffbb67def10
Event: 160.224 Thread 0x00007ffbcc0e4120 flushing  nmethod 0x00007ffbb67e0390
Event: 160.224 Thread 0x00007ffbcc0e4120 flushing  nmethod 0x00007ffbb67e0f90
Event: 160.224 Thread 0x00007ffbcc0e4120 flushing  nmethod 0x00007ffbb67e2090
Event: 160.224 Thread 0x00007ffbcc0e4120 flushing  nmethod 0x00007ffbb67e5410
Event: 160.224 Thread 0x00007ffbcc0e4120 flushing  nmethod 0x00007ffbb67e6110
Event: 160.224 Thread 0x00007ffbcc0e4120 flushing  nmethod 0x00007ffbb67e7d10
Event: 160.224 Thread 0x00007ffbcc0e4120 flushing  nmethod 0x00007ffbb67e8890
Event: 160.224 Thread 0x00007ffbcc0e4120 flushing  nmethod 0x00007ffbb67e9190

Events (20 events):
Event: 39.511 Thread 0x00007ffb4401b3e0 Thread added: 0x00007ffb400e30a0
Event: 40.432 Thread 0x00007ffb4401b3e0 Thread added: 0x00007ffb400ea950
Event: 44.032 Thread 0x00007ffb4401b3e0 Thread added: 0x00007ffb40117d00
Event: 44.403 Thread 0x00007ffb4401b3e0 Thread added: 0x00007ffb40108050
Event: 44.489 Thread 0x00007ffb4401b3e0 Thread added: 0x00007ffb40109030
Event: 45.140 Thread 0x00007ffb4401b3e0 Thread added: 0x00007ffb400fe300
Event: 45.647 Thread 0x00007ffb4401b3e0 Thread added: 0x00007ffb401e0990
Event: 45.937 Thread 0x00007ffb9a3955a0 Thread added: 0x00007ffb4403a4c0
Event: 46.934 Thread 0x00007ffb9a325150 Thread exited: 0x00007ffb9a325150
Event: 48.023 Thread 0x00007ffb9a3955a0 Thread added: 0x00007ffb440fcb10
Event: 51.237 Thread 0x00007ffb4401b3e0 Thread added: 0x00007ffb401caa70
Event: 55.735 Thread 0x00007ffb9a3955a0 Thread added: 0x00007ffb442a6aa0
Event: 164.215 Thread 0x00007ffb401e0990 Thread added: 0x00007ffb3c1cb2e0
Event: 165.076 Thread 0x00007ffb401e0990 Thread added: 0x00007ffb3c1ce960
Event: 165.175 Thread 0x00007ffb3c1ce960 Thread exited: 0x00007ffb3c1ce960
Event: 165.197 Thread 0x00007ffb401e0990 Thread added: 0x00007ffb3c1ce960
Event: 165.686 Thread 0x00007ffb3c1ce960 Thread exited: 0x00007ffb3c1ce960
Event: 165.914 Thread 0x00007ffb401e0990 Thread added: 0x00007ffb3c1ce960
Event: 166.724 Thread 0x00007ffb3c1ce960 Thread exited: 0x00007ffb3c1ce960
Event: 171.061 Thread 0x00007ffb401e0990 Thread added: 0x00007ffb3c1a25d0


Dynamic libraries:
80000000-96700000 rw-p 00000000 00:00 0 
96700000-fdd00000 ---p 00000000 00:00 0 
fdd00000-ff700000 rw-p 00000000 00:00 0 
ff700000-ffb00000 ---p 00000000 00:00 0 
ffb00000-ffe00000 rw-p 00000000 00:00 0 
ffe00000-fff0d000 rw-p 00cd6000 fe:00 525505                             /root/.gradle/jdks/eclipse_adoptium-21-amd64-linux.2/lib/server/classes.jsa
fff0d000-100000000 rw-p 00000000 00:00 0 
55f4af061000-55f4af062000 r-xp 00000000 fe:00 525654                     /root/.gradle/jdks/eclipse_adoptium-21-amd64-linux.2/bin/java
55f4af063000-55f4af064000 r--p 00001000 fe:00 525654                     /root/.gradle/jdks/eclipse_adoptium-21-amd64-linux.2/bin/java
55f4af064000-55f4af065000 rw-p 00002000 fe:00 525654                     /root/.gradle/jdks/eclipse_adoptium-21-amd64-linux.2/bin/java
55f4b0e50000-55f4b0ebd000 rw-p 00000000 00:00 0                          [heap]
7ffb28000000-7ffb292cb000 rw-p 00000000 00:00 0 
7ffb292cb000-7ffb2c000000 ---p 00000000 00:00 0 
7ffb2c000000-7ffb2cb00000 rw-p 00000000 00:00 0 
7ffb2cb00000-7ffb2cce0000 rw-p 00000000 00:00 0 
7ffb2cce0000-7ffb2cd00000 rw-p 00000000 00:00 0 
7ffb2cd00000-7ffb2cf00000 rw-p 00000000 00:00 0 
7ffb2cf00000-7ffb2cf40000 rw-p 00000000 00:00 0 
7ffb2cf40000-7ffb2cf80000 rw-p 00000000 00:00 0 
7ffb2cf80000-7ffb2d100000 rw-p 00000000 00:00 0 
7ffb2d100000-7ffb2d180000 rw-p 00000000 00:00 0 
7ffb2d180000-7ffb2d200000 rw-p 00000000 00:00 0 
7ffb2d200000-7ffb2d280000 rw-p 00000000 00:00 0 
7ffb2d280000-7ffb2d300000 rw-p 00000000 00:00 0 
7ffb2d300000-7ffb2d500000 rw-p 00000000 00:00 0 
7ffb2d500000-7ffb2d600000 rw-p 00000000 00:00 0 
7ffb2d600000-7ffb2d980000 rw-p 00000000 00:00 0 
7ffb2d980000-7ffb2da00000 rw-p 00000000 00:00 0 
7ffb2da00000-7ffb2dd00000 rw-p 00000000 00:00 0 
7ffb2dd00000-7ffb2de00000 rw-p 00000000 00:00 0 
7ffb2de00000-7ffb2e000000 rw-p 00000000 00:00 0 
7ffb2e000000-7ffb2e400000 rw-p 00000000 00:00 0 
7ffb2e400000-7ffb2e5e0000 rw-p 00000000 00:00 0 
7ffb2e5e0000-7ffb2e600000 rw-p 00000000 00:00 0 
7ffb2e600000-7ffb2e9c0000 rw-p 00000000 00:00 0 
7ffb2e9c0000-7ffb2e9e0000 rw-p 00000000 00:00 0 
7ffb2e9e0000-7ffb2ea00000 ---p 00000000 00:00 0 
7ffb2ea00000-7ffb2ee80000 rw-p 00000000 00:00 0 
7ffb2ee90000-7ffb30000000 ---p 00000000 00:00 0 
7ffb30000000-7ffb30089000 rw-p 00000000 00:00 0 
7ffb30089000-7ffb34000000 ---p 00000000 00:00 0 
7ffb34000000-7ffb36023000 rw-p 00000000 00:00 0 
7ffb36023000-7ffb38000000 ---p 00000000 00:00 0 
7ffb38000000-7ffb38021000 rw-p 00000000 00:00 0 
7ffb38021000-7ffb3c000000 ---p 00000000 00:00 0 
7ffb3c000000-7ffb3c35e000 rw-p 00000000 00:00 0 
7ffb3c35e000-7ffb40000000 ---p 00000000 00:00 0 
7ffb40000000-7ffb40423000 rw-p 00000000 00:00 0 
7ffb40423000-7ffb44000000 ---p 00000000 00:00 0 
7ffb44000000-7ffb445eb000 rw-p 00000000 00:00 0 
7ffb445eb000-7ffb48000000 ---p 00000000 00:00 0 
7ffb48000000-7ffb48171000 rw-p 00000000 00:00 0 
7ffb48171000-7ffb4c000000 ---p 00000000 00:00 0 
7ffb4e00e000-7ffb4e2f3000 rw-p 00000000 00:00 0 
7ffb4e2f3000-7ffb4e2f4000 ---p 00000000 00:00 0 
7ffb4e2f4000-7ffb4e2f8000 ---p 00000000 00:00 0 
7ffb4e2f8000-7ffb4e3f4000 rw-p 00000000 00:00 0 
7ffb4e3f4000-7ffb4e3f5000 ---p 00000000 00:00 0 
7ffb4e3f5000-7ffb4e3f9000 ---p 00000000 00:00 0 
7ffb4e3f9000-7ffb4e4f5000 rw-p 00000000 00:00 0 
7ffb4e4f5000-7ffb4e4f6000 ---p 00000000 00:00 0 
7ffb4e4f6000-7ffb4e4fa000 ---p 00000000 00:00 0 
7ffb4e4fa000-7ffb4e5f6000 rw-p 00000000 00:00 0 
7ffb4e5f6000-7ffb4e5f7000 ---p 00000000 00:00 0 
7ffb4e5f7000-7ffb4e5fb000 ---p 00000000 00:00 0 
7ffb4e5fb000-7ffb4e6f7000 rw-p 00000000 00:00 0 
7ffb4e6f7000-7ffb4e6f8000 ---p 00000000 00:00 0 
7ffb4e6f8000-7ffb4e6fc000 ---p 00000000 00:00 0 
7ffb4e6fc000-7ffb4e7f8000 rw-p 00000000 00:00 0 
7ffb4e7f8000-7ffb4e7f9000 ---p 00000000 00:00 0 
7ffb4e7f9000-7ffb4e7fd000 ---p 00000000 00:00 0 
7ffb4e7fd000-7ffb4e8f9000 rw-p 00000000 00:00 0 
7ffb4e8f9000-7ffb4e8fa000 ---p 00000000 00:00 0 
7ffb4e8fa000-7ffb4e8fe000 ---p 00000000 00:00 0 
7ffb4e8fe000-7ffb4e9fa000 rw-p 00000000 00:00 0 
7ffb4e9fa000-7ffb4e9fb000 ---p 00000000 00:00 0 
7ffb4e9fb000-7ffb4e9ff000 ---p 00000000 00:00 0 
7ffb4e9ff000-7ffb4eafb000 rw-p 00000000 00:00 0 
7ffb4eafb000-7ffb4eafc000 ---p 00000000 00:00 0 
7ffb4eafc000-7ffb4eb00000 ---p 00000000 00:00 0 
7ffb4eb00000-7ffb4ebfc000 rw-p 00000000 00:00 0 
7ffb4ebfc000-7ffb4ebfd000 ---p 00000000 00:00 0 
7ffb4ebfd000-7ffb4ec01000 ---p 00000000 00:00 0 
7ffb4ec01000-7ffb4ecfd000 rw-p 00000000 00:00 0 
7ffb4ecfd000-7ffb4ecfe000 ---p 00000000 00:00 0 
7ffb4ecfe000-7ffb4ed02000 ---p 00000000 00:00 0 
7ffb4ed02000-7ffb4edfe000 rw-p 00000000 00:00 0 
7ffb4edfe000-7ffb4edff000 ---p 00000000 00:00 0 
7ffb4edff000-7ffb4ee03000 ---p 00000000 00:00 0 
7ffb4ee03000-7ffb4eeff000 rw-p 00000000 00:00 0 
7ffb4eeff000-7ffb4ef00000 ---p 00000000 00:00 0 
7ffb4ef00000-7ffb4ef04000 ---p 00000000 00:00 0 
7ffb4ef04000-7ffb4f400000 rw-p 00000000 00:00 0 
7ffb4f400000-7ffb4f900000 rw-p 00000000 00:00 0 
7ffb4f900000-7ffb4fa00000 rw-p 00000000 00:00 0 
7ffb4fa00000-7ffb50100000 rw-p 00000000 00:00 0 
7ffb50100000-7ffb50200000 rw-p 00000000 00:00 0 
7ffb50200000-7ffb50d80000 rw-p 00000000 00:00 0 
7ffb50d80000-7ffb50e00000 rw-p 00000000 00:00 0 
7ffb50e00000-7ffb51500000 rw-p 00000000 00:00 0 
7ffb51500000-7ffb51600000 rw-p 00000000 00:00 0 
7ffb51600000-7ffb52300000 rw-p 00000000 00:00 0 
7ffb52300000-7ffb52400000 rw-p 00000000 00:00 0 
7ffb52400000-7ffb525e0000 rw-p 00000000 00:00 0 
7ffb525e0000-7ffb52700000 rw-p 00000000 00:00 0 
7ffb52700000-7ffb52900000 rw-p 00000000 00:00 0 
7ffb52900000-7ffb52a00000 rw-p 00000000 00:00 0 
7ffb52a00000-7ffb53000000 rw-p 00000000 00:00 0 
7ffb53000000-7ffb5347d000 rw-p 00001000 fe:00 525505                     /root/.gradle/jdks/eclipse_adoptium-21-amd64-linux.2/lib/server/classes.jsa
7ffb5347d000-7ffb53c97000 rw-p 0047e000 fe:00 525505                     /root/.gradle/jdks/eclipse_adoptium-21-amd64-linux.2/lib/server/classes.jsa
7ffb53c97000-7ffb54000000 ---p 00000000 00:00 0 
7ffb54000000-7ffb54040000 rw-p 00000000 00:00 0 
7ffb54040000-7ffb54080000 rw-p 00000000 00:00 0 
7ffb54080000-7ffb54140000 rw-p 00000000 00:00 0 
7ffb54140000-7ffb54180000 rw-p 00000000 00:00 0 
7ffb54180000-7ffb54540000 rw-p 00000000 00:00 0 
7ffb54540000-7ffb54580000 rw-p 00000000 00:00 0 
7ffb54580000-7ffb549c0000 rw-p 00000000 00:00 0 
7ffb549c0000-7ffb54d40000 rw-p 00000000 00:00 0 
7ffb54d40000-7ffb54d80000 rw-p 00000000 00:00 0 
7ffb54d80000-7ffb54dc0000 rw-p 00000000 00:00 0 
7ffb54dc0000-7ffb54e40000 rw-p 00000000 00:00 0 
7ffb54e40000-7ffb54e80000 rw-p 00000000 00:00 0 
7ffb54e80000-7ffb54fa0000 rw-p 00000000 00:00 0 
7ffb54fa0000-7ffb54fc0000 ---p 00000000 00:00 0 
7ffb54fc0000-7ffb55160000 rw-p 00000000 00:00 0 
7ffb55160000-7ffb94000000 ---p 00000000 00:00 0 
7ffb94000000-7ffb94185000 rw-p 00000000 00:00 0 
7ffb94185000-7ffb98000000 ---p 00000000 00:00 0 
7ffb98000000-7ffb9af51000 rw-p 00000000 00:00 0 
7ffb9af51000-7ffb9c000000 ---p 00000000 00:00 0 
7ffb9c000000-7ffb9c02d000 rw-p 00000000 00:00 0 
7ffb9c02d000-7ffba0000000 ---p 00000000 00:00 0 
7ffba00bf000-7ffba00c0000 ---p 00000000 00:00 0 
7ffba00c0000-7ffba00c4000 ---p 00000000 00:00 0 
7ffba00c4000-7ffba01c0000 rw-p 00000000 00:00 0 
7ffba01c0000-7ffba01c1000 ---p 00000000 00:00 0 
7ffba01c1000-7ffba01c5000 ---p 00000000 00:00 0 
7ffba01c5000-7ffba02c1000 rw-p 00000000 00:00 0 
7ffba02c1000-7ffba02c2000 ---p 00000000 00:00 0 
7ffba02c2000-7ffba02c6000 ---p 00000000 00:00 0 
7ffba02c6000-7ffba03c2000 rw-p 00000000 00:00 0 
7ffba03c2000-7ffba03c3000 ---p 00000000 00:00 0 
7ffba03c3000-7ffba03c7000 ---p 00000000 00:00 0 
7ffba03c7000-7ffba04c3000 rw-p 00000000 00:00 0 
7ffba04c3000-7ffba04c4000 ---p 00000000 00:00 0 
7ffba04c4000-7ffba04c8000 ---p 00000000 00:00 0 
7ffba04c8000-7ffba05c4000 rw-p 00000000 00:00 0 
7ffba05c4000-7ffba05c5000 ---p 00000000 00:00 0 
7ffba05c5000-7ffba05c9000 ---p 00000000 00:00 0 
7ffba05c9000-7ffba06c5000 rw-p 00000000 00:00 0 
7ffba06c5000-7ffba06c6000 ---p 00000000 00:00 0 
7ffba06c6000-7ffba06ca000 ---p 00000000 00:00 0 
7ffba06ca000-7ffba07c6000 rw-p 00000000 00:00 0 
7ffba07c6000-7ffba07c7000 ---p 00000000 00:00 0 
7ffba07c7000-7ffba07cb000 ---p 00000000 00:00 0 
7ffba07cb000-7ffba08c7000 rw-p 00000000 00:00 0 
7ffba08c7000-7ffba08c8000 ---p 00000000 00:00 0 
7ffba08c8000-7ffba08cc000 ---p 00000000 00:00 0 
7ffba08cc000-7ffba09c8000 rw-p 00000000 00:00 0 
7ffba09c8000-7ffba09c9000 ---p 00000000 00:00 0 
7ffba09c9000-7ffba09cd000 ---p 00000000 00:00 0 
7ffba09cd000-7ffba0ac9000 rw-p 00000000 00:00 0 
7ffba0ac9000-7ffba0aca000 ---p 00000000 00:00 0 
7ffba0aca000-7ffba0ace000 ---p 00000000 00:00 0 
7ffba0ace000-7ffba0bca000 rw-p 00000000 00:00 0 
7ffba0bca000-7ffba0bcb000 ---p 00000000 00:00 0 
7ffba0bcb000-7ffba0bcf000 ---p 00000000 00:00 0 
7ffba0bcf000-7ffba0ccb000 rw-p 00000000 00:00 0 
7ffba0ccb000-7ffba0ccc000 ---p 00000000 00:00 0 
7ffba0ccc000-7ffba0cd0000 ---p 00000000 00:00 0 
7ffba0cd0000-7ffba0dcc000 rw-p 00000000 00:00 0 
7ffba0dcc000-7ffba0dcd000 ---p 00000000 00:00 0 
7ffba0dcd000-7ffba0dd1000 ---p 00000000 00:00 0 
7ffba0dd1000-7ffba0ecd000 rw-p 00000000 00:00 0 
7ffba0ecd000-7ffba0ece000 ---p 00000000 00:00 0 
7ffba0ece000-7ffba0ed2000 ---p 00000000 00:00 0 
7ffba0ed2000-7ffba0fce000 rw-p 00000000 00:00 0 
7ffba0fce000-7ffba0fcf000 ---p 00000000 00:00 0 
7ffba0fcf000-7ffba0fd3000 ---p 00000000 00:00 0 
7ffba0fd3000-7ffba10cf000 rw-p 00000000 00:00 0 
7ffba10cf000-7ffba10d0000 ---p 00000000 00:00 0 
7ffba10d0000-7ffba10d4000 ---p 00000000 00:00 0 
7ffba10d4000-7ffba11d0000 rw-p 00000000 00:00 0 
7ffba11d0000-7ffba11d1000 ---p 00000000 00:00 0 
7ffba11d1000-7ffba11d5000 ---p 00000000 00:00 0 
7ffba11d5000-7ffba12d1000 rw-p 00000000 00:00 0 
7ffba13cf000-7ffba13d0000 ---p 00000000 00:00 0 
7ffba13d0000-7ffba13d4000 ---p 00000000 00:00 0 
7ffba13d4000-7ffba14d0000 rw-p 00000000 00:00 0 
7ffba14f5000-7ffba14f6000 ---p 00000000 00:00 0 
7ffba14f6000-7ffba14fa000 ---p 00000000 00:00 0 
7ffba14fa000-7ffba15f6000 rw-p 00000000 00:00 0 
7ffba15f6000-7ffba15f7000 ---p 00000000 00:00 0 
7ffba15f7000-7ffba15fb000 ---p 00000000 00:00 0 
7ffba15fb000-7ffba16f7000 rw-p 00000000 00:00 0 
7ffba16f7000-7ffba16f8000 ---p 00000000 00:00 0 
7ffba16f8000-7ffba16fc000 ---p 00000000 00:00 0 
7ffba16fc000-7ffba17f8000 rw-p 00000000 00:00 0 
7ffba17f8000-7ffba17f9000 ---p 00000000 00:00 0 
7ffba17f9000-7ffba17fd000 ---p 00000000 00:00 0 
7ffba17fd000-7ffba18f9000 rw-p 00000000 00:00 0 
7ffba18f9000-7ffba18fa000 ---p 00000000 00:00 0 
7ffba18fa000-7ffba18fe000 ---p 00000000 00:00 0 
7ffba18fe000-7ffba19fa000 rw-p 00000000 00:00 0 
7ffba19fa000-7ffba19fb000 ---p 00000000 00:00 0 
7ffba19fb000-7ffba19ff000 ---p 00000000 00:00 0 
7ffba19ff000-7ffba1afb000 rw-p 00000000 00:00 0 
7ffba1afb000-7ffba1afc000 ---p 00000000 00:00 0 
7ffba1afc000-7ffba1b00000 ---p 00000000 00:00 0 
7ffba1b00000-7ffba1bfc000 rw-p 00000000 00:00 0 
7ffba1bfc000-7ffba1bfd000 ---p 00000000 00:00 0 
7ffba1bfd000-7ffba1c01000 ---p 00000000 00:00 0 
7ffba1c01000-7ffba1cfd000 rw-p 00000000 00:00 0 
7ffba1cfd000-7ffba1cfe000 ---p 00000000 00:00 0 
7ffba1cfe000-7ffba1d02000 ---p 00000000 00:00 0 
7ffba1d02000-7ffba1dfe000 rw-p 00000000 00:00 0 
7ffba1dfe000-7ffba1dff000 ---p 00000000 00:00 0 
7ffba1dff000-7ffba1e03000 ---p 00000000 00:00 0 
7ffba1e03000-7ffba1eff000 rw-p 00000000 00:00 0 
7ffba1eff000-7ffba1f00000 ---p 00000000 00:00 0 
7ffba1f00000-7ffba1f04000 ---p 00000000 00:00 0 
7ffba1f04000-7ffba4000000 rw-p 00000000 00:00 0 
7ffba4000000-7ffba403e000 rw-p 00000000 00:00 0 
7ffba403e000-7ffba8000000 ---p 00000000 00:00 0 
7ffba8000000-7ffba807d000 rw-p 00000000 00:00 0 
7ffba807d000-7ffbac000000 ---p 00000000 00:00 0 
7ffbac000000-7ffbac09a000 rw-p 00000000 00:00 0 
7ffbac09a000-7ffbb0000000 ---p 00000000 00:00 0 
7ffbb00da000-7ffbb00db000 ---p 00000000 00:00 0 
7ffbb00db000-7ffbb00df000 ---p 00000000 00:00 0 
7ffbb00df000-7ffbb00fd000 rw-p 00000000 00:00 0 
7ffbb00fd000-7ffbb00fe000 ---p 00000000 00:00 0 
7ffbb00fe000-7ffbb0102000 ---p 00000000 00:00 0 
7ffbb0102000-7ffbb01fe000 rw-p 00000000 00:00 0 
7ffbb01fe000-7ffbb01ff000 ---p 00000000 00:00 0 
7ffbb01ff000-7ffbb0203000 ---p 00000000 00:00 0 
7ffbb0203000-7ffbb02ff000 rw-p 00000000 00:00 0 
7ffbb02ff000-7ffbb0300000 ---p 00000000 00:00 0 
7ffbb0300000-7ffbb0304000 ---p 00000000 00:00 0 
7ffbb0304000-7ffbb0400000 rw-p 00000000 00:00 0 
7ffbb0400000-7ffbb0405000 r-xp 00000000 fe:00 525100                     /root/.gradle/native/660c5614fbf4a5f2a75b1949f50a0caf5cd603558e7d8a26e50b933a0cfb79d1/linux-amd64/libnative-platform.so
7ffbb0405000-7ffbb0605000 ---p 00005000 fe:00 525100                     /root/.gradle/native/660c5614fbf4a5f2a75b1949f50a0caf5cd603558e7d8a26e50b933a0cfb79d1/linux-amd64/libnative-platform.so
7ffbb0605000-7ffbb0606000 r--p 00005000 fe:00 525100                     /root/.gradle/native/660c5614fbf4a5f2a75b1949f50a0caf5cd603558e7d8a26e50b933a0cfb79d1/linux-amd64/libnative-platform.so
7ffbb0606000-7ffbb0607000 rw-p 00006000 fe:00 525100                     /root/.gradle/native/660c5614fbf4a5f2a75b1949f50a0caf5cd603558e7d8a26e50b933a0cfb79d1/linux-amd64/libnative-platform.so
7ffbb060b000-7ffbb060d000 r-xp 00000000 fe:00 525459                     /root/.gradle/jdks/eclipse_adoptium-21-amd64-linux.2/lib/libextnet.so
7ffbb060d000-7ffbb060e000 r--p 00001000 fe:00 525459                     /root/.gradle/jdks/eclipse_adoptium-21-amd64-linux.2/lib/libextnet.so
7ffbb060e000-7ffbb060f000 rw-p 00002000 fe:00 525459                     /root/.gradle/jdks/eclipse_adoptium-21-amd64-linux.2/lib/libextnet.so
7ffbb060f000-7ffbb0610000 ---p 00000000 00:00 0 
7ffbb0610000-7ffbb0614000 ---p 00000000 00:00 0 
7ffbb0614000-7ffbb0710000 rw-p 00000000 00:00 0 
7ffbb0710000-7ffbb0715000 r-xp 00000000 fe:00 525509                     /root/.gradle/jdks/eclipse_adoptium-21-amd64-linux.2/lib/libmanagement_ext.so
7ffbb0715000-7ffbb0716000 ---p 00005000 fe:00 525509                     /root/.gradle/jdks/eclipse_adoptium-21-amd64-linux.2/lib/libmanagement_ext.so
7ffbb0716000-7ffbb0717000 r--p 00005000 fe:00 525509                     /root/.gradle/jdks/eclipse_adoptium-21-amd64-linux.2/lib/libmanagement_ext.so
7ffbb0717000-7ffbb0718000 rw-p 00006000 fe:00 525509                     /root/.gradle/jdks/eclipse_adoptium-21-amd64-linux.2/lib/libmanagement_ext.so
7ffbb0718000-7ffbb071c000 r-xp 00000000 fe:00 525456                     /root/.gradle/jdks/eclipse_adoptium-21-amd64-linux.2/lib/libmanagement.so
7ffbb071c000-7ffbb071d000 r--p 00003000 fe:00 525456                     /root/.gradle/jdks/eclipse_adoptium-21-amd64-linux.2/lib/libmanagement.so
7ffbb071d000-7ffbb071e000 rw-p 00004000 fe:00 525456                     /root/.gradle/jdks/eclipse_adoptium-21-amd64-linux.2/lib/libmanagement.so
7ffbb071e000-7ffbb075a000 r--p 00000000 fe:00 525686                     /root/.gradle/native/0.2.8/x86_64-linux-gnu/libgradle-fileevents.so
7ffbb075a000-7ffbb07a2000 r-xp 0003b000 fe:00 525686                     /root/.gradle/native/0.2.8/x86_64-linux-gnu/libgradle-fileevents.so
7ffbb07a2000-7ffbb07ab000 r--p 00082000 fe:00 525686                     /root/.gradle/native/0.2.8/x86_64-linux-gnu/libgradle-fileevents.so
7ffbb07ab000-7ffbb07ac000 rw-p 0008a000 fe:00 525686                     /root/.gradle/native/0.2.8/x86_64-linux-gnu/libgradle-fileevents.so
7ffbb07ac000-7ffbb07ae000 rw-p 00000000 00:00 0 
7ffbb07ae000-7ffbb07bb000 r-xp 00000000 fe:00 525496                     /root/.gradle/jdks/eclipse_adoptium-21-amd64-linux.2/lib/libverify.so
7ffbb07bb000-7ffbb07bd000 r--p 0000c000 fe:00 525496                     /root/.gradle/jdks/eclipse_adoptium-21-amd64-linux.2/lib/libverify.so
7ffbb07bd000-7ffbb07be000 rw-p 0000e000 fe:00 525496                     /root/.gradle/jdks/eclipse_adoptium-21-amd64-linux.2/lib/libverify.so
7ffbb07be000-7ffbb07bf000 ---p 00000000 00:00 0 
7ffbb07bf000-7ffbb08bf000 rw-p 00000000 00:00 0 
7ffbb08bf000-7ffbb08c0000 ---p 00000000 00:00 0 
7ffbb08c0000-7ffbb08c4000 ---p 00000000 00:00 0 
7ffbb08c4000-7ffbb09c0000 rw-p 00000000 00:00 0 
7ffbb09c0000-7ffbb09cc000 r-xp 00000000 fe:00 525499                     /root/.gradle/jdks/eclipse_adoptium-21-amd64-linux.2/lib/libnet.so
7ffbb09cc000-7ffbb09cd000 r--p 0000b000 fe:00 525499                     /root/.gradle/jdks/eclipse_adoptium-21-amd64-linux.2/lib/libnet.so
7ffbb09cd000-7ffbb09ce000 rw-p 0000c000 fe:00 525499                     /root/.gradle/jdks/eclipse_adoptium-21-amd64-linux.2/lib/libnet.so
7ffbb09ce000-7ffbb09e2000 r-xp 00000000 fe:00 525508                     /root/.gradle/jdks/eclipse_adoptium-21-amd64-linux.2/lib/libnio.so
7ffbb09e2000-7ffbb09e3000 r--p 00013000 fe:00 525508                     /root/.gradle/jdks/eclipse_adoptium-21-amd64-linux.2/lib/libnio.so
7ffbb09e3000-7ffbb09e4000 rw-p 00014000 fe:00 525508                     /root/.gradle/jdks/eclipse_adoptium-21-amd64-linux.2/lib/libnio.so
7ffbb09e4000-7ffbb09ff000 r-xp 00000000 fe:00 524587                     /root/.gradle/jdks/eclipse_adoptium-21-amd64-linux.2/lib/libzip.so
7ffbb09ff000-7ffbb0a00000 r--p 0001a000 fe:00 524587                     /root/.gradle/jdks/eclipse_adoptium-21-amd64-linux.2/lib/libzip.so
7ffbb0a00000-7ffbb0a01000 rw-p 0001b000 fe:00 524587                     /root/.gradle/jdks/eclipse_adoptium-21-amd64-linux.2/lib/libzip.so
7ffbb0a01000-7ffbb0a02000 ---p 00000000 00:00 0 
7ffbb0a02000-7ffbb0a06000 ---p 00000000 00:00 0 
7ffbb0a06000-7ffbb0b02000 rw-p 00000000 00:00 0 
7ffbb0b02000-7ffbb0bd0000 r-xp 00000000 fe:00 525485                     /root/.gradle/jdks/eclipse_adoptium-21-amd64-linux.2/lib/libjsvml.so
7ffbb0bd0000-7ffbb0bd1000 r--p 000cd000 fe:00 525485                     /root/.gradle/jdks/eclipse_adoptium-21-amd64-linux.2/lib/libjsvml.so
7ffbb0bd1000-7ffbb0bd2000 rw-p 000ce000 fe:00 525485                     /root/.gradle/jdks/eclipse_adoptium-21-amd64-linux.2/lib/libjsvml.so
7ffbb0bd2000-7ffbb0bd3000 ---p 00000000 00:00 0 
7ffbb0bd3000-7ffbb0bd7000 ---p 00000000 00:00 0 
7ffbb0bd7000-7ffbb0cd3000 rw-p 00000000 00:00 0 
7ffbb0cd3000-7ffbb0cd4000 ---p 00000000 00:00 0 
7ffbb0cd4000-7ffbb0cd8000 ---p 00000000 00:00 0 
7ffbb0cd8000-7ffbb0dd4000 rw-p 00000000 00:00 0 
7ffbb0dd4000-7ffbb0dd5000 ---p 00000000 00:00 0 
7ffbb0dd5000-7ffbb0dd9000 ---p 00000000 00:00 0 
7ffbb0dd9000-7ffbb0ed5000 rw-p 00000000 00:00 0 
7ffbb0ed5000-7ffbb0ed6000 ---p 00000000 00:00 0 
7ffbb0ed6000-7ffbb0eda000 ---p 00000000 00:00 0 
7ffbb0eda000-7ffbb0fd6000 rw-p 00000000 00:00 0 
7ffbb0fd6000-7ffbb0fd7000 ---p 00000000 00:00 0 
7ffbb0fd7000-7ffbb0fdb000 ---p 00000000 00:00 0 
7ffbb0fdb000-7ffbb10d7000 rw-p 00000000 00:00 0 
7ffbb10d7000-7ffbb10d8000 ---p 00000000 00:00 0 
7ffbb10d8000-7ffbb10dc000 ---p 00000000 00:00 0 
7ffbb10dc000-7ffbb11d8000 rw-p 00000000 00:00 0 
7ffbb11d8000-7ffbb11d9000 ---p 00000000 00:00 0 
7ffbb11d9000-7ffbb11dd000 ---p 00000000 00:00 0 
7ffbb11dd000-7ffbb12d9000 rw-p 00000000 00:00 0 
7ffbb12d9000-7ffbb1330000 r--p 00000000 00:25 13893                      /usr/lib/locale/C.utf8/LC_CTYPE
7ffbb1330000-7ffbb1331000 r--p 00000000 00:25 13899                      /usr/lib/locale/C.utf8/LC_NUMERIC
7ffbb1331000-7ffbb1332000 r--p 00000000 00:25 13902                      /usr/lib/locale/C.utf8/LC_TIME
7ffbb1332000-7ffbb1333000 r--p 00000000 00:25 13892                      /usr/lib/locale/C.utf8/LC_COLLATE
7ffbb1333000-7ffbb1334000 ---p 00000000 00:00 0 
7ffbb1334000-7ffbb1434000 rw-p 00000000 00:00 0 
7ffbb1434000-7ffbb1435000 ---p 00000000 00:00 0 
7ffbb1435000-7ffbb1652000 rw-p 00000000 00:00 0 
7ffbb1652000-7ffbb1653000 ---p 00000000 00:00 0 
7ffbb1653000-7ffbb1753000 rw-p 00000000 00:00 0 
7ffbb1753000-7ffbb1754000 ---p 00000000 00:00 0 
7ffbb1754000-7ffbb1a56000 rw-p 00000000 00:00 0 
7ffbb1a56000-7ffbb1a57000 ---p 00000000 00:00 0 
7ffbb1a57000-7ffbb1b57000 rw-p 00000000 00:00 0 
7ffbb1b57000-7ffbb1b58000 ---p 00000000 00:00 0 
7ffbb1b58000-7ffbb1c58000 rw-p 00000000 00:00 0 
7ffbb1c58000-7ffbb1c59000 ---p 00000000 00:00 0 
7ffbb1c59000-7ffbb233a000 rw-p 00000000 00:00 0 
7ffbb233a000-7ffbb3d12000 ---p 00000000 00:00 0 
7ffbb3d12000-7ffbb3d7a000 rw-p 00000000 00:00 0 
7ffbb3d7a000-7ffbb3d8a000 ---p 00000000 00:00 0 
7ffbb3d8a000-7ffbb3e52000 rw-p 00000000 00:00 0 
7ffbb3e52000-7ffbb418c000 ---p 00000000 00:00 0 
7ffbb418c000-7ffbb419a000 rw-p 00000000 00:00 0 
7ffbb419a000-7ffbb419b000 ---p 00000000 00:00 0 
7ffbb419b000-7ffbb4252000 rw-p 00000000 00:00 0 
7ffbb4252000-7ffbb458c000 ---p 00000000 00:00 0 
7ffbb458c000-7ffbb459a000 rw-p 00000000 00:00 0 
7ffbb459a000-7ffbb459b000 ---p 00000000 00:00 0 
7ffbb459b000-7ffbb47b3000 rw-p 00000000 00:00 0 
7ffbb47b3000-7ffbb488b000 ---p 00000000 00:00 0 
7ffbb488b000-7ffbb6a1b000 rwxp 00000000 00:00 0 
7ffbb6a1b000-7ffbbbdc3000 ---p 00000000 00:00 0 
7ffbbbdc3000-7ffbbc073000 rwxp 00000000 00:00 0 
7ffbbc073000-7ffbbc352000 ---p 00000000 00:00 0 
7ffbbc352000-7ffbbcca2000 rwxp 00000000 00:00 0 
7ffbbcca2000-7ffbc388b000 ---p 00000000 00:00 0 
7ffbc388b000-7ffbcc000000 r--s 00000000 fe:00 525455                     /root/.gradle/jdks/eclipse_adoptium-21-amd64-linux.2/lib/modules
7ffbcc000000-7ffbcd4c7000 rw-p 00000000 00:00 0 
7ffbcd4c7000-7ffbd0000000 ---p 00000000 00:00 0 
7ffbd0000000-7ffbd0001000 r--p 00000000 00:25 13897                      /usr/lib/locale/C.utf8/LC_MONETARY
7ffbd0001000-7ffbd0002000 r--p 00000000 00:25 13896                      /usr/lib/locale/C.utf8/LC_MESSAGES/SYS_LC_MESSAGES
7ffbd0002000-7ffbd0003000 r--p 00000000 00:25 13900                      /usr/lib/locale/C.utf8/LC_PAPER
7ffbd0003000-7ffbd0004000 r--p 00000000 00:25 13898                      /usr/lib/locale/C.utf8/LC_NAME
7ffbd0004000-7ffbd000b000 r--s 00000000 00:25 17585                      /usr/lib/x86_64-linux-gnu/gconv/gconv-modules.cache
7ffbd000b000-7ffbd004f000 rw-p 00000000 00:00 0 
7ffbd004f000-7ffbd00f6000 ---p 00000000 00:00 0 
7ffbd00f6000-7ffbd00fc000 rw-p 00000000 00:00 0 
7ffbd00fc000-7ffbd0102000 ---p 00000000 00:00 0 
7ffbd0102000-7ffbd010a000 rw-s 00000000 fe:00 527495                     /tmp/hsperfdata_root/2445
7ffbd010a000-7ffbd012a000 r-xp 00000000 fe:00 525457                     /root/.gradle/jdks/eclipse_adoptium-21-amd64-linux.2/lib/libjava.so
7ffbd012a000-7ffbd012b000 ---p 00020000 fe:00 525457                     /root/.gradle/jdks/eclipse_adoptium-21-amd64-linux.2/lib/libjava.so
7ffbd012b000-7ffbd012c000 r--p 00020000 fe:00 525457                     /root/.gradle/jdks/eclipse_adoptium-21-amd64-linux.2/lib/libjava.so
7ffbd012c000-7ffbd012d000 rw-p 00021000 fe:00 525457                     /root/.gradle/jdks/eclipse_adoptium-21-amd64-linux.2/lib/libjava.so
7ffbd012d000-7ffbd012e000 rw-p 00000000 00:00 0 
7ffbd012e000-7ffbd0138000 r-xp 00000000 fe:00 525460                     /root/.gradle/jdks/eclipse_adoptium-21-amd64-linux.2/lib/libinstrument.so
7ffbd0138000-7ffbd0139000 ---p 0000a000 fe:00 525460                     /root/.gradle/jdks/eclipse_adoptium-21-amd64-linux.2/lib/libinstrument.so
7ffbd0139000-7ffbd013a000 r--p 0000a000 fe:00 525460                     /root/.gradle/jdks/eclipse_adoptium-21-amd64-linux.2/lib/libinstrument.so
7ffbd013a000-7ffbd013b000 rw-p 0000b000 fe:00 525460                     /root/.gradle/jdks/eclipse_adoptium-21-amd64-linux.2/lib/libinstrument.so
7ffbd013b000-7ffbd0156000 r-xp 00000000 fe:00 525490                     /root/.gradle/jdks/eclipse_adoptium-21-amd64-linux.2/lib/libjimage.so
7ffbd0156000-7ffbd0157000 ---p 0001b000 fe:00 525490                     /root/.gradle/jdks/eclipse_adoptium-21-amd64-linux.2/lib/libjimage.so
7ffbd0157000-7ffbd0159000 r--p 0001b000 fe:00 525490                     /root/.gradle/jdks/eclipse_adoptium-21-amd64-linux.2/lib/libjimage.so
7ffbd0159000-7ffbd015a000 rw-p 0001d000 fe:00 525490                     /root/.gradle/jdks/eclipse_adoptium-21-amd64-linux.2/lib/libjimage.so
7ffbd015a000-7ffbd015e000 ---p 00000000 00:00 0 
7ffbd015e000-7ffbd025a000 rw-p 00000000 00:00 0 
7ffbd025a000-7ffbd026a000 r--p 00000000 00:25 18072                      /usr/lib/x86_64-linux-gnu/libm.so.6
7ffbd026a000-7ffbd02de000 r-xp 00010000 00:25 18072                      /usr/lib/x86_64-linux-gnu/libm.so.6
7ffbd02de000-7ffbd0338000 r--p 00084000 00:25 18072                      /usr/lib/x86_64-linux-gnu/libm.so.6
7ffbd0338000-7ffbd0339000 r--p 000dd000 00:25 18072                      /usr/lib/x86_64-linux-gnu/libm.so.6
7ffbd0339000-7ffbd033a000 rw-p 000de000 00:25 18072                      /usr/lib/x86_64-linux-gnu/libm.so.6
7ffbd033a000-7ffbd033b000 r--p 00000000 00:25 18187                      /usr/lib/x86_64-linux-gnu/librt.so.1
7ffbd033b000-7ffbd033c000 r-xp 00001000 00:25 18187                      /usr/lib/x86_64-linux-gnu/librt.so.1
7ffbd033c000-7ffbd033d000 r--p 00002000 00:25 18187                      /usr/lib/x86_64-linux-gnu/librt.so.1
7ffbd033d000-7ffbd033e000 r--p 00002000 00:25 18187                      /usr/lib/x86_64-linux-gnu/librt.so.1
7ffbd033e000-7ffbd033f000 rw-p 00003000 00:25 18187                      /usr/lib/x86_64-linux-gnu/librt.so.1
7ffbd033f000-7ffbd174e000 r-xp 00000000 fe:00 525507                     /root/.gradle/jdks/eclipse_adoptium-21-amd64-linux.2/lib/server/libjvm.so
7ffbd174e000-7ffbd174f000 ---p 0140f000 fe:00 525507                     /root/.gradle/jdks/eclipse_adoptium-21-amd64-linux.2/lib/server/libjvm.so
7ffbd174f000-7ffbd1823000 r--p 0140f000 fe:00 525507                     /root/.gradle/jdks/eclipse_adoptium-21-amd64-linux.2/lib/server/libjvm.so
7ffbd1823000-7ffbd1853000 rw-p 014e3000 fe:00 525507                     /root/.gradle/jdks/eclipse_adoptium-21-amd64-linux.2/lib/server/libjvm.so
7ffbd1853000-7ffbd18bb000 rw-p 00000000 00:00 0 
7ffbd18bb000-7ffbd18e1000 r--p 00000000 00:25 17860                      /usr/lib/x86_64-linux-gnu/libc.so.6
7ffbd18e1000-7ffbd1a37000 r-xp 00026000 00:25 17860                      /usr/lib/x86_64-linux-gnu/libc.so.6
7ffbd1a37000-7ffbd1a8a000 r--p 0017c000 00:25 17860                      /usr/lib/x86_64-linux-gnu/libc.so.6
7ffbd1a8a000-7ffbd1a8e000 r--p 001cf000 00:25 17860                      /usr/lib/x86_64-linux-gnu/libc.so.6
7ffbd1a8e000-7ffbd1a90000 rw-p 001d3000 00:25 17860                      /usr/lib/x86_64-linux-gnu/libc.so.6
7ffbd1a90000-7ffbd1a9d000 rw-p 00000000 00:00 0 
7ffbd1a9d000-7ffbd1a9e000 r--p 00000000 00:25 17909                      /usr/lib/x86_64-linux-gnu/libdl.so.2
7ffbd1a9e000-7ffbd1a9f000 r-xp 00001000 00:25 17909                      /usr/lib/x86_64-linux-gnu/libdl.so.2
7ffbd1a9f000-7ffbd1aa0000 r--p 00002000 00:25 17909                      /usr/lib/x86_64-linux-gnu/libdl.so.2
7ffbd1aa0000-7ffbd1aa1000 r--p 00002000 00:25 17909                      /usr/lib/x86_64-linux-gnu/libdl.so.2
7ffbd1aa1000-7ffbd1aa2000 rw-p 00003000 00:25 17909                      /usr/lib/x86_64-linux-gnu/libdl.so.2
7ffbd1aa2000-7ffbd1aa3000 r--p 00000000 00:25 18162                      /usr/lib/x86_64-linux-gnu/libpthread.so.0
7ffbd1aa3000-7ffbd1aa4000 r-xp 00001000 00:25 18162                      /usr/lib/x86_64-linux-gnu/libpthread.so.0
7ffbd1aa4000-7ffbd1aa5000 r--p 00002000 00:25 18162                      /usr/lib/x86_64-linux-gnu/libpthread.so.0
7ffbd1aa5000-7ffbd1aa6000 r--p 00002000 00:25 18162                      /usr/lib/x86_64-linux-gnu/libpthread.so.0
7ffbd1aa6000-7ffbd1aa7000 rw-p 00003000 00:25 18162                      /usr/lib/x86_64-linux-gnu/libpthread.so.0
7ffbd1aa7000-7ffbd1aa8000 r--p 00000000 00:25 13891                      /usr/lib/locale/C.utf8/LC_ADDRESS
7ffbd1aa8000-7ffbd1aa9000 r--p 00000000 00:25 13901                      /usr/lib/locale/C.utf8/LC_TELEPHONE
7ffbd1aa9000-7ffbd1aaa000 r--p 00000000 00:25 13895                      /usr/lib/locale/C.utf8/LC_MEASUREMENT
7ffbd1aaa000-7ffbd1aab000 r--p 00000000 00:25 13894                      /usr/lib/locale/C.utf8/LC_IDENTIFICATION
7ffbd1aab000-7ffbd1aac000 ---p 00000000 00:00 0 
7ffbd1aac000-7ffbd1aad000 r--p 00000000 00:00 0 
7ffbd1aad000-7ffbd1aae000 ---p 00000000 00:00 0 
7ffbd1aae000-7ffbd1ac7000 r-xp 00000000 fe:00 525462                     /root/.gradle/jdks/eclipse_adoptium-21-amd64-linux.2/lib/libjli.so
7ffbd1ac7000-7ffbd1ac8000 r--p 00018000 fe:00 525462                     /root/.gradle/jdks/eclipse_adoptium-21-amd64-linux.2/lib/libjli.so
7ffbd1ac8000-7ffbd1ac9000 rw-p 00019000 fe:00 525462                     /root/.gradle/jdks/eclipse_adoptium-21-amd64-linux.2/lib/libjli.so
7ffbd1ac9000-7ffbd1acb000 rw-p 00000000 00:00 0 
7ffbd1acb000-7ffbd1acc000 r--p 00000000 00:25 17646                      /usr/lib/x86_64-linux-gnu/ld-linux-x86-64.so.2
7ffbd1acc000-7ffbd1af2000 r-xp 00001000 00:25 17646                      /usr/lib/x86_64-linux-gnu/ld-linux-x86-64.so.2
7ffbd1af2000-7ffbd1afc000 r--p 00027000 00:25 17646                      /usr/lib/x86_64-linux-gnu/ld-linux-x86-64.so.2
7ffbd1afc000-7ffbd1afe000 r--p 00031000 00:25 17646                      /usr/lib/x86_64-linux-gnu/ld-linux-x86-64.so.2
7ffbd1afe000-7ffbd1b00000 rw-p 00033000 00:25 17646                      /usr/lib/x86_64-linux-gnu/ld-linux-x86-64.so.2
7fffffdb7000-7fffffdd8000 rw-p 00000000 00:00 0                          [stack]
7fffffde1000-7fffffde4000 r--p 00000000 00:00 0                          [vvar]
7fffffde4000-7fffffde6000 r-xp 00000000 00:00 0                          [vdso]
ffffffffff600000-ffffffffff601000 r-xp 00000000 00:00 0                  [vsyscall]
Total number of mappings: 423


VM Arguments:
jvm_args: --add-opens=java.base/java.lang=ALL-UNNAMED --add-opens=java.base/java.lang.invoke=ALL-UNNAMED --add-opens=java.base/java.util=ALL-UNNAMED --add-opens=java.prefs/java.util.prefs=ALL-UNNAMED --add-exports=jdk.compiler/com.sun.tools.javac.api=ALL-UNNAMED --add-exports=jdk.compiler/com.sun.tools.javac.util=ALL-UNNAMED --add-opens=java.base/java.util=ALL-UNNAMED --add-opens=java.prefs/java.util.prefs=ALL-UNNAMED --add-opens=java.base/java.nio.charset=ALL-UNNAMED --add-opens=java.base/java.net=ALL-UNNAMED --add-opens=java.base/java.util.concurrent=ALL-UNNAMED --add-opens=java.base/java.util.concurrent.atomic=ALL-UNNAMED --add-opens=java.xml/javax.xml.namespace=ALL-UNNAMED --add-opens=java.base/java.time=ALL-UNNAMED -Xmx2048m -Dfile.encoding=UTF-8 -Duser.country -Duser.language=en -Duser.variant -javaagent:/root/.gradle/wrapper/dists/gradle-9.3.1-bin/23ovyewtku6u96viwx3xl3oks/gradle-9.3.1/lib/agents/gradle-instrumentation-agent-9.3.1.jar 
java_command: org.gradle.launcher.daemon.bootstrap.GradleDaemon 9.3.1
java_class_path (initial): /root/.gradle/wrapper/dists/gradle-9.3.1-bin/23ovyewtku6u96viwx3xl3oks/gradle-9.3.1/lib/gradle-daemon-main-9.3.1.jar
Launcher Type: SUN_STANDARD

[Global flags]
     intx CICompilerCount                          = 2                                         {product} {ergonomic}
     uint ConcGCThreads                            = 1                                         {product} {ergonomic}
     uint G1ConcRefinementThreads                  = 2                                         {product} {ergonomic}
   size_t G1HeapRegionSize                         = 1048576                                   {product} {ergonomic}
    uintx GCDrainStackTargetSize                   = 64                                        {product} {ergonomic}
   size_t InitialHeapSize                          = 33554432                                  {product} {ergonomic}
   size_t MarkStackSize                            = 4194304                                   {product} {ergonomic}
   size_t MaxHeapSize                              = 2147483648                                {product} {command line}
   size_t MaxNewSize                               = 1287651328                                {product} {ergonomic}
   size_t MinHeapDeltaBytes                        = 1048576                                   {product} {ergonomic}
   size_t MinHeapSize                              = 8388608                                   {product} {ergonomic}
    uintx NonNMethodCodeHeapSize                   = 5826188                                {pd product} {ergonomic}
    uintx NonProfiledCodeHeapSize                  = 122916026                              {pd product} {ergonomic}
    uintx ProfiledCodeHeapSize                     = 122916026                              {pd product} {ergonomic}
    uintx ReservedCodeCacheSize                    = 251658240                              {pd product} {ergonomic}
     bool SegmentedCodeCache                       = true                                      {product} {ergonomic}
   size_t SoftMaxHeapSize                          = 2147483648                             {manageable} {ergonomic}
     bool UseCompressedOops                        = true                           {product lp64_product} {ergonomic}
     bool UseG1GC                                  = true                                      {product} {ergonomic}

Logging:
Log output configuration:
 #0: stdout all=warning uptime,level,tags foldmultilines=false
 #1: stderr all=off uptime,level,tags foldmultilines=false

Environment Variables:
PATH=/usr/local/sbin:/usr/local/bin:/usr/sbin:/usr/bin:/sbin:/bin
SHELL=/bin/bash
LANG=C.UTF-8
LC_ALL=C.UTF-8
TERM=tmux-256color

Active Locale:
LC_ALL=C.UTF-8
LC_COLLATE=C.UTF-8
LC_CTYPE=C.UTF-8
LC_MESSAGES=C.UTF-8
LC_MONETARY=C.UTF-8
LC_NUMERIC=C.UTF-8
LC_TIME=C.UTF-8

Signal Handlers:
   SIGSEGV: crash_handler in libjvm.so, mask=11100100010111111101111111111110, flags=SA_RESTART|SA_SIGINFO, unblocked
    SIGBUS: crash_handler in libjvm.so, mask=11100100010111111101111111111110, flags=SA_RESTART|SA_SIGINFO, unblocked
    SIGFPE: crash_handler in libjvm.so, mask=11100100010111111101111111111110, flags=SA_RESTART|SA_SIGINFO, unblocked
   SIGPIPE: javaSignalHandler in libjvm.so, mask=11100100010111111101111111111110, flags=SA_RESTART|SA_SIGINFO, unblocked
   SIGXFSZ: javaSignalHandler in libjvm.so, mask=11100100010111111101111111111110, flags=SA_RESTART|SA_SIGINFO, unblocked
    SIGILL: crash_handler in libjvm.so, mask=11100100010111111101111111111110, flags=SA_RESTART|SA_SIGINFO, unblocked
   SIGUSR2: SR_handler in libjvm.so, mask=00100000000000000000000000000000, flags=SA_RESTART|SA_SIGINFO, unblocked
    SIGHUP: UserHandler in libjvm.so, mask=11100100010111111101111111111110, flags=SA_RESTART|SA_SIGINFO, unblocked
    SIGINT: UserHandler in libjvm.so, mask=11100100010111111101111111111110, flags=SA_RESTART|SA_SIGINFO, unblocked
   SIGTERM: UserHandler in libjvm.so, mask=11100100010111111101111111111110, flags=SA_RESTART|SA_SIGINFO, unblocked
   SIGQUIT: UserHandler in libjvm.so, mask=11100100010111111101111111111110, flags=SA_RESTART|SA_SIGINFO, blocked
   SIGTRAP: crash_handler in libjvm.so, mask=11100100010111111101111111111110, flags=SA_RESTART|SA_SIGINFO, unblocked


Periodic native trim disabled

---------------  S Y S T E M  ---------------

OS:
PRETTY_NAME="Debian GNU/Linux 12 (bookworm)"
NAME="Debian GNU/Linux"
VERSION_ID="12"
VERSION="12 (bookworm)"
VERSION_CODENAME=bookworm
ID=debian
HOME_URL="https://www.debian.org/"
SUPPORT_URL="https://www.debian.org/support"
BUG_REPORT_URL="https://bugs.debian.org/"
uname: Linux 4.19.91-c8dfc93.al7.x86_64 #1 SMP Tue Sep 26 10:25:51 UTC 2023 x86_64
OS uptime: 0 days 0:22 hours
libc: glibc 2.36 NPTL 2.36 
rlimit (soft/hard): STACK 8192k/infinity , CORE 0k/0k , NPROC 100000/100000 , NOFILE 100000/100000 , AS infinity/infinity , CPU infinity/infinity , DATA infinity/infinity , FSIZE infinity/infinity , MEMLOCK 64k/64k
load average: 4.59 2.50 1.16

/proc/meminfo:
MemTotal:        2152516 kB
MemFree:           22580 kB
MemAvailable:          0 kB
Buffers:             120 kB
Cached:             6004 kB
SwapCached:            0 kB
Active:          2048212 kB
Inactive:           2944 kB
Active(anon):    2045320 kB
Inactive(anon):       16 kB
Active(file):       2892 kB
Inactive(file):     2928 kB
Unevictable:           0 kB
Mlocked:               0 kB
SwapTotal:             0 kB
SwapFree:              0 kB
Dirty:               100 kB
Writeback:             0 kB
AnonPages:       2045304 kB
Mapped:             4500 kB
Shmem:                32 kB
Slab:              28964 kB
SReclaimable:      16196 kB
SUnreclaim:        12768 kB
KernelStack:        3248 kB
PageTables:         5936 kB
NFS_Unstable:          0 kB
Bounce:                0 kB
WritebackTmp:          0 kB
CommitLimit:     1076256 kB
Committed_AS:    2219464 kB
VmallocTotal:   34359738367 kB
VmallocUsed:           0 kB
VmallocChunk:          0 kB
Percpu:              400 kB
AnonHugePages:    509952 kB
ShmemHugePages:        0 kB
ShmemPmdMapped:        0 kB
HugePages_Total:       0
HugePages_Free:        0
HugePages_Rsvd:        0
HugePages_Surp:        0
Hugepagesize:       2048 kB
Hugetlb:               0 kB
DirectMap4k:       10240 kB
DirectMap2M:     2521088 kB
DirectMap1G:           0 kB

/sys/kernel/mm/transparent_hugepage/enabled: [always] madvise never
/sys/kernel/mm/transparent_hugepage/hpage_pmd_size: 2097152
/sys/kernel/mm/transparent_hugepage/defrag (defrag/compaction efforts parameter): always defer defer+madvise madvise [never]

Process Memory:
Virtual Size: 4842208K (peak: 4842236K)
Resident Set Size: 729944K (peak: 729944K) (anon: 729944K, file: 0K, shmem: 0K)
Swapped out: 0K
C-Heap outstanding allocations: 102508K, retained: 45823K
glibc malloc tunables: (default)

/proc/sys/kernel/threads-max (system-wide limit on the number of threads): 1129
/proc/sys/vm/max_map_count (maximum number of memory map areas a process may have): 65530
/proc/sys/vm/swappiness (control to define how aggressively the kernel swaps out anonymous memory): 60
/proc/sys/kernel/pid_max (system-wide limit on number of process identifiers): 32768

container (cgroup) information:
container_type: cgroupv1
cpu_cpuset_cpus: 0-1
cpu_memory_nodes: 0
active_processor_count: 2
cpu_quota: no quota
cpu_period: 100000
cpu_shares: 12288
memory_limit_in_bytes: 2097152 k
memory_and_swap_limit_in_bytes: unlimited
memory_soft_limit_in_bytes: unlimited
memory_usage_in_bytes: 2066628 k
memory_max_usage_in_bytes: 2070424 k
kernel_memory_limit_in_bytes: unlimited
kernel_memory_usage_in_bytes: 25368 k
kernel_memory_max_usage_in_bytes: 164252 k
maximum number of tasks: unlimited
current number of tasks: 127

KVM virtualization detected
Steal ticks since vm start: 9358
Steal ticks percentage since vm start:  0.257

CPU: total 2 (initial active 2) (2 cores per cpu, 1 threads per core) family 6 model 85 stepping 7 microcode 0x1, cx8, cmov, fxsr, mmx, 3dnowpref, sse, sse2, sse3, ssse3, sse4.1, sse4.2, popcnt, lzcnt, tsc, tscinvbit, avx, avx2, aes, erms, clmul, bmi1, bmi2, adx, avx512f, avx512dq, avx512cd, avx512bw, avx512vl, fma, vzeroupper, avx512_vnni, clflush, clflushopt, clwb, hv, rdtscp, f16c
CPU Model and flags from /proc/cpuinfo:
model name	: Intel(R) Xeon(R) Processor @ 2.50GHz
flags		: fpu vme de pse tsc msr pae mce cx8 apic sep mtrr pge mca cmov pat pse36 clflush mmx fxsr sse sse2 ss ht syscall nx pdpe1gb rdtscp lm constant_tsc rep_good nopl xtopology nonstop_tsc cpuid tsc_known_freq pni pclmulqdq ssse3 fma cx16 pcid sse4_1 sse4_2 x2apic movbe popcnt tsc_deadline_timer aes xsave avx f16c rdrand hypervisor lahf_lm abm 3dnowprefetch cpuid_fault invpcid_single ssbd ibrs ibpb stibp ibrs_enhanced fsgsbase tsc_adjust bmi1 avx2 smep bmi2 erms invpcid mpx avx512f avx512dq rdseed adx smap clflushopt clwb avx512cd avx512bw avx512vl xsaveopt xsavec xgetbv1 xsaves umip avx512_vnni md_clear arch_capabilities

Online cpus: 0-1
Offline cpus: 
BIOS frequency limitation: <Not Available>
Frequency switch latency (ns): <Not Available>
Available cpu frequencies: <Not Available>
Current governor: <Not Available>
Core performance/turbo boost: <Not Available>

Memory: 4k page, physical 2097152k(29628k free), swap 0k(0k free)
Page Sizes: 4k

vm_info: OpenJDK 64-Bit Server VM (21.0.7+6-LTS) for linux-amd64 JRE (21.0.7+6-LTS), built on 2025-04-15T00:00:00Z by "admin" with gcc 11.3.0

END.
